# energy,mu_vm,pi_pi0,pi_pi_pi,pi0_e_ve,pi0_mu_vm,pi_pi0_pi0
2.468382355356611e-02,3.847219320739123e-08,9.459573052431011e-09,5.076216261887710e-09,0.000000000000000e+00,1.311220838689318e-09,5.509132142365539e-10
2.514365826174708e-02,3.991821708050288e-08,9.815168044085793e-09,5.267065235749486e-09,0.000000000000000e+00,1.360513822637114e-09,5.716255140425156e-10
2.561205922622092e-02,4.141857750567376e-08,1.018412765202029e-08,5.465088684186787e-09,0.000000000000000e+00,1.411659587643397e-09,5.931164268636054e-10
2.608918602769255e-02,4.297531546407138e-08,1.056695402358397e-08,5.670556266538263e-09,0.000000000000000e+00,1.464727757327355e-09,6.154152168901199e-10
2.657520121969428e-02,4.459054855443475e-08,1.096416816494475e-08,5.883747774891879e-09,0.000000000000000e+00,1.519790570644837e-09,6.385522479064777e-10
2.707027038396657e-02,4.626647386667553e-08,1.137631064888359e-08,6.104953514683307e-09,0.000000000000000e+00,1.576922980075263e-09,6.625590245910197e-10
2.757456218687054e-02,4.800537096310749e-08,1.180394234912648e-08,6.334474699581472e-09,0.000000000000000e+00,1.636202753491557e-09,6.874682353660075e-10
2.808824843685128e-02,4.980960497132792e-08,1.224764520220736e-08,6.572623861197098e-09,0.000000000000000e+00,1.697710579851137e-09,7.133137968559680e-10
2.861150414297174e-02,5.168162979292292e-08,1.270802299789224e-08,6.819725274170062e-09,0.000000000000000e+00,1.761530178851018e-09,7.401309000146802e-10
2.914450757453700e-02,5.362399143232530e-08,1.318570219923377e-08,7.076115397212388e-09,0.000000000000000e+00,1.827748414695567e-09,7.679560579833747e-10
2.968744032182927e-02,5.563933145031348e-08,1.368133279336516e-08,7.342143330705101e-09,0.000000000000000e+00,1.896455414130931e-09,7.968271557450661e-10
3.024048735797437e-02,5.773039054680865e-08,1.419558917418357e-08,7.618171291469716e-09,0.000000000000000e+00,1.967744688905899e-09,8.267835016423349e-10
3.080383710196066e-02,5.990001227779924e-08,1.472917105811650e-08,7.904575105358252e-09,0.000000000000000e+00,2.041713262824994e-09,8.578658808284364e-10
3.137768148283203e-02,6.215114691140279e-08,1.528280443420879e-08,8.201744718329944e-09,0.000000000000000e+00,2.118461803565741e-09,8.901166107242173e-10
3.196221600507661e-02,6.448685542826007e-08,1.585724254981428e-08,8.510084726707553e-09,0.000000000000000e+00,2.198094759438448e-09,9.235795985559938e-10
3.255763981523378e-02,6.691031367165257e-08,1.645326693322400e-08,8.830014927332450e-09,0.000000000000000e+00,2.280720501273629e-09,9.583004010524335e-10
3.316415576974183e-02,6.942481665293103e-08,1.707168845461252e-08,9.161970888364327e-09,0.000000000000000e+00,2.366451469628926e-09,9.943262863813330e-10
3.378197050404964e-02,7.203378301805406e-08,1.771334842673543e-08,9.506404541499339e-09,0.000000000000000e+00,2.455404327514729e-09,1.031706298410245e-09
3.441129450301591e-02,7.474075968124959e-08,1.837911974686463e-08,9.863784796409559e-09,0.000000000000000e+00,2.547700118844997e-09,1.070491323378051e-09
3.505234217261966e-02,7.754942663203576e-08,1.906990808150347e-08,1.023459817823649e-08,0.000000000000000e+00,2.643464432827613e-09,1.110734159067807e-09
3.570533191300684e-02,8.046360192206987e-08,1.978665309548087e-08,1.061934948900272e-08,0.000000000000000e+00,2.742827574516452e-09,1.152489586574609e-09
3.637048619289757e-02,8.348724683853478e-08,2.053032972708399e-08,1.101856249383793e-08,0.000000000000000e+00,2.845924741755843e-09,1.195814444765689e-09
3.704803162537961e-02,8.662447127102006e-08,2.130194951095002e-08,1.143278063294923e-08,0.000000000000000e+00,2.952896208756496e-09,1.240767707533629e-09
3.773819904511368e-02,8.987953927911528e-08,2.210256195050216e-08,1.186256776030030e-08,0.000000000000000e+00,3.063887516551050e-09,1.287410563947294e-09
3.844122358697718e-02,9.325687486819953e-08,2.293325594178151e-08,1.230850891000018e-08,0.000000000000000e+00,3.179049670586579e-09,1.335806501409089e-09
3.915734476617283e-02,9.676106798119004e-08,2.379516125059537e-08,1.277121109143972e-08,0.000000000000000e+00,3.298539345721012e-09,1.386021391931098e-09
3.988680655982973e-02,1.003968807142999e-07,2.468945004497373e-08,1.325130411425271e-08,0.000000000000000e+00,3.422519098900366e-09,1.438123581646946e-09
4.062985749012454e-02,1.041692537651547e-07,2.561733848500052e-08,1.374944144421882e-08,0.000000000000000e+00,3.551157589804072e-09,1.492183983680578e-09
4.138675070895111e-02,1.080833131219268e-07,2.658008837216250e-08,1.426630109126730e-08,0.000000000000000e+00,3.684629809756290e-09,1.548276174497632e-09
4.215774408416748e-02,1.121443770024670e-07,2.757900886043893e-08,1.480258653078393e-08,0.000000000000000e+00,3.823117319212303e-09,1.606476493869871e-09
4.294310028744946e-02,1.163579630527483e-07,2.861545823143736e-08,1.535902765946816e-08,0.000000000000000e+00,3.966808494140586e-09,1.666864148587900e-09
4.374308688378100e-02,1.207297958142770e-07,2.969084573596739e-08,1.593638178703436e-08,0.000000000000000e+00,4.115898781633019e-09,1.729521320062548e-09
4.455797642261148e-02,1.252658144704909e-07,3.080663350453214e-08,1.653543466509963e-08,0.000000000000000e+00,4.270590965088232e-09,1.794533275960476e-09
4.538804653071132e-02,1.299721808825288e-07,3.196433852931096e-08,1.715700155464991e-08,0.000000000000000e+00,4.431095439325781e-09,1.861988486025022e-09
4.623358000675737e-02,1.348552879251455e-07,3.316553472030069e-08,1.780192833352940e-08,0.000000000000000e+00,4.597630496002353e-09,1.931978742238972e-09
4.709486491768023e-02,1.399217681339413e-07,3.441185503838381e-08,1.847109264545109e-08,0.000000000000000e+00,4.770422619714750e-09,2.004599283491712e-09
4.797219469680657e-02,1.451785026754918e-07,3.570499370819319e-08,1.916540509208275e-08,0.000000000000000e+00,4.949706795189087e-09,2.079948924919386e-09
4.886586824382964e-02,1.506326306523892e-07,3.704670851375087e-08,1.988581046982083e-08,0.000000000000000e+00,5.135726825970207e-09,2.158130192092885e-09
4.977619002664212e-02,1.562915587556535e-07,3.843882317996827e-08,2.063328905292458e-08,0.000000000000000e+00,5.328735665040849e-09,2.239249460235097e-09
5.070347018506616e-02,1.621629712774313e-07,3.988322984321013e-08,2.140885792474531e-08,0.000000000000000e+00,5.528995757816127e-09,2.323417098655549e-09
5.164802463651556e-02,1.682548404973770e-07,4.138189161424357e-08,2.221357235885055e-08,0.000000000000000e+00,5.736779397975359e-09,2.410747620597631e-09
5.261017518362659e-02,1.745754374566074e-07,4.293684523701648e-08,2.304852725190993e-08,0.000000000000000e+00,5.952369096610594e-09,2.501359838700905e-09
5.359024962389364e-02,1.811333431336323e-07,4.455020384683763e-08,2.391485861027921e-08,0.000000000000000e+00,6.176057965188823e-09,2.595377026288438e-09
5.458858186134753e-02,1.879374600371984e-07,4.622415983166386e-08,2.481374509229132e-08,0.000000000000000e+00,6.408150112843668e-09,2.692927084697115e-09
5.560551202031390e-02,1.949970242315297e-07,4.796098780033593e-08,2.574640960833809e-08,0.000000000000000e+00,6.648961058531024e-09,2.794142716876795e-09
5.664138656129118e-02,2.023216178100273e-07,4.976304766174813e-08,2.671412098090401e-08,0.000000000000000e+00,6.898818158603581e-09,2.899161607492808e-09
5.769655839898705e-02,2.099211818340755e-07,5.163278781908495e-08,2.771819566679412e-08,0.000000000000000e+00,7.158061050379275e-09,3.008126609774872e-09
5.877138702255383e-02,2.178060297542190e-07,5.357274848340926e-08,2.875999954388173e-08,0.000000000000000e+00,7.427042112300367e-09,3.121185939364650e-09
5.986623861806373e-02,2.259868613316160e-07,5.558556511104756e-08,2.984094976478820e-08,0.000000000000000e+00,7.706126941301894e-09,3.238493375423542e-09
6.098148619326578e-02,2.344747770783216e-07,5.767397196938114e-08,3.096251667999697e-08,0.000000000000000e+00,7.995694848031302e-09,3.360208469272102e-09
6.211750970466668e-02,2.432812932356513e-07,5.984080583582325e-08,3.212622583299760e-08,0.000000000000000e+00,8.296139370584758e-09,3.486496760842427e-09
6.327469618697920e-02,2.524183573105732e-07,6.208900983493872e-08,3.333366003015182e-08,0.000000000000000e+00,8.607868807450526e-09,3.617530003235602e-09
6.445343988498201e-02,2.618983641908191e-07,6.442163741884705e-08,3.458646148807431e-08,0.000000000000000e+00,8.931306770375186e-09,3.753486395686894e-09
6.565414238783589e-02,2.717341728601586e-07,6.684185649623901e-08,3.588633406142457e-08,0.000000000000000e+00,9.266892757895331e-09,3.894550825252852e-09
6.687721276590221e-02,2.819391237360766e-07,6.935295371553466e-08,3.723504555411468e-08,0.000000000000000e+00,9.615082750304518e-09,4.040915117546044e-09
6.812306771011009e-02,2.925270566529052e-07,7.195833890791501e-08,3.863443011704872e-08,0.000000000000000e+00,9.976349826854172e-09,4.192778296855389e-09
6.939213167391992e-02,3.035123295143120e-07,7.466154969617119e-08,4.008639073562687e-08,0.000000000000000e+00,1.035118480601662e-08,4.350346856002495e-09
7.068483701793145e-02,3.149098376399227e-07,7.746625627553483e-08,4.159290181036619e-08,0.000000000000000e+00,1.074009690966889e-08,4.513835036297583e-09
7.200162415718582e-02,3.267350338317645e-07,8.037626637288116e-08,4.315601183411610e-08,0.000000000000000e+00,1.114361445208816e-08,4.683465117971990e-09
7.334294171121170e-02,3.390039491871644e-07,8.339553039093234e-08,4.477784616947486e-08,0.000000000000000e+00,1.156228555468227e-08,4.859467721478353e-09
7.470924665686654e-02,3.517332146857029e-07,8.652814674433233e-08,4.646060993014844e-08,0.000000000000000e+00,1.199667888741346e-08,5.042082120064018e-09
7.610100448402522e-02,3.649400835788463e-07,8.977836739471983e-08,4.820659097013173e-08,0.000000000000000e+00,1.244738443790812e-08,5.231556564038409e-09
7.751868935416906e-02,3.786424546119240e-07,9.315060359218800e-08,5.001816298473673e-08,0.000000000000000e+00,1.291501430928321e-08,5.428148617170667e-09
7.896278426192883e-02,3.928588961091956e-07,9.664943183078982e-08,5.189778872764102e-08,0.000000000000000e+00,1.340020354775693e-08,5.632125505669977e-09
8.043378119963768e-02,4.076086709539007e-07,1.002796000260353e-07,5.384802334828698e-08,0.000000000000000e+00,1.390361100115170e-08,5.843764480218112e-09
8.193218132494906e-02,4.229117624963185e-07,1.040460339226147e-07,5.587151785412043e-08,0.000000000000000e+00,1.442592020943776e-08,6.063353191540757e-09
8.345849513157751e-02,4.387889014241008e-07,1.079538437408872e-07,5.797102270232701e-08,0.000000000000000e+00,1.496784032850870e-08,6.291190080022611e-09
8.501324262321996e-02,4.552615936303754e-07,1.120083310709896e-07,6.014939152589422e-08,0.000000000000000e+00,1.553010708842373e-08,6.527584779889728e-09
8.659695349071718e-02,4.723521491164204e-07,1.162149960237437e-07,6.240958499901070e-08,0.000000000000000e+00,1.611348378739741e-08,6.772858538502169e-09
8.821016729251541e-02,4.900837119670504e-07,1.205795446478800e-07,6.475467484699565e-08,0.000000000000000e+00,1.671876232286488e-08,7.027344651320139e-09
8.985343363848994e-02,5.084802914382477e-07,1.251078966234456e-07,6.718784800614827e-08,0.000000000000000e+00,1.734676426099940e-08,7.291388913127571e-09
9.152731237719304e-02,5.275667941980092e-07,1.298061932416230e-07,6.971241093910344e-08,0.000000000000000e+00,1.799834194610995e-08,7.565350086118972e-09
9.323237378659024e-02,5.473690577628809e-07,1.346808056815713e-07,7.233179411149060e-08,0.000000000000000e+00,1.867437965139937e-08,7.849600385477573e-09
9.496919876834969e-02,5.679138851741811e-07,1.397383435952778e-07,7.504955663590436e-08,0.000000000000000e+00,1.937579477261782e-08,8.144525983096333e-09
9.673837904575107e-02,5.892290809595311e-07,1.449856640118243e-07,7.786939108942138e-08,0.000000000000000e+00,2.010353906620323e-08,8.450527530117294e-09
9.854051736528126e-02,6.113434884269628e-07,1.504298805728816e-07,8.079512851112615e-08,0.000000000000000e+00,2.085859993355891e-08,8.768020698989944e-09
1.003762277019856e-01,6.342870283405847e-07,1.560783731116834e-07,8.383074358635038e-08,0.000000000000000e+00,2.164200175317891e-08,9.097436745775074e-09
1.022461354686444e-01,6.580907390285774e-07,1.619387975881785e-07,8.698036002457739e-08,0.000000000000000e+00,2.245480726239533e-08,9.439223093447645e-09
1.041508777288467e-01,6.827868179761178e-07,1.680190963935248e-07,9.024825613822117e-08,0.000000000000000e+00,2.329811899058658e-08,9.793843936979959e-09
1.060911034140331e-01,7.084086649577513e-07,1.743275090375720e-07,9.363887062975630e-08,0.000000000000000e+00,2.417308074575318e-08,1.016178087101531e-08
1.080674735445812e-01,7.349909267656957e-07,1.808725832334779e-07,9.715680859495187e-08,0.000000000000000e+00,2.508087915643819e-08,1.054353354097244e-08
1.100806614550113e-01,7.625695435926035e-07,1.876631863941210e-07,1.008068477502498e-07,0.000000000000000e+00,2.602274527104138e-08,1.093962031845198e-08
1.121313530233854e-01,7.911817971294434e-07,1.947085175555077e-07,1.045939448926239e-07,0.000000000000000e+00,2.699995621665226e-08,1.135057900184832e-08
1.142202469049817e-01,8.208663604413227e-07,2.020181197429292e-07,1.085232426005670e-07,0.000000000000000e+00,2.801383691960424e-08,1.177696754310386e-08
1.163480547703204e-01,8.516633496863742e-07,2.096018927961944e-07,1.126000761851700e-07,0.000000000000000e+00,2.906576189003368e-08,1.221936480157705e-08
1.185155015476250e-01,8.836143777451561e-07,2.174701066708679e-07,1.168299809005904e-07,0.000000000000000e+00,3.015715707281130e-08,1.267837132603147e-08
1.207233256698000e-01,9.167626098304523e-07,2.256334152330494e-07,1.212186994235494e-07,0.000000000000000e+00,3.128950176729908e-08,1.315461016579062e-08
1.229722793260089e-01,9.511528211498794e-07,2.341028705658813e-07,1.257721896118562e-07,0.000000000000000e+00,3.246433061847769e-08,1.364872771214129e-08
1.252631287179402e-01,9.868314566963140e-07,2.428899378066237e-07,1.304966325523205e-07,0.000000000000000e+00,3.368323568208072e-08,1.416139457110864e-08
1.275966543208457e-01,1.023846693243837e-06,2.520065105338278e-07,1.353984409088051e-07,0.000000000000000e+00,3.494786856646932e-08,1.469330646876735e-08
1.299736511494435e-01,1.062248503629698e-06,2.614649267248477e-07,1.404842675815600e-07,0.000000000000000e+00,3.625994265408131e-08,1.524518519029603e-08
1.323949290287729e-01,1.102088723405687e-06,2.712779853046642e-07,1.457610146893943e-07,0.000000000000000e+00,3.762123540539101e-08,1.581777955402699e-08
1.348613128700960e-01,1.143421119945270e-06,2.814589633077585e-07,1.512358428866665e-07,0.000000000000000e+00,3.903359074842490e-08,1.641186642178881e-08
1.373736429519388e-01,1.186301464095981e-06,2.920216336755616e-07,1.569161810275159e-07,0.000000000000000e+00,4.049892155698820e-08,1.702825174688777e-08
1.399327752063676e-01,1.230787604469709e-06,3.029802837128239e-07,1.628097361902161e-07,0.000000000000000e+00,4.201921222087362e-08,1.766777166112319e-08
1.425395815105991e-01,1.276939544466878e-06,3.143497342270905e-07,1.689245040750021e-07,0.000000000000000e+00,4.359652131144134e-08,1.833129360228302e-08
1.451949499840419e-01,1.324819522133902e-06,3.261453593763519e-07,1.752687797892213e-07,0.000000000000000e+00,4.523298434608468e-08,1.901971748361957e-08
1.478997852908725e-01,1.374492092956899e-06,3.383831072508392e-07,1.818511690341594e-07,0.000000000000000e+00,4.693081665522255e-08,1.973397690686015e-08
1.506550089482475e-01,1.426024215698219e-06,3.510795212158760e-07,1.886805997084264e-07,0.000000000000000e+00,4.869231635559267e-08,2.047504042036418e-08
1.534615596402577e-01,1.479485341386257e-06,3.642517620436720e-07,1.957663339433328e-07,0.000000000000000e+00,5.051986743375672e-08,2.124391282409835e-08
1.563203935377306e-01,1.534947505572829e-06,3.779176308629476e-07,2.031179805862520e-07,0.000000000000000e+00,5.241594294387192e-08,2.204163652316175e-08
1.592324846239907e-01,1.592485423976525e-06,3.920955929563223e-07,2.107455081485541e-07,0.000000000000000e+00,5.438310832392814e-08,2.286929293165729e-08
1.621988250266884e-01,1.652176591634620e-06,4.068048024364800e-07,2.186592582353044e-07,0.000000000000000e+00,5.642402483480566e-08,2.372800392877083e-08
1.652204253558104e-01,1.714101385690447e-06,4.220651278332361e-07,2.268699594745501e-07,0.000000000000000e+00,5.854145312666316e-08,2.461893336898817e-08
1.682983150479869e-01,1.778343171947664e-06,4.378971786247955e-07,2.353887419646718e-07,0.000000000000000e+00,6.073825693733169e-08,2.554328864845065e-08
1.714335427172132e-01,1.844988415327456e-06,4.543223327476760e-07,2.442271522589581e-07,0.000000000000000e+00,6.301740692755820e-08,2.650232232952315e-08
1.746271765121044e-01,1.914126794369505e-06,4.713627651210235e-07,2.533971689072545e-07,0.000000000000000e+00,6.538198465811794e-08,2.749733382572419e-08
1.778803044798057e-01,1.985851319922555e-06,4.890414772223103e-07,2.629112185752749e-07,0.000000000000000e+00,6.783518671399710e-08,2.852967114924668e-08
1.811940349366820e-01,2.060258458175496e-06,5.073823277527520e-07,2.727821927629092e-07,0.000000000000000e+00,7.038032898103362e-08,2.960073272337904e-08
1.845694968459130e-01,2.137448258185191e-06,5.264100644321339e-07,2.830234651436467e-07,0.000000000000000e+00,7.302085108060071e-08,3.071196926222079e-08
1.880078402021224e-01,2.217524484062765e-06,5.461503569641741e-07,2.936489095480384e-07,0.000000000000000e+00,7.576032096811688e-08,3.186488572017434e-08
1.915102364231726e-01,2.300594751985711e-06,5.666298312150009e-07,3.046729186149623e-07,0.000000000000000e+00,7.860243970137648e-08,3.306104331378485e-08
1.950778787492576e-01,2.386770672209044e-06,5.878761046488631e-07,3.161104231353232e-07,0.000000000000000e+00,8.155104638490973e-08,3.430206161859422e-08
1.987119826494319e-01,2.476167996254767e-06,6.099178230667477e-07,3.279769121137166e-07,0.000000000000000e+00,8.461012329680460e-08,3.558962074377206e-08
2.024137862357107e-01,2.568906769465129e-06,6.327846986952157e-07,3.402884535745153e-07,0.000000000000000e+00,8.778380120465586e-08,3.692546358738733e-08
2.061845506848860e-01,2.665111489111654e-06,6.565075496744408e-07,3.530617161398061e-07,0.000000000000000e+00,9.107636487754187e-08,3.831139817528821e-08
2.100255606682000e-01,2.764911268258564e-06,6.811183409961947e-07,3.663139914075993e-07,0.000000000000000e+00,9.449225880118261e-08,3.974930008666632e-08
2.139381247890229e-01,2.868440005586067e-06,7.066502269442956e-07,3.800632171597701e-07,0.000000000000000e+00,9.803609310368565e-08,4.124111496949239e-08
2.179235760286844e-01,2.975836561386164e-06,7.331375950919273e-07,3.943280014302609e-07,0.000000000000000e+00,1.017126496995506e-07,4.278886114912681e-08
2.219832722006102e-01,3.087244939950875e-06,7.606161119121342e-07,4.091276474651874e-07,0.000000000000000e+00,1.055268886598829e-07,4.439463233352794e-08
2.261185964129192e-01,3.202814478580452e-06,7.891227700598186e-07,4.244821796076339e-07,0.000000000000000e+00,1.094839548170438e-07,4.606060041860584e-08
2.303309575396379e-01,3.322700043446919e-06,8.186959373855938e-07,4.404123701411200e-07,0.000000000000000e+00,1.135891846122652e-07,4.778901839739667e-08
2.346217907006933e-01,3.447062232556335e-06,8.493754077440004e-07,4.569397671269507e-07,0.000000000000000e+00,1.178481131950548e-07,4.958222337686699e-08
2.389925577508476e-01,3.576067586061621e-06,8.812024536607859e-07,4.740867232719410e-07,0.000000000000000e+00,1.222664817835386e-07,5.144263970629423e-08
2.434447477777411e-01,3.709888804186207e-06,9.142198809262060e-07,4.918764258643181e-07,0.000000000000000e+00,1.268502452952060e-07,5.337278222131333e-08
2.479798776092130e-01,3.848704973027861e-06,9.484720851836886e-07,5.103329278169872e-07,0.000000000000000e+00,1.316055802578647e-07,5.537525960786576e-08
2.525994923300739e-01,3.992701798521020e-06,9.840051105856089e-07,5.294811798587595e-07,0.000000000000000e+00,1.365388930109588e-07,5.745277789044140e-08
2.573051658085038e-01,4.142071848845495e-06,1.020866710590436e-06,5.493470639155906e-07,0.000000000000000e+00,1.416568282077618e-07,5.960814404916175e-08
2.620985012322582e-01,4.297014805579204e-06,1.059106410978126e-06,5.699574277254327e-07,0.000000000000000e+00,1.469662776293322e-07,6.184426977041592e-08
2.669811316548611e-01,4.457737723902464e-06,1.098775575163279e-06,5.913401207318330e-07,0.000000000000000e+00,1.524743893214991e-07,6.416417533593203e-08
2.719547205519752e-01,4.624455302171993e-06,1.139927471888411e-06,6.135240313030784e-07,0.000000000000000e+00,1.581885770665489e-07,6.657099365534068e-08
2.770209623881347e-01,4.797390161193211e-06,1.182617345382483e-06,6.365391253253403e-07,0.000000000000000e+00,1.641165302016923e-07,6.906797444747024e-08
2.821815831940372e-01,4.976773133530613e-06,1.226902488072835e-06,6.604164862200353e-07,0.000000000000000e+00,1.702662237968148e-07,7.165848857580052e-08
2.874383411545894e-01,5.162843563207257e-06,1.272842315941713e-06,6.851883564374213e-07,0.000000000000000e+00,1.766459292044596e-07,7.434603254369723e-08
2.927930272079074e-01,5.355849616156132e-06,1.320498446621724e-06,7.108881804803054e-07,0.000000000000000e+00,1.832642249954395e-07,7.713423315525013e-08
2.982474656554760e-01,5.556048601798206e-06,1.369934780327815e-06,7.375506495136862e-07,0.000000000000000e+00,1.901300082939472e-07,8.002685234774678e-08
3.038035147836747e-01,5.763707306134425e-06,1.421217583726745e-06,7.652117476181507e-07,0.000000000000000e+00,1.972525065265231e-07,8.302779220202917e-08
3.094630674968815e-01,5.979102336751626e-06,1.474415576848466e-06,7.939087997469064e-07,0.000000000000000e+00,2.046412895997307e-07,8.614110013720333e-08
3.152280519623720e-01,6.202520480155577e-06,1.529600023147448e-06,8.236805214484953e-07,0.000000000000000e+00,2.123062825219229e-07,8.937097429640488e-08
3.211004322672309e-01,6.434259071857873e-06,1.586844822825636e-06,8.545670704194191e-07,0.000000000000000e+00,2.202577784850029e-07,9.272176913055827e-08
3.270822090875021e-01,6.674626379657355e-06,1.646226609532604e-06,8.866100999532406e-07,0.000000000000000e+00,2.285064524226496e-07,9.619800118731909e-08
3.331754203698039e-01,6.923942000571113e-06,1.707824850562335e-06,9.198528143550530e-07,0.000000000000000e+00,2.370633750620405e-07,9.980435511264188e-08
3.393821420256426e-01,7.182537271884903e-06,1.771721950670203e-06,9.543400263927118e-07,0.000000000000000e+00,2.459400274867006e-07,1.035456898726800e-07
3.457044886386594e-01,7.450755696807885e-06,1.838003359637852e-06,9.901182168587121e-07,0.000000000000000e+00,2.551483162287121e-07,1.074270452039980e-07
3.521446141850537e-01,7.728953385232465e-06,1.906757683718038e-06,1.027235596319275e-06,0.000000000000000e+00,2.647005889091525e-07,1.114536483003623e-07
3.587047127674264e-01,8.017499510115736e-06,1.978076801095939e-06,1.065742169129879e-06,0.000000000000000e+00,2.746096504462773e-07,1.156309207446620e-07
3.653870193622942e-01,8.316776780015894e-06,2.052055981508051e-06,1.105689799799297e-06,0.000000000000000e+00,2.848887798516348e-07,1.199644856948214e-07
3.721938105815298e-01,8.627181928333652e-06,2.128794010164507e-06,1.147132281787126e-06,0.000000000000000e+00,2.955517476349929e-07,1.244601753328733e-07
3.791274054479862e-01,8.949126219826242e-06,2.208393316125570e-06,1.190125408822760e-06,0.000000000000000e+00,3.066128338396752e-07,1.291240385866873e-07
3.861901661855704e-01,9.283035974979561e-06,2.290960105288060e-06,1.234727048836903e-06,0.000000000000000e+00,3.180868467306404e-07,1.339623491341808e-07
3.933844990240357e-01,9.629353112842174e-06,2.376604498142687e-06,1.280997220599906e-06,0.000000000000000e+00,3.299891421584004e-07,1.389816137001873e-07
4.007128550187657e-01,9.988535712943978e-06,2.465440672468617e-06,1.328998173164538e-06,0.000000000000000e+00,3.423356436226593e-07,1.441885806565104e-07
4.081777308858313e-01,1.036105859694146e-05,2.557587011137054e-06,1.378794468214253e-06,0.000000000000000e+00,3.551428630603652e-07,1.495902489360654e-07
4.157816698526021e-01,1.074741393065146e-05,2.653166255201378e-06,1.430453065421523e-06,0.000000000000000e+00,3.684279223837056e-07,1.551938772723863e-07
4.235272625242061e-01,1.114811184715567e-05,2.752305662457128e-06,1.484043410924520e-06,0.000000000000000e+00,3.822085757944364e-07,1.610069937761754e-07
4.314171477661288e-01,1.156368109167885e-05,2.855137171661220e-06,1.539637529034190e-06,0.000000000000000e+00,3.965032329018246e-07,1.670374058609761e-07
4.394540136032549e-01,1.199466968896521e-05,2.961797572605920e-06,1.597310117287686e-06,0.000000000000000e+00,4.113309826724062e-07,1.732932105304707e-07
4.476405981356587e-01,1.244164563389919e-05,3.072428682249464e-06,1.657138644968181e-06,0.000000000000000e+00,4.267116182406974e-07,1.797828050403404e-07
4.559796904714540e-01,1.290519760613934e-05,3.187177527111830e-06,1.719203455215265e-06,0.000000000000000e+00,4.426656626109813e-07,1.865148979480747e-07
4.644741316770223e-01,1.338593570955675e-05,3.306196532150823e-06,1.783587870854423e-06,0.000000000000000e+00,4.592143952812874e-07,1.934985205645766e-07
4.731268157449433e-01,1.388449223729311e-05,3.429643716340624e-06,1.850378304078599e-06,0.000000000000000e+00,4.763798798217224e-07,2.007430388218931e-07
4.819406905799560e-01,1.440152246327724e-05,3.557682895182069e-06,1.919664370119433e-06,0.000000000000000e+00,4.941849924403718e-07,2.082581655718930e-07
4.909187590032879e-01,1.493770546106342e-05,3.690483890381226e-06,1.991539005050490e-06,0.000000000000000e+00,5.126534515710927e-07,2.160539733312241e-07
5.000640797756943e-01,1.549374495088007e-05,3.828222746940396e-06,2.066098587869803e-06,0.000000000000000e+00,5.318098485186461e-07,2.241409074884093e-07
5.093797686395544e-01,1.607037017580220e-05,3.971081957913351e-06,2.143443067014010e-06,0.000000000000000e+00,5.516796791977775e-07,2.325297999894839e-07
5.188689993803818e-01,1.666833680798791e-05,4.119250697084632e-06,2.223676091461726e-06,0.000000000000000e+00,5.722893770040626e-07,2.412318835191405e-07
5.285350049081097e-01,1.728842788594499e-05,4.272925059840782e-06,2.306905146589086e-06,0.000000000000000e+00,5.936663468555505e-07,2.502588061949229e-07
5.383810783585185e-01,1.793145478382085e-05,4.432308312509841e-06,2.393241694946083e-06,0.000000000000000e+00,6.158390004455277e-07,2.596226467926116e-07
5.484105742151837e-01,1.859825821373689e-05,4.597611150453984e-06,2.482801322128012e-06,0.000000000000000e+00,6.388367927480004e-07,2.693359305215595e-07
5.586269094523219e-01,1.928970926221561e-05,4.769051965208917e-06,2.575703887922291e-06,0.000000000000000e+00,6.626902598188641e-07,2.794116453693695e-07
5.690335646989291e-01,2.000671046177786e-05,4.946857120972820e-06,2.672073682917124e-06,0.000000000000000e+00,6.874310579370864e-07,2.898632590359663e-07
5.796340854246053e-01,2.075019689881614e-05,5.131261240756720e-06,2.772039590764711e-06,0.000000000000000e+00,7.130920041316623e-07,3.007047364777886e-07
5.904320831474685e-01,2.152113735887893e-05,5.322507502517696e-06,2.875735256298294e-06,0.000000000000000e+00,7.397071181415396e-07,3.119505580835255e-07
6.014312366645733e-01,2.232053551053132e-05,5.520847945606133e-06,2.983299259709071e-06,0.000000000000000e+00,7.673116658572233e-07,3.236157385035403e-07
6.126352933052480e-01,2.314943112898620e-05,5.726543787867933e-06,3.094875296995884e-06,0.000000000000000e+00,7.959422042943016e-07,3.357158461558668e-07
6.240480702077827e-01,2.400890136073207e-05,5.939865753753046e-06,3.210612366907850e-06,0.000000000000000e+00,8.256366281507075e-07,3.482670234324267e-07
6.356734556198996e-01,2.490006203041258e-05,6.161094413791803e-06,3.330664964607377e-06,0.000000000000000e+00,8.564342180011496e-07,3.612860076299035e-07
6.475154102234496e-01,2.582406899124536e-05,6.390520535811335e-06,3.455193282288675e-06,0.000000000000000e+00,8.883756901838203e-07,3.747901526305213e-07
6.595779684837870e-01,2.678211952029777e-05,6.628445448275142e-06,3.584363416994718e-06,0.000000000000000e+00,9.215032484361625e-07,3.887974513588045e-07
6.718652400242824e-01,2.777545375996936e-05,6.875181416139964e-06,3.718347585883624e-06,0.000000000000000e+00,9.558606373382680e-07,4.033265590412724e-07
6.843814110264393e-01,2.880535620706197e-05,7.131052029635399e-06,3.857324349203805e-06,0.000000000000000e+00,9.914931976242224e-07,4.183968172968837e-07
6.971307456560963e-01,2.987315725085002e-05,7.396392606383288e-06,4.001478841245781e-06,0.000000000000000e+00,1.028447923423587e-06,4.340282790869774e-07
7.101175875161956e-01,3.098023476159564e-05,7.671550607285597e-06,4.151003009547353e-06,0.000000000000000e+00,1.066773521497051e-06,4.502417345543907e-07
7.233463611266158e-01,3.212801573098408e-05,7.956886066621518e-06,4.306095862637941e-06,0.000000000000000e+00,1.106520472532243e-06,4.670587377823877e-07
7.368215734315737e-01,3.331797796598763e-05,8.252772036806733e-06,4.466963726617255e-06,0.000000000000000e+00,1.147741094567637e-06,4.845016345050501e-07
7.505478153351058e-01,3.455165183769611e-05,8.559595048280051e-06,4.633820510873020e-06,0.000000000000000e+00,1.190489608614495e-06,5.025935908017727e-07
7.645297632651551e-01,3.583062208668449e-05,8.877755584995426e-06,4.806887983252444e-06,0.000000000000000e+00,1.234822206548883e-06,5.213586228095850e-07
7.787721807667950e-01,3.715652968651799e-05,9.207668576009984e-06,4.986396055012283e-06,0.000000000000000e+00,1.280797121347838e-06,5.408216274880817e-07
7.932799201251336e-01,3.853107376702587e-05,9.549763903671762e-06,5.172583075882794e-06,0.000000000000000e+00,1.328474699745977e-06,5.610084144728631e-07
8.080579240184512e-01,3.995601359900434e-05,9.904486928923962e-06,5.365696139591673e-06,0.000000000000000e+00,1.377917477390977e-06,5.819457390545203e-07
8.231112272021335e-01,4.143317064203834e-05,1.027229903425584e-05,5.565991400205102e-06,0.000000000000000e+00,1.429190256578607e-06,6.036613363213811e-07
8.384449582239748e-01,4.296443065716044e-05,1.065367818484397e-05,5.773734399654430e-06,0.000000000000000e+00,1.482360186650293e-06,6.261839565054215e-07
8.540643411714363e-01,4.455174588609167e-05,1.104911950844091e-05,5.989200406828681e-06,0.000000000000000e+00,1.537496847138471e-06,6.495434015719959e-07
8.699746974514544e-01,4.619713729883607e-05,1.145913589458252e-05,6.212674768625090e-06,0.000000000000000e+00,1.594672333747394e-06,6.737705630953002e-07
8.861814476034026e-01,4.790269691142460e-05,1.188425861369835e-05,6.444453273362063e-06,0.000000000000000e+00,1.653961347259421e-06,6.988974614627651e-07
9.026901131458294e-01,4.967059017562902e-05,1.232503795672422e-05,6.684842526971899e-06,0.000000000000000e+00,1.715441285459278e-06,7.249572864529528e-07
9.195063184575989e-01,5.150305844248695e-05,1.278204389582954e-05,6.934160342403166e-06,0.000000000000000e+00,1.779192338171277e-06,7.519844392328405e-07
9.366357926940742e-01,5.340242150149950e-05,1.325586676688597e-05,7.192736142676275e-06,0.000000000000000e+00,1.845297585506947e-06,7.800145758218210e-07
9.540843717389972e-01,5.537108019738167e-05,1.374711797431857e-05,7.460911378049258e-06,0.000000000000000e+00,1.913843099423136e-06,8.090846520711530e-07
9.718580001927318e-01,5.741151912626016e-05,1.425643071899392e-05,7.739039957764744e-06,0.000000000000000e+00,1.984918048693199e-06,8.392329702090835e-07
9.899627333975437e-01,5.952630941322772e-05,1.478446074981427e-05,8.027488696863495e-06,0.000000000000000e+00,2.058614807396489e-06,8.704992270033520e-07
1.008404739500611e+00,6.171811157317203e-05,1.533188713970030e-05,8.326637778564549e-06,0.000000000000000e+00,2.135029067034052e-06,9.029245635943306e-07
1.027190301555464e+00,6.398967845680574e-05,1.589941308665908e-05,8.636881232726864e-06,0.000000000000000e+00,2.214259952381041e-06,9.365516170536221e-07
1.046325819662579e+00,6.634385828382715e-05,1.648776674064732e-05,8.958627430923014e-06,0.000000000000000e+00,2.296410141189080e-06,9.714245737245512e-07
1.065817813149838e+00,6.878359776514088e-05,1.709770205695353e-05,9.292299598670856e-06,0.000000000000000e+00,2.381585987854539e-06,1.007589224402614e-06
1.085672922793620e+00,7.131194531606525e-05,1.772999967683582e-05,9.638336345385449e-06,0.000000000000000e+00,2.469897651171306e-06,1.045093021415641e-06
1.105897913081264e+00,7.393205436244217e-05,1.838546783616495e-05,9.997192212629698e-06,0.000000000000000e+00,2.561459226289496e-06,1.083985137665105e-06
1.126499674515675e+00,7.664718674155383e-05,1.906494330283473e-05,1.036933824125912e-05,0.000000000000000e+00,2.656388881004147e-06,1.124316527691808e-06
1.147485225962871e+00,7.946071619973057e-05,1.976929234371416e-05,1.075526255807301e-05,0.000000000000000e+00,2.754808996500775e-06,1.166139990830893e-06
1.168861717043257e+00,8.237613198850887e-05,2.049941172192692e-05,1.115547098260208e-05,0.000000000000000e+00,2.856846312687283e-06,1.209510236522957e-06
1.190636430567444e+00,8.539704256116967e-05,2.125622972525524e-05,1.157048765468001e-05,0.000000000000000e+00,2.962632078244569e-06,1.254483951849916e-06
1.212816785017455e+00,8.852717937144507e-05,2.204070722647544e-05,1.200085568346486e-05,0.000000000000000e+00,3.072302205530665e-06,1.301119871366093e-06
1.235410337074138e+00,9.177040077614001e-05,2.285383877644194e-05,1.244713781859435e-05,0.000000000000000e+00,3.185997430476084e-06,1.349478849296917e-06
1.258424784191678e+00,9.513069604335867e-05,2.369665373074580e-05,1.290991714417816e-05,0.000000000000000e+00,3.303863477610543e-06,1.399623934179583e-06
1.281867967220058e+00,9.861218946796472e-05,2.457021741078142e-05,1.338979779634919e-05,0.000000000000000e+00,3.426051230363856e-06,1.451620446021928e-06
1.305747873076378e+00,1.022191445958306e-04,2.547563230006210e-05,1.388740570511521e-05,0.000000000000000e+00,3.552716906786287e-06,1.505536056057800e-06
1.330072637465940e+00,1.059559685583498e-04,2.641403927663124e-05,1.440338936127184e-05,0.000000000000000e+00,3.684022240836095e-06,1.561440869179194e-06
1.354850547654018e+00,1.098272165185927e-04,2.738661888242003e-05,1.493842060915812e-05,0.000000000000000e+00,3.820134669384368e-06,1.619407509127449e-06
1.380090045289274e+00,1.138375962303796e-04,2.839459263040597e-05,1.549319546605540e-05,0.000000000000000e+00,3.961227525089509e-06,1.679511206527863e-06
1.405799729279758e+00,1.179919727114270e-04,2.943922435042853e-05,1.606843496905161e-05,0.000000000000000e+00,4.107480235295951e-06,1.741829889854148e-06
1.431988358722495e+00,1.222953730315903e-04,3.052182157451713e-05,1.666488605021253e-05,0.000000000000000e+00,4.259078527113589e-06,1.806444279411208e-06
1.458664855887643e+00,1.267529912170795e-04,3.164373696258632e-05,1.728332244092362e-05,0.000000000000000e+00,4.416214638836491e-06,1.873437984426864e-06
1.485838309258242e+00,1.313701932713595e-04,3.280636976934808e-05,1.792454560628597e-05,0.000000000000000e+00,4.579087537861092e-06,1.942897603345202e-06
1.513517976626597e+00,1.361525223132661e-04,3.401116735328531e-05,1.858938571047175e-05,0.000000000000000e+00,4.747903145265678e-06,2.014912827416356e-06
1.541713288248333e+00,1.411057038326704e-04,3.525962672852246e-05,1.927870261396525e-05,0.000000000000000e+00,4.922874567214292e-06,2.089576547679633e-06
1.570433850055216e+00,1.462356510638020e-04,3.655329616041806e-05,1.999338690363737e-05,0.000000000000000e+00,5.104222333349536e-06,2.166984965439009e-06
1.599689446927822e+00,1.515484704761041e-04,3.789377680568974e-05,2.073436095662226e-05,0.000000000000000e+00,5.292174642339400e-06,2.247237706332100e-06
1.629490046029170e+00,1.570504673822252e-04,3.928272439786597e-05,2.150258003898643e-05,0.000000000000000e+00,5.486967614744209e-06,2.330437938095805e-06
1.659845800200463e+00,1.627481516624677e-04,4.072185097883784e-05,2.229903344020200e-05,0.000000000000000e+00,5.688845553369865e-06,2.416692492133883e-06
1.690767051420083e+00,1.686482436046940e-04,4.221292667726075e-05,2.312474564445625e-05,0.000000000000000e+00,5.898061211273833e-06,2.506111988993735e-06
1.722264334327027e+00,1.747576798583511e-04,4.375778153452790e-05,2.398077753985160e-05,0.000000000000000e+00,6.114876067589895e-06,2.598810967861743e-06
1.754348379809978e+00,1.810836195008982e-04,4.535830737900502e-05,2.486822766656986e-05,0.000000000000000e+00,6.339560611337065e-06,2.694908020188346e-06
1.787030118663242e+00,1.876334502145156e-04,4.701645974918024e-05,2.578823350509582e-05,0.000000000000000e+00,6.572394633376941e-06,2.794525927556106e-06
1.820320685310782e+00,1.944147945705344e-04,4.873425986633988e-05,2.674197280561489e-05,0.000000000000000e+00,6.813667526682168e-06,2.897791803905745e-06
1.854231421599640e+00,2.014355164185437e-04,5.051379665733538e-05,2.773066495971925e-05,0.000000000000000e+00,7.063678595076682e-06,3.004837242236994e-06
1.888773880664012e+00,2.087037273766183e-04,5.235722882795319e-05,2.875557241557599e-05,0.000000000000000e+00,7.322737370605777e-06,3.115798465902805e-06
1.923959830861323e+00,2.162277934185471e-04,5.426678698734100e-05,2.981800213772952e-05,0.000000000000000e+00,7.591163939690832e-06,3.230816484617052e-06
1.959801259781609e+00,2.240163415533367e-04,5.624477582387752e-05,3.091930711272782e-05,0.000000000000000e+00,7.869289278219626e-06,3.350037255297453e-06
1.996310378331607e+00,2.320782665916100e-04,5.829357633280161e-05,3.206088790177908e-05,0.000000000000000e+00,8.157455595718853e-06,3.473611847866783e-06
2.033499624894915e+00,2.404227379928151e-04,6.041564809583474e-05,3.324419424166191e-05,0.000000000000000e+00,8.456016688749886e-06,3.601696616136777e-06
2.071381669569658e+00,2.490592067863954e-04,6.261353161294308e-05,3.447072669512612e-05,0.000000000000000e+00,8.765338303662927e-06,3.734453373900261e-06
2.109969418485096e+00,2.579974125592563e-04,6.488985068628804e-05,3.574203835203566e-05,0.000000000000000e+00,9.085798508837665e-06,3.872049576358014e-06
2.149276018198644e+00,2.672473905009716e-04,6.724731485630603e-05,3.705973658251725e-05,0.000000000000000e+00,9.417788076530606e-06,4.014658507007672e-06
2.189314860174807e+00,2.768194784972368e-04,6.968872188974263e-05,3.842548484338887e-05,0.000000000000000e+00,9.761710874440290e-06,4.162459470122679e-06
2.230099585347552e+00,2.867243242610380e-04,7.221696031933600e-05,3.984100453915210e-05,0.000000000000000e+00,1.011798426709165e-05,4.315637988949543e-06
2.271644088767673e+00,2.969728924899210e-04,7.483501203470708e-05,4.130807693883887e-05,0.000000000000000e+00,1.048703952712934e-05,4.474386009751976e-06
2.313962524336728e+00,3.075764720365553e-04,7.754595492385798e-05,4.282854515000823e-05,0.000000000000000e+00,1.086932225659758e-05,4.638902111830262e-06
2.357069309629170e+00,3.185466830785302e-04,8.035296556451816e-05,4.440431615119296e-05,0.000000000000000e+00,1.126529281826997e-05,4.809391723643997e-06
2.400979130804304e+00,3.298954842719555e-04,8.325932196439362e-05,4.603736288409477e-05,0.000000000000000e+00,1.167542677707735e-05,4.986067345165387e-06
2.445706947609756e+00,3.416351798719849e-04,8.626840634918157e-05,4.772972640682529e-05,0.000000000000000e+00,1.210021535166515e-05,5.169148776589604e-06
2.491267998478143e+00,3.537784268018211e-04,8.938370799699809e-05,4.948351810948512e-05,0.000000000000000e+00,1.254016587609240e-05,5.358863353526973e-06
2.537677805718694e+00,3.663382416500837e-04,9.260882611763847e-05,5.130092199336335e-05,0.000000000000000e+00,1.299580227166470e-05,5.555446188800206e-06
2.584952180805588e+00,3.793280075746364e-04,9.594747277483944e-05,5.318419701502941e-05,0.000000000000000e+00,1.346766552887046e-05,5.759140420967493e-06
2.633107229764799e+00,3.927614810890437e-04,9.940347584944459e-05,5.513567949657192e-05,0.000000000000000e+00,1.395631419936561e-05,5.970197469689691e-06
2.682159358661304e+00,4.066527987057845e-04,1.029807820410827e-04,5.715778560321933e-05,0.000000000000000e+00,1.446232489792468e-05,6.188877298056511e-06
2.732125279188502e+00,4.210164834081475e-04,1.066834599056564e-04,5.925301388955229e-05,0.000000000000000e+00,1.498629281424726e-05,6.415448681982825e-06
2.783022014361769e+00,4.358674509203903e-04,1.105157029256002e-04,6.142394791548758e-05,0.000000000000000e+00,1.552883223447683e-05,6.650189486781951e-06
2.834866904318065e+00,4.512210157432316e-04,1.144818326095007e-04,6.367325893317862e-05,0.000000000000000e+00,1.609057707225443e-05,6.893386951017530e-06
2.887677612223594e+00,4.670928969190702e-04,1.185863016172842e-04,6.600370864593560e-05,0.000000000000000e+00,1.667218140909183e-05,7.145337977730019e-06
2.941472130291510e+00,4.834992234884525e-04,1.228336969067502e-04,6.841815204022147e-05,0.000000000000000e+00,1.727432004380854e-05,7.406349433127274e-06
2.996268785911731e+00,5.004565395962603e-04,1.272287428967789e-04,7.091954029172582e-05,0.000000000000000e+00,1.789768905073229e-05,7.676738452821309e-06
3.052086247894942e+00,5.179818092028164e-04,1.317763046420515e-04,7.351092374645562e-05,0.000000000000000e+00,1.854300634631541e-05,7.956832755685144e-06
3.108943532832922e+00,5.360924203516333e-04,1.364813910136001e-04,7.619545497771398e-05,0.000000000000000e+00,1.921101226376743e-05,8.246970965394514e-06
3.166860011577351e+00,5.548061889417892e-04,1.413491578789402e-04,7.897639191975770e-05,0.000000000000000e+00,1.990247013524858e-05,8.547502939708958e-06
3.225855415839316e+00,5.741413619489768e-04,1.463849112749375e-04,8.185710107883897e-05,0.000000000000000e+00,2.061816688110896e-05,8.858790107535545e-06
3.285949844911760e+00,5.941166200350162e-04,1.515941105659124e-04,8.484106082223643e-05,0.000000000000000e+00,2.135891360559257e-05,9.181205813806033e-06
3.347163772517153e+00,6.147510794811253e-04,1.569823715787955e-04,8.793186474577504e-05,0.000000000000000e+00,2.212554619835632e-05,9.515135672184405e-06
3.409518053782747e+00,6.360642933754269e-04,1.625554697063993e-04,9.113322512021201e-05,0.000000000000000e+00,2.291892594107786e-05,9.860977925606732e-06
3.473033932345752e+00,6.580762519800516e-04,1.683193429690835e-04,9.444897641673624e-05,0.000000000000000e+00,2.373994011834563e-05,1.021914381463872e-05
3.537733047590890e+00,6.808073821977305e-04,1.742800950242330e-04,9.788307891167985e-05,0.000000000000000e+00,2.458950263193741e-05,1.059005795361792e-05
3.603637442022769e+00,7.042785460519599e-04,1.804439981120615e-04,1.014396223703845e-04,0.000000000000000e+00,2.546855461749961e-05,1.097415871452810e-05
3.670769568775602e+00,7.285110380886227e-04,1.868174959252774e-04,1.051228298099862e-04,0.000000000000000e+00,2.637806506253891e-05,1.137189861853136e-05
3.739152299262818e+00,7.535265816003574e-04,1.934072063891058e-04,1.089370613406930e-04,0.000000000000000e+00,2.731903142453041e-05,1.178374473505997e-05
3.808808930969187e+00,7.793473235679357e-04,2.002199243370494e-04,1.128868180849207e-04,0.000000000000000e+00,2.829248024782964e-05,1.221017908834459e-05
3.879763195388090e+00,8.059958282054461e-04,2.072626240665782e-04,1.169767461734214e-04,0.000000000000000e+00,2.929946777795253e-05,1.265169907122705e-05
3.952039266106673e+00,8.334950689881138e-04,2.145424617576671e-04,1.212116408172944e-04,0.000000000000000e+00,3.034108057165338e-05,1.310881786607654e-05
4.025661767041596e+00,8.618684190331262e-04,2.220667777357463e-04,1.255964504544958e-04,0.000000000000000e+00,3.141843610108811e-05,1.358206487259411e-05
4.100655780828226e+00,8.911396396948273e-04,2.298430985591725e-04,1.301362809691743e-04,0.000000000000000e+00,3.253268335019820e-05,1.407198614225610e-05
4.177046857366096e+00,9.213328672260653e-04,2.378791389097905e-04,1.348363999818365e-04,0.000000000000000e+00,3.368500340128534e-05,1.457914481910786e-05
4.254861022523571e+00,9.524725973472830e-04,2.461828032634978e-04,1.397022412080085e-04,0.000000000000000e+00,3.487661000957363e-05,1.510412158657806e-05
4.334124787004665e+00,9.845836675541077e-04,2.547621873159663e-04,1.447394088826804e-04,0.000000000000000e+00,3.610875016336681e-05,1.564751511993902e-05
4.414865155381033e+00,1.017691236982681e-03,2.636255791367976e-04,1.499536822474224e-04,0.000000000000000e+00,3.738270462720909e-05,1.620994254399016e-05
4.497109635292233e+00,1.051820763639715e-03,2.727814600233853e-04,1.553510200966256e-04,0.000000000000000e+00,3.869978846524344e-05,1.679203989548968e-05
4.580886246817382e+00,1.086997978791252e-03,2.822385050236242e-04,1.609375653788490e-04,0.000000000000000e+00,4.006135154173226e-05,1.739446258980359e-05
4.666223532021366e+00,1.123248858290249e-03,2.920055830943291e-04,1.667196498487461e-04,0.000000000000000e+00,4.146877899546021e-05,1.801788589118018e-05
4.753150564678924e+00,1.160599590608438e-03,3.020917568598069e-04,1.727037987645077e-04,0.000000000000000e+00,4.292349168447969e-05,1.866300538599435e-05
4.841696960179858e+00,1.199076541322260e-03,3.125062819324409e-04,1.788967356251578e-04,0.000000000000000e+00,4.442694659737816e-05,1.933053745823508e-05
4.931892885618782e+00,1.238706213786099e-03,3.232586057543954e-04,1.853053869414170e-04,0.000000000000000e+00,4.598063722695097e-05,2.002121976643522e-05
5.023769070072818e+00,1.279515205708381e-03,3.343583659166236e-04,1.919368870331615e-04,0.000000000000000e+00,4.758609390184455e-05,2.073581172116165e-05
5.117356815070768e+00,1.321530161327429e-03,3.458153879082429e-04,1.987985828457799e-04,0.000000000000000e+00,4.924488407139679e-05,2.147509496209808e-05
5.212688005257307e+00,1.364777718864006e-03,3.576396822460237e-04,2.058980387769407e-04,0.000000000000000e+00,5.095861253853902e-05,2.223987383365908e-05
5.309795119255845e+00,1.409284452906441e-03,3.698414409302064e-04,2.132430415044440e-04,0.000000000000000e+00,5.272892163524115e-05,2.303097585797565e-05
5.408711240733751e+00,1.455076811361748e-03,3.824310331691055e-04,2.208416048049265e-04,0.000000000000000e+00,5.455749133456713e-05,2.384925220398509e-05
5.509470069673712e+00,1.502181046582358e-03,3.954190003109555e-04,2.287019743522158e-04,0.000000000000000e+00,5.644603929297456e-05,2.469557815124440e-05
5.612105933855062e+00,1.550623140252842e-03,4.088160499172132e-04,2.368326324830961e-04,0.000000000000000e+00,5.839632081602193e-05,2.557085354696401e-05
5.716653800549001e+00,1.600428721594134e-03,4.226330489069918e-04,2.452423029171294e-04,0.000000000000000e+00,6.041012874015338e-05,2.647600325462780e-05
5.823149288431684e+00,1.651622978414330e-03,4.368810156975112e-04,2.539399554159841e-04,0.000000000000000e+00,6.248929322269927e-05,2.741197759242555e-05
5.931628679719237e+00,1.704230560504892e-03,4.515711112603168e-04,2.629348103664509e-04,0.000000000000000e+00,6.463568143166929e-05,2.837975275957412e-05
6.042128932528835e+00,1.758275474849046e-03,4.667146290075960e-04,2.722363432699484e-04,0.000000000000000e+00,6.685119712631354e-05,2.938033124844367e-05
6.154687693470060e+00,1.813780972075135e-03,4.823229834171444e-04,2.818542891198746e-04,0.000000000000000e+00,6.913778011878943e-05,3.041474224023421e-05
6.269343310470812e+00,1.870769423551584e-03,4.984076972983723e-04,2.917986466465806e-04,0.000000000000000e+00,7.149740560659186e-05,3.148404198176505e-05
6.386134845842170e+00,1.929262188481843e-03,5.149803875952524e-04,3.020796824080866e-04,0.000000000000000e+00,7.393208336468151e-05,3.258931414074403e-05
6.505102089586623e+00,1.989279470317062e-03,5.320527496151313e-04,3.127079347028628e-04,0.000000000000000e+00,7.644385678547671e-05,3.373167013667587e-05
6.626285572954228e+00,2.050840161761143e-03,5.496365395650050e-04,3.236942172790984e-04,0.000000000000000e+00,7.903480175405462e-05,3.491224944434555e-05
6.749726582251307e+00,2.113961677597122e-03,5.677435552689970e-04,3.350496228128399e-04,0.000000000000000e+00,8.170702534503890e-05,3.613221986657549e-05
6.875467172906374e+00,2.178659774515365e-03,5.863856149324894e-04,3.467855261252062e-04,0.000000000000000e+00,8.446266432672496e-05,3.739277777270217e-05
7.003550183798117e+00,2.244948357072650e-03,6.055745338095199e-04,3.589135871065666e-04,0.000000000000000e+00,8.730388345700635e-05,3.869514829894711e-05
7.134019251850272e+00,2.312839268856702e-03,6.253220986206885e-04,3.714457533130890e-04,0.000000000000000e+00,9.023287355462582e-05,4.004058550656921e-05
7.266918826898403e+00,2.382342067872962e-03,6.456400395588586e-04,3.843942621984257e-04,0.000000000000000e+00,9.325184932815555e-05,4.143037249337812e-05
7.402294186833630e+00,2.453463785109073e-03,6.665399997093870e-04,3.977716429404808e-04,0.000000000000000e+00,9.636304694393360e-05,4.286582145386093e-05
7.540191453028460e+00,2.526208665167604e-03,6.880335017003710e-04,4.115907178202011e-04,0.000000000000000e+00,9.956872131292515e-05,4.434827368282491e-05
7.680657606050004e+00,2.600577887788662e-03,7.101319113865347e-04,4.258646031061320e-04,0.000000000000000e+00,1.028711430751435e-04,4.587909951708850e-05
7.823740501665895e+00,2.676569269011018e-03,7.328463983576952e-04,4.406067093950516e-04,0.000000000000000e+00,1.062725952588464e-04,4.745969820935450e-05
7.969488887148396e+00,2.754176940642989e-03,7.561878930493789e-04,4.558307413553802e-04,0.000000000000000e+00,1.097753695902177e-04,4.909149772798034e-05
8.117952417882229e+00,2.833391006632242e-03,7.801670402188934e-04,4.715506968161638e-04,0.000000000000000e+00,1.133817624276452e-04,5.077595447590847e-05
8.269181674281795e+00,2.914197174836804e-03,8.047941485350862e-04,4.877808651403155e-04,0.000000000000000e+00,1.170940702930026e-04,5.251455292154426e-05
8.423228179023539e+00,2.996576362607282e-03,8.300791360139746e-04,5.045358248164020e-04,0.000000000000000e+00,1.209145849705449e-04,5.430880513385747e-05
8.580144414599346e+00,3.080504274492706e-03,8.560314710154595e-04,5.218304401985751e-04,0.000000000000000e+00,1.248455881421041e-04,5.616025021344384e-05
8.739983841196928e+00,3.165950950278777e-03,8.826601084982792e-04,5.396798573192738e-04,0.000000000000000e+00,1.288893455252415e-04,5.807045361070618e-05
8.902800914913310e+00,3.252880281457482e-03,9.099734212112551e-04,5.580994986940146e-04,0.000000000000000e+00,1.330481004788533e-04,6.004100632170069e-05
9.068651106307627e+00,3.341249494110661e-03,9.379791254785801e-04,5.771050570319499e-04,0.000000000000000e+00,1.373240670384333e-04,6.207352395154380e-05
9.237590919299507e+00,3.431008596066311e-03,3.326633670195711e-03,5.967124877598664e-04,0.000000000000000e+00,1.417194223407592e-04,6.416964563457979e-05
9.409677910419552e+00,3.522099786055064e-03,3.356044274767346e-03,6.169380002609157e-04,0.000000000000000e+00,1.462362983951973e-04,6.633103279977296e-05
9.584970708418409e+00,3.614456822453868e-03,3.386165650281577e-03,6.377980477225714e-04,0.000000000000000e+00,1.508767731560672e-04,6.855936776900371e-05
9.763529034241150e+00,3.708004349052832e-03,3.417002023877292e-03,6.593093154810926e-04,0.000000000000000e+00,1.556428608476099e-04,7.085635217511501e-05
9.945413721373752e+00,3.802657175115375e-03,3.448556500546046e-03,6.814887077420814e-04,0.000000000000000e+00,1.605365014900150e-04,7.322370518566914e-05
1.013068673656861e+01,3.898319506810222e-03,3.480830947993956e-03,7.043533325485777e-04,0.000000000000000e+00,1.655595495716861e-04,7.566316151743395e-05
1.031941120095613e+01,3.994884126842647e-03,3.513825873020843e-03,7.279204848594321e-04,0.000000000000000e+00,1.707137618094564e-04,7.817646922561739e-05
1.051165141154966e+01,4.092231518674113e-03,3.547540288861025e-03,7.522076275915016e-04,0.000000000000000e+00,1.760007839347791e-04,8.076538725080570e-05
1.070747286315097e+01,4.190228930493007e-03,3.581971572895697e-03,7.772323704693850e-04,0.000000000000000e+00,1.814221364400116e-04,8.343168270543249e-05
1.090694227066387e+01,4.288729368085037e-03,3.617115314110125e-03,8.030124465160214e-04,0.000000000000000e+00,1.869791992147613e-04,8.617712788040536e-05
1.111012759182344e+01,4.387570444534688e-03,3.652965149629561e-03,8.295656860064008e-04,0.000000000000000e+00,1.926731949978695e-04,8.900349695124472e-05
1.131709805034875e+01,4.481222689200862e-03,3.689512589625066e-03,8.569099876948838e-04,0.000000000000000e+00,1.985051715659232e-04,9.191256236173485e-05
1.152792415952686e+01,4.480602381709403e-03,3.726746829831464e-03,8.850632871141430e-04,0.000000000000000e+00,2.044759825742105e-04,9.490609086165134e-05
1.174267774623618e+01,4.479959129238908e-03,3.764654550852933e-03,9.140435217304918e-04,0.000000000000000e+00,2.105862669606812e-04,9.798583917360587e-05
1.196143197541732e+01,4.479292090674705e-03,3.803219703275331e-03,9.438685927262557e-04,0.000000000000000e+00,2.168364268174582e-04,1.011535492624251e-04
1.218426137499987e+01,4.478600394509273e-03,3.842423276442854e-03,9.745563231649316e-04,0.000000000000000e+00,2.232266036259000e-04,1.044109431787694e-04
1.241124186129346e+01,4.477883137769759e-03,3.882097590696232e-03,1.006124412278989e-03,0.000000000000000e+00,2.297565547054167e-04,1.077597174468638e-04
1.264245076485196e+01,4.477139384909189e-03,3.921020437227656e-03,1.038590385603299e-03,0.000000000000000e+00,2.364221335208404e-04,1.112015369642859e-04
1.287796685681933e+01,4.476368166660204e-03,3.958899958730978e-03,1.071971540659338e-03,0.000000000000000e+00,2.432102758112196e-04,1.167696686807501e-04
1.311787037576642e+01,4.475568478850177e-03,3.995709760047509e-03,1.106284887876272e-03,0.000000000000000e+00,2.501009541571360e-04,1.336235509566739e-04
1.336224305502765e+01,4.474739281176514e-03,4.031422942597352e-03,1.156301577824404e-03,0.000000000000000e+00,2.570725072344131e-04,1.518954705193975e-04
1.361116815054691e+01,4.473879495940904e-03,4.066012455943559e-03,1.266639936920174e-03,0.000000000000000e+00,2.641028413927560e-04,1.725449694872902e-04
1.386473046924224e+01,4.472988006741249e-03,4.099450912017914e-03,1.437701904381952e-03,0.000000000000000e+00,2.711676739523149e-04,1.949310301469182e-04
1.412301639789898e+01,4.472063657120010e-03,4.131711434247185e-03,1.606784956171859e-03,0.000000000000000e+00,2.782438342350727e-04,2.187452572208375e-04
1.438611393260100e+01,4.471105249167626e-03,4.162765923273059e-03,1.833184389843216e-03,0.000000000000000e+00,2.853129901488640e-04,2.435801103033700e-04
1.465411270871039e+01,4.470111542079661e-03,4.192586942119969e-03,2.038812850617213e-03,0.000000000000000e+00,2.923501082673763e-04,2.692421008999128e-04
1.492710403140551e+01,4.469081250666296e-03,4.221146778826677e-03,2.257985008740775e-03,0.000000000000000e+00,2.993409470420165e-04,2.955025329258547e-04
1.520518090678800e+01,4.468013043812746e-03,4.248417960497110e-03,2.488881477247859e-03,0.000000000000000e+00,3.062696129286795e-04,3.165864433245747e-04
1.548843807356926e+01,4.466905542889163e-03,4.274372788207199e-03,2.730716881874097e-03,0.000000000000000e+00,3.131112676718361e-04,3.436379479367451e-04
1.577697203534723e+01,4.465757320108520e-03,4.298983934639772e-03,2.930321660670719e-03,0.000000000000000e+00,3.198600245971039e-04,3.652435911872172e-04
1.607088109348442e+01,4.464566896831002e-03,4.322224234376651e-03,3.190097392021983e-03,0.000000000000000e+00,3.265017059561575e-04,3.869708962316200e-04
1.637026538059848e+01,4.463332741813339e-03,4.344066837997109e-03,3.402825155915224e-03,0.000000000000000e+00,3.330227204389290e-04,4.144493478163113e-04
1.667522689467659e+01,4.462053269401483e-03,4.364485296054826e-03,3.678686780545351e-03,0.000000000000000e+00,3.394086123988879e-04,4.363130966967360e-04
1.698586953382547e+01,4.460726837665089e-03,4.383453676453462e-03,3.903027125063311e-03,0.000000000000000e+00,3.456477212851647e-04,4.526025739880094e-04
1.730229913166864e+01,4.459351746472085e-03,4.400946553680325e-03,4.132380564844894e-03,0.000000000000000e+00,3.517342464515922e-04,4.744354555612033e-04
1.762462349340316e+01,4.457926235501728e-03,4.416939322605026e-03,4.365922537177711e-03,0.000000000000000e+00,3.576619829787038e-04,4.962400632893529e-04
1.795295243252806e+01,4.456448482194419e-03,4.431408194223967e-03,4.605070481334346e-03,0.000000000000000e+00,3.634213528747367e-04,5.180110132101649e-04
1.828739780825697e+01,4.454916599636555e-03,4.444330123473171e-03,4.848722363106413e-03,0.000000000000000e+00,3.690016907745430e-04,5.343031680057985e-04
1.862807356362771e+01,4.453328634378679e-03,4.455683593758173e-03,5.031473242949938e-03,0.000000000000000e+00,3.744007967011997e-04,5.559565300528705e-04
1.897509576432185e+01,4.451682564185131e-03,4.465447820954945e-03,5.281705489222407e-03,0.000000000000000e+00,3.796164151743706e-04,5.721551075626856e-04
1.932858263820741e+01,4.449976295713420e-03,4.473603883029222e-03,5.470103431075068e-03,0.000000000000000e+00,3.846467318583866e-04,5.882529584325456e-04
1.968865461561821e+01,4.448207662121469e-03,4.480134253775102e-03,5.727930882951676e-03,0.000000000000000e+00,3.894822906475676e-04,6.043203245660319e-04
2.005543437038359e+01,4.446374420600895e-03,4.485023201691892e-03,5.920788956206681e-03,0.000000000000000e+00,3.941112675953610e-04,6.202518637610717e-04
2.042904686162244e+01,4.444474249834450e-03,4.488257025195306e-03,6.114216373907528e-03,0.000000000000000e+00,3.985520255146795e-04,6.360722690417681e-04
2.080961937631587e+01,4.442504747375736e-03,4.489824187253384e-03,6.310014504434662e-03,0.000000000000000e+00,4.027840238211739e-04,6.516512183684837e-04
2.119728157267291e+01,4.440463426949287e-03,4.489715689110132e-03,6.506906826327827e-03,0.000000000000000e+00,4.068135669515441e-04,6.671230760250192e-04
2.159216552430413e+01,4.438347715669097e-03,4.487981047512780e-03,6.705092706832809e-03,0.000000000000000e+00,4.106406380878337e-04,6.775100645517786e-04
2.199440576521807e+01,4.436154951173690e-03,4.485732478646735e-03,6.903864801356006e-03,0.000000000000000e+00,4.142569584174567e-04,6.926699845157407e-04
2.240413933565602e+01,4.433882378675742e-03,4.483403553514164e-03,7.031935708507557e-03,0.000000000000000e+00,4.176647982490960e-04,7.027931368652565e-04
2.282150582878057e+01,4.431527147924374e-03,4.480991938563657e-03,7.232134361109920e-03,0.000000000000000e+00,4.208756836017072e-04,7.175306426683216e-04
2.324664743823401e+01,4.429086310078139e-03,4.478494219701840e-03,7.359654424608046e-03,0.000000000000000e+00,4.238580568436886e-04,7.272976766914573e-04
2.367970900658256e+01,4.426556814486758e-03,4.475907734983540e-03,7.486814783448097e-03,0.000000000000000e+00,4.266466391774795e-04,7.369128315700097e-04
2.412083807466323e+01,4.423935505379718e-03,4.473229282491995e-03,7.686098373856465e-03,0.000000000000000e+00,4.292364242215517e-04,7.462993225154962e-04
2.457018493184982e+01,4.421219118459745e-03,4.470455825948232e-03,7.811687610003176e-03,0.000000000000000e+00,4.315957494057744e-04,7.554614478286221e-04
2.502790266725541e+01,4.418404277399339e-03,4.467583816048593e-03,7.935941525045983e-03,0.000000000000000e+00,4.337565006526738e-04,7.644663355833692e-04
2.549414722188870e+01,4.415487490238407e-03,4.464610692225195e-03,7.984812085264768e-03,0.000000000000000e+00,4.357166095438415e-04,7.732011502012556e-04
2.596907744178190e+01,4.412465145681220e-03,4.461532353215851e-03,8.105805480448400e-03,0.000000000000000e+00,4.374757420905830e-04,7.816934345657068e-04
2.645285513210839e+01,4.409333509290838e-03,4.458345412993290e-03,8.225210538102832e-03,0.000000000000000e+00,4.390326293030221e-04,7.854847335936870e-04
2.694564511230856e+01,4.406088719579278e-03,4.455045447503906e-03,8.342137030610390e-03,0.000000000000000e+00,4.403867972329139e-04,7.934643623627504e-04
2.744761527224258e+01,4.402726783991674e-03,4.451629747276447e-03,8.382589733229584e-03,0.000000000000000e+00,4.415372876296400e-04,7.967510047955559e-04
2.795893662938912e+01,4.399243574782820e-03,4.448093979951330e-03,8.420515399465601e-03,0.000000000000000e+00,4.424843825607351e-04,7.997658277847275e-04
2.847978338710985e+01,4.395634824784486e-03,4.444434063753027e-03,8.491069843904520e-03,0.000000000000000e+00,4.432300840712822e-04,8.045709654275539e-04
2.901033299399913e+01,4.391896123062043e-03,4.440645880384677e-03,8.523453043706613e-03,0.000000000000000e+00,4.437761190725765e-04,8.070052737660498e-04
2.955076620433945e+01,4.388022910458947e-03,4.436725128952799e-03,8.552827221309138e-03,0.000000000000000e+00,4.441245637245981e-04,8.091316557941359e-04
3.010126713968313e+01,4.384010475027833e-03,4.432667372979250e-03,8.579039729374481e-03,0.000000000000000e+00,4.442780934314702e-04,8.109388153586633e-04
3.066202335158102e+01,4.379853947347002e-03,4.428468079320872e-03,8.601942632746325e-03,0.000000000000000e+00,4.442406538322468e-04,8.124176883435144e-04
3.123322588548000e+01,4.375548295721267e-03,4.424122549555675e-03,8.621390739367744e-03,0.000000000000000e+00,4.440168595092824e-04,8.135649964673952e-04
3.181506934581073e+01,4.371088321266230e-03,4.419625973359913e-03,8.601933981030098e-03,0.000000000000000e+00,4.436133897229841e-04,8.123068787456867e-04
3.240775196228790e+01,4.366468652875278e-03,4.414973239465932e-03,8.614132252642475e-03,0.000000000000000e+00,4.430162874988167e-04,8.127949298424214e-04
3.301147565744562e+01,4.361683742068708e-03,4.410159296763792e-03,8.548502642365669e-03,0.000000000000000e+00,4.422105717423213e-04,8.129587731523045e-04
3.362644611543091e+01,4.356727857724626e-03,4.405179002799672e-03,8.553248176460115e-03,0.000000000000000e+00,4.412405796304094e-04,8.083694874405909e-04
3.425287285207878e+01,4.351595080691460e-03,4.400026743060634e-03,8.479849564212549e-03,0.000000000000000e+00,4.401149893059540e-04,8.034321691115654e-04
3.489096928629268e+01,4.346279298282201e-03,4.394697018197426e-03,8.403146137845603e-03,0.000000000000000e+00,4.387492327649303e-04,8.026566273203402e-04
3.554095281275472e+01,4.340774198650683e-03,4.389184069165701e-03,8.322986383256242e-03,0.000000000000000e+00,4.372429431716026e-04,7.970874055376452e-04
3.620304487599042e+01,4.335073265050588e-03,4.383481959309710e-03,8.239302779433791e-03,0.000000000000000e+00,4.355541358422686e-04,7.911589693948142e-04
3.687747104581324e+01,4.329169769978089e-03,4.377584619808987e-03,8.152504775142237e-03,0.000000000000000e+00,4.336745190585981e-04,7.849758668176770e-04
3.756446109417444e+01,4.323056769199443e-03,4.371485842860606e-03,8.062224861403042e-03,0.000000000000000e+00,4.316548520773576e-04,7.784640629308671e-04
3.826424907344476e+01,4.316727095665190e-03,4.365179129525465e-03,7.968670887137161e-03,0.000000000000000e+00,4.294204921832323e-04,7.716117001838640e-04
3.897707339615425e+01,4.310173353313029e-03,4.358657961868732e-03,7.799892129336080e-03,0.000000000000000e+00,4.270572408757959e-04,7.597594866451857e-04
3.970317691621769e+01,4.303387910761878e-03,4.351915552093803e-03,7.700589829140513e-03,0.000000000000000e+00,4.244983127164600e-04,7.522643782354730e-04
4.044280701167300e+01,4.296362894900077e-03,4.344944905501180e-03,7.527580098145683e-03,0.000000000000000e+00,4.217811090456479e-04,7.445190952230194e-04
4.119621566896124e+01,4.289090184371282e-03,4.337738903780875e-03,7.422662080001165e-03,0.000000000000000e+00,4.189462036354035e-04,7.315911853640648e-04
4.196365956877636e+01,4.281561402962027e-03,4.330290170376679e-03,7.244688998468113e-03,0.000000000000000e+00,4.158610443037653e-04,7.183497292652490e-04
4.274540017351449e+01,4.273767912895684e-03,4.322591290671623e-03,7.065068651932229e-03,0.000000000000000e+00,4.126772195739847e-04,7.097196171104294e-04
4.354170381635215e+01,4.265700808038062e-03,4.314634565132110e-03,6.883539162626411e-03,0.000000000000000e+00,4.093776906467080e-04,6.958762218956541e-04
4.435284179198405e+01,4.257350907020701e-03,4.306411938223080e-03,6.701305242484809e-03,0.000000000000000e+00,4.058121614106392e-04,6.816055588478651e-04
4.517909044905110e+01,4.248708746288596e-03,4.297915415485567e-03,6.449073150265106e-03,0.000000000000000e+00,4.021400745500228e-04,6.670279021751220e-04
4.602073128429032e+01,4.239764573079944e-03,4.289136768282993e-03,6.263621824346461e-03,0.000000000000000e+00,3.983589899928447e-04,6.521094963839528e-04
4.687805103843876e+01,4.230508338346356e-03,4.280067414732601e-03,6.076977928180369e-03,0.000000000000000e+00,3.944664646051151e-04,6.369446904979372e-04
4.775134179392379e+01,4.220929689622969e-03,4.270698713570140e-03,5.825322947845564e-03,0.000000000000000e+00,3.904077785133138e-04,6.161137178437839e-04
4.864090107437354e+01,4.211017963858834e-03,4.261021763699522e-03,5.574197566855141e-03,0.000000000000000e+00,3.862018696720874e-04,6.002785245761906e-04
4.954703194598086e+01,4.200762180219131e-03,4.251027481774346e-03,5.386612737693773e-03,0.000000000000000e+00,3.818775297906296e-04,5.787853160494705e-04
5.047004312075575e+01,4.190151032871883e-03,4.240706631663206e-03,5.136665591035978e-03,0.000000000000000e+00,3.774325674052813e-04,5.624401632320679e-04
5.141024906170127e+01,4.179172883773091e-03,4.230049682017088e-03,4.889420911078026e-03,0.000000000000000e+00,3.728648374363161e-04,5.403739015387971e-04
5.236797008994866e+01,4.167815755465636e-03,4.219046959428158e-03,4.643531280430848e-03,0.000000000000000e+00,3.681722502651333e-04,5.180257514662719e-04
5.334353249388841e+01,4.156067323908637e-03,4.207688631743738e-03,4.342289238391601e-03,0.000000000000000e+00,3.633527815704104e-04,4.953467385017509e-04
5.433726864033423e+01,4.143914911355615e-03,4.195964704937606e-03,4.102428714589297e-03,0.000000000000000e+00,3.584044829756678e-04,4.724983944699682e-04
5.534951708775798e+01,4.131345479301390e-03,4.183864650934520e-03,3.865637672266251e-03,0.000000000000000e+00,3.533254935644093e-04,4.493941492600398e-04
5.638062270163399e+01,4.118345621519486e-03,4.171378214372304e-03,3.579598077877492e-03,0.000000000000000e+00,3.481140523240969e-04,4.262091380654787e-04
5.743093677193214e+01,4.104901557213676e-03,4.158494829701592e-03,3.301290689161880e-03,0.000000000000000e+00,3.427685115946285e-04,3.973023993240792e-04
5.850081713279973e+01,4.090999124309389e-03,4.145203676969171e-03,3.031469619091919e-03,0.000000000000000e+00,3.372873517786155e-04,3.740042012246948e-04
5.959062828447291e+01,4.076623772912842e-03,4.131493737937985e-03,2.771346854565109e-03,0.000000000000000e+00,3.317050013074243e-04,3.453610818223826e-04
6.070074151745915e+01,4.061760558968139e-03,4.117353858789661e-03,2.521724775789463e-03,0.000000000000000e+00,3.260318608804815e-04,3.223359169326469e-04
6.183153503903320e+01,4.046394138145035e-03,4.102772778812588e-03,2.284777754904002e-03,0.000000000000000e+00,3.202192094277278e-04,2.942478876785568e-04
6.298339410208941e+01,4.030508759992772e-03,4.087739059190487e-03,2.061708964017728e-03,0.000000000000000e+00,3.142660041701787e-04,2.668262235441514e-04
6.415671113639453e+01,4.014088262398205e-03,4.072241129548307e-03,1.826023850949578e-03,0.000000000000000e+00,3.081714309996488e-04,2.402770564884832e-04
6.535188588228567e+01,3.997116066389539e-03,4.056267288610384e-03,1.647000186770491e-03,0.000000000000000e+00,3.021067701676105e-04,2.150203949507652e-04
6.656932552685871e+01,3.979575171330162e-03,4.039805693358804e-03,1.486778344335454e-03,0.000000000000000e+00,2.959035653080785e-04,1.913769057610431e-04
6.780944484269398e+01,3.961448150550640e-03,4.022844407179702e-03,1.409587547229597e-03,0.000000000000000e+00,2.895570818324547e-04,1.668219419913744e-04
6.907266632916621e+01,3.942717147470537e-03,4.005371635278611e-03,1.336256416067118e-03,0.000000000000000e+00,2.832315614322115e-04,1.499485514659101e-04
7.035942035638679e+01,3.923363872265748e-03,3.987375107807963e-03,1.263774917054939e-03,0.000000000000000e+00,2.767765219640575e-04,1.411001671115071e-04
7.167014531182780e+01,3.903369599141214e-03,3.968842819503353e-03,1.192311188296945e-03,0.000000000000000e+00,2.702557557731546e-04,1.343119042038537e-04
7.300528774967718e+01,3.882715164273392e-03,3.949762613477593e-03,1.122034789327278e-03,0.000000000000000e+00,2.636893836286781e-04,1.275665412564955e-04
7.436530254297652e+01,3.861380964491607e-03,3.930122417488546e-03,1.053118789921407e-03,0.000000000000000e+00,2.570342188505887e-04,1.208790562881254e-04
7.575065303859287e+01,3.839346956772606e-03,3.909910075865952e-03,9.857223169648208e-04,0.000000000000000e+00,2.503589868814572e-04,1.142642145635706e-04
7.716181121507745e+01,3.816592658627951e-03,3.889113571237320e-03,9.200158377580529e-04,0.000000000000000e+00,2.436131487096383e-04,1.077374128788964e-04
7.859925784346554e+01,3.793097149469783e-03,3.867720981493990e-03,8.561541305846732e-04,0.000000000000000e+00,2.368308051385806e-04,1.013156848943647e-04
8.006348265107114e+01,3.768839073046616e-03,3.845720457375793e-03,7.942820933699477e-04,0.000000000000000e+00,2.300282583786037e-04,9.501324073862983e-05
8.155498448833366e+01,3.743796641047379e-03,3.823100411095668e-03,7.345364192120627e-04,0.000000000000000e+00,2.231573799600658e-04,8.884636329445138e-05
8.307427149877248e+01,3.717947637978958e-03,3.799849156421387e-03,6.770493604404322e-04,0.000000000000000e+00,2.163120542637360e-04,8.283090934095779e-05
8.462186129210762e+01,3.691269427429912e-03,3.775955660660144e-03,6.219404090951557e-04,0.000000000000000e+00,2.094327478900338e-04,7.698255893742278e-05
8.619828112060560e+01,3.663738959840950e-03,3.751409093925450e-03,5.693154083863864e-04,0.000000000000000e+00,2.025228810302953e-04,7.131678073605880e-05
8.780406805871020e+01,3.635332781911246e-03,3.726198259295110e-03,5.192630207434383e-04,0.000000000000000e+00,1.956215773427494e-04,6.584833442554616e-05
8.943976918601979e+01,3.606027047778558e-03,3.700313641589323e-03,4.718512602880410e-04,0.000000000000000e+00,1.887394731182377e-04,6.059140628720543e-05
9.110594177367325e+01,3.575797532120751e-03,3.673745097364069e-03,4.271005677628858e-04,0.000000000000000e+00,1.818580955499148e-04,5.555874034364175e-05
9.280315347420809e+01,3.544619645336405e-03,3.646483689418905e-03,3.850025282916277e-04,0.000000000000000e+00,1.749895324040430e-04,5.076095593435166e-05
9.453198251495535e+01,3.512468450973031e-03,3.618520544174368e-03,3.455208991771631e-04,0.000000000000000e+00,1.681443080256966e-04,4.620472655607615e-05
9.629301789503742e+01,3.479318685582868e-03,3.589847757524944e-03,3.086187847483300e-04,0.000000000000000e+00,1.613323870566294e-04,4.189110425603995e-05
9.808685958603560e+01,3.445144781198459e-03,1.200508660399650e-03,2.742527409230911e-04,0.000000000000000e+00,1.545626856933911e-04,3.781902810251073e-05
9.991411873639589e+01,3.409920890633169e-03,1.170395783473772e-03,2.423721195273550e-04,0.000000000000000e+00,1.478436592219472e-04,3.398692073197104e-05
1.017754178796427e+02,3.373620915825575e-03,1.139553911255894e-03,2.129212663128781e-04,0.000000000000000e+00,1.411839688745667e-04,3.039334330654981e-05
1.036713911464717e+02,3.336218539461342e-03,1.107979585181437e-03,1.858383251658279e-04,0.000000000000000e+00,1.345921510043634e-04,2.703457322073272e-05
1.056026844807924e+02,3.297687260121766e-03,1.075668560079248e-03,1.610558561595172e-04,0.000000000000000e+00,1.280753745238073e-04,2.390869121083643e-05
1.075699558597980e+02,3.258000431224633e-03,1.042619130951852e-03,1.384994966761279e-04,0.000000000000000e+00,1.937340248769104e-04,2.101161210754812e-05
1.095738755181315e+02,3.217131304040748e-03,1.008830698030554e-03,1.180899473436429e-04,0.000000000000000e+00,2.199208703434634e-04,1.833924191860638e-05
1.116151261762315e+02,3.175053075087978e-03,9.743041679493583e-04,9.974192827393760e-05,0.000000000000000e+00,2.385931864508612e-04,1.588644230180110e-05
1.136944032729280e+02,3.131738938224666e-03,9.390420764222174e-04,8.336489193050387e-05,0.000000000000000e+00,2.545531309535921e-04,1.364798054132051e-05
1.158124152023750e+02,3.087162141785094e-03,9.030487570412850e-04,6.886329848848719e-05,0.000000000000000e+00,2.698029113554736e-04,1.161770731168807e-05
1.179698835553937e+02,3.041296051122269e-03,8.663306627717367e-04,5.613704245834875e-05,0.000000000000000e+00,2.823187090332042e-04,9.788833466316793e-06
1.201675433653142e+02,2.994114216946789e-03,8.288962819742358e-04,4.508083555529115e-05,0.000000000000000e+00,2.919830586125206e-04,8.154127935619206e-06
1.224061433583945e+02,2.945590449875946e-03,7.907565341425020e-04,3.558551080256648e-05,0.000000000000000e+00,3.012347149369141e-04,6.705389134655561e-06
1.246864462089080e+02,2.895698901633756e-03,7.519248568561687e-04,2.753765150296782e-05,0.000000000000000e+00,3.122240695049339e-04,5.434006471151068e-06
1.270092287989784e+02,2.844414153371218e-03,7.124175754895717e-04,2.081912903671078e-05,0.000000000000000e+00,3.191170789307039e-04,4.330597211609590e-06
1.293752824832600e+02,2.791711311605920e-03,6.722538663998706e-04,1.531326244176007e-05,0.000000000000000e+00,3.299143357489063e-04,3.384981902232461e-06
1.317854133585442e+02,2.737566112312433e-03,6.319632633005634e-04,1.089464099639887e-05,0.000000000000000e+00,3.375198538259656e-04,2.586840811919658e-06
1.342404425383928e+02,2.681955033728426e-03,5.926375327163781e-04,7.440494445703283e-06,0.000000000000000e+00,3.461566139019808e-04,1.924661568883214e-06
1.367412064328829e+02,2.624855418477857e-03,5.543361458887636e-04,4.826855232654386e-06,0.000000000000000e+00,3.539313228727269e-04,1.386457661125301e-06
1.392885570335680e+02,2.566245605650341e-03,5.170847559748318e-04,2.929474465398880e-06,0.000000000000000e+00,3.608118168793500e-04,9.599537790136712e-07
1.418833622037428e+02,2.506105073516663e-03,4.809088273492479e-04,1.625173584028837e-06,0.000000000000000e+00,3.676223735578770e-04,6.327501537657990e-07
1.445265059741199e+02,2.444414593603009e-03,4.458354066514545e-04,7.933986080911122e-07,0.000000000000000e+00,3.732798344842676e-04,3.911132427095723e-07
1.472188888440105e+02,2.381156396892411e-03,4.118893857330359e-04,3.163353831698169e-07,0.000000000000000e+00,3.771561016258135e-04,2.218610710857146e-07
1.499614280881194e+02,2.316314352969802e-03,3.790977687398339e-04,8.973656426941434e-08,0.000000000000000e+00,3.803279446622198e-04,1.114881342918530e-07
1.527550580690522e+02,2.249874162978769e-03,3.474867656541682e-04,1.092798153471401e-08,0.000000000000000e+00,3.842558480758434e-04,4.634587524684824e-08
1.556007305556475e+02,2.181823567311960e-03,3.170827486273574e-04,0.000000000000000e+00,0.000000000000000e+00,3.904301283682023e-04,1.406894887685293e-08
1.584994150472347e+02,2.112152569015186e-03,2.879120614159884e-04,0.000000000000000e+00,0.000000000000000e+00,3.884377104007844e-04,1.966789618451976e-09
1.614520991039385e+02,2.040853673945874e-03,2.600008863104908e-04,0.000000000000000e+00,0.000000000000000e+00,3.908889823354752e-04,0.000000000000000e+00
1.644597886831299e+02,1.967922148791752e-03,2.333755772916915e-04,0.000000000000000e+00,0.000000000000000e+00,3.930498883801349e-04,0.000000000000000e+00
1.675235084821515e+02,1.893356298123870e-03,2.080616921482877e-04,0.000000000000000e+00,0.000000000000000e+00,3.876140481239539e-04,0.000000000000000e+00
1.706443022874211e+02,1.817157761731266e-03,1.840848580946551e-04,0.000000000000000e+00,0.000000000000000e+00,3.867799207947782e-04,0.000000000000000e+00
1.738232333300452e+02,1.739331833561328e-03,1.614702322783663e-04,0.000000000000000e+00,0.000000000000000e+00,3.783893346794049e-04,0.000000000000000e+00
1.770613846480505e+02,1.659887803672112e-03,1.402426636878081e-04,0.000000000000000e+00,0.000000000000000e+00,3.750753382527070e-04,0.000000000000000e+00
1.803598594553700e+02,1.578839324689112e-03,1.204260708300680e-04,0.000000000000000e+00,0.000000000000000e+00,3.678715320369438e-04,0.000000000000000e+00
1.837197815176972e+02,1.496204804351345e-03,1.020439009628468e-04,0.000000000000000e+00,0.000000000000000e+00,3.566274131988462e-04,0.000000000000000e+00
1.871422955353467e+02,1.412007825828526e-03,8.511874402530005e-05,0.000000000000000e+00,0.000000000000000e+00,3.420822373859731e-04,0.000000000000000e+00
1.906285675332429e+02,1.326277597594823e-03,6.967229584978832e-05,0.000000000000000e+00,0.000000000000000e+00,3.278722692101280e-04,0.000000000000000e+00
1.941797852581786e+02,1.239049434753666e-03,5.572504389150129e-05,0.000000000000000e+00,0.000000000000000e+00,3.121715504545504e-04,0.000000000000000e+00
1.977971585834686e+02,1.150365273824727e-03,4.329660083570911e-05,0.000000000000000e+00,0.000000000000000e+00,2.950180785021326e-04,0.000000000000000e+00
2.014819199211467e+02,1.060274223126892e-03,3.240444353334645e-05,0.000000000000000e+00,0.000000000000000e+00,2.721221582500872e-04,0.000000000000000e+00
2.052353246418388e+02,9.688331510225585e-04,2.306552803938842e-05,0.000000000000000e+00,0.000000000000000e+00,2.483449497690969e-04,0.000000000000000e+00
2.090586515024567e+02,8.761073144282191e-04,1.529435289761408e-05,0.000000000000000e+00,0.000000000000000e+00,2.205884974525878e-04,0.000000000000000e+00
2.129532030818638e+02,7.821710301466027e-04,9.103700871033364e-06,0.000000000000000e+00,0.000000000000000e+00,1.910655194990166e-04,0.000000000000000e+00
2.169203062246505e+02,6.871083917410062e-04,4.504175450535915e-06,0.000000000000000e+00,0.000000000000000e+00,1.577941423332481e-04,0.000000000000000e+00
2.209613124931844e+02,5.910140348615986e-04,1.504018469900027e-06,0.000000000000000e+00,0.000000000000000e+00,1.223116702437279e-04,0.000000000000000e+00
2.250775986280731e+02,4.939939541806835e-04,0.000000000000000e+00,0.000000000000000e+00,0.000000000000000e+00,8.709789257930400e-05,0.000000000000000e+00
2.292705670172134e+02,3.961663755151372e-04,0.000000000000000e+00,0.000000000000000e+00,0.000000000000000e+00,5.329308531527521e-05,0.000000000000000e+00
2.335416461735708e+02,2.976626878649436e-04,0.000000000000000e+00,0.000000000000000e+00,0.000000000000000e+00,2.232928971321177e-05,0.000000000000000e+00
2.378922912218667e+02,1.986284455714419e-04,0.000000000000000e+00,0.000000000000000e+00,0.000000000000000e+00,2.402874538458363e-06,0.000000000000000e+00
2.423239843943250e+02,9.922450386208668e-05,0.000000000000000e+00,0.000000000000000e+00,0.000000000000000e+00,0.000000000000000e+00,0.000000000000000e+00
2.468382355356611e+02,0.000000000000000e+00,0.000000000000000e+00,0.000000000000000e+00,0.000000000000000e+00,0.000000000000000e+00,0.000000000000000e+00
