# energy,pi_pi_pi0,pi_e_ve,pi_mu_vm,pi_pi
2.487993956432261e-02,1.574486309275118e-08,3.320895402720061e-08,4.290742653484393e-08,3.666924291702050e-10
2.534342771575479e-02,1.633674141420136e-08,3.445712469679571e-08,4.452019081985329e-08,3.804741147694726e-10
2.581555018343853e-02,1.695086551393010e-08,3.575219568773745e-08,4.619355927883076e-08,3.947736173824401e-10
2.629646781596704e-02,1.758807127203385e-08,3.709592857177191e-08,4.792980843585239e-08,4.096103842750677e-10
2.678634445838043e-02,1.824922596358908e-08,3.849015104412540e-08,4.973130028155676e-08,4.250045925903645e-10
2.728534700798645e-02,1.893522943707999e-08,3.993675940322081e-08,5.160048547902228e-08,4.409771767135693e-10
2.779364547122114e-02,1.964701533701700e-08,4.143772112325342e-08,5.353990668974086e-08,4.575498566617399e-10
2.831141302156882e-02,2.038555237240060e-08,4.299507752309566e-08,5.555220202417775e-08,4.747451675360103e-10
2.883882605856095e-02,2.115184563274692e-08,4.461094653512993e-08,5.764010862157481e-08,4.925864900761876e-10
2.937606426787412e-02,2.194693795345602e-08,4.628752557774239e-08,5.980646636382833e-08,5.110980823588596e-10
2.992331068254766e-02,2.277191133236986e-08,4.802709453534957e-08,6.205422172845220e-08,5.303051126816888e-10
3.048075174534159e-02,2.362788839943615e-08,4.983201884997411e-08,6.438643178582400e-08,5.502336936781774e-10
3.104857737225631e-02,2.451603394146586e-08,5.170475272853466e-08,6.680626834610492e-08,5.709109177088187e-10
3.162698101723550e-02,2.543755648404627e-08,5.364784247017071e-08,6.931702226142593e-08,5.923648935762672e-10
3.221615973807448e-02,2.639370993274854e-08,5.566392991808354e-08,7.192210788913983e-08,6.146247846139260e-10
3.281631426355636e-02,2.738579527584858e-08,5.775575604054101e-08,7.462506772215586e-08,6.377208481991855e-10
3.342764906183875e-02,2.841516235086252e-08,5.992616464586640e-08,7.742957719259540e-08,6.616844767444461e-10
3.405037241011458e-02,2.948321167728475e-08,6.217810623641201e-08,8.033944965524293e-08,6.865482402210439e-10
3.468469646557059e-02,3.059139635800454e-08,6.451464200670226e-08,8.335864155750362e-08,7.123459302732297e-10
3.533083733766765e-02,3.174122405197055e-08,6.693894799112514e-08,8.649125780283036e-08,7.391126059814808e-10
3.598901516176770e-02,3.293425902076771e-08,6.945431936674979e-08,8.974155731484256e-08,7.668846413366265e-10
3.665945417413219e-02,3.417212425187090e-08,7.206417491705585e-08,9.311395880962610e-08,7.956997744885449e-10
3.734238278831767e-02,3.545650366144220e-08,7.477206166257400e-08,9.661304678398266e-08,8.255971588355497e-10
3.803803367299462e-02,3.678914437964630e-08,7.758165966466128e-08,1.002435777276863e-07,8.566174160230528e-10
3.874664383121593e-02,3.817185912156870e-08,8.049678700886438e-08,1.040104865681036e-07,8.888026909226141e-10
3.946845468116204e-02,3.960652864693677e-08,8.352140497456413e-08,1.079188933558436e-07,9.221967086651317e-10
4.020371213839030e-02,4.109510431196275e-08,8.665962339784286e-08,1.119741102004273e-07,9.568448338046602e-10
4.095266669961660e-02,4.263961071675178e-08,8.991570623477342e-08,1.161816484652991e-07,9.927941316921814e-10
4.171557352805770e-02,4.424214845184578e-08,9.329407733259542e-08,1.205472262318480e-07,1.030093432141570e-09
4.249269254036343e-02,4.590489694760745e-08,9.679932641652120e-08,1.250767760424673e-07,1.068793395473072e-09
4.328428849516837e-02,4.763011743028642e-08,1.004362153002012e-07,1.297764529330505e-07,1.108946581022744e-09
4.409063108329310e-02,4.942015598875258e-08,1.042096843281749e-07,1.346526427657110e-07,1.150607518209583e-09
4.491199501962588e-02,5.127744675603001e-08,1.081248590589428e-07,1.397119708729083e-07,1.193832780255475e-09
4.574866013671595e-02,5.320451520991883e-08,1.121870571976140e-07,1.449613110245817e-07,1.238681060656596e-09
4.660091148011036e-02,5.520398159715162e-08,1.164017957874156e-07,1.504077947303213e-07,1.285213252508561e-09
4.746903940546688e-02,5.727856448569680e-08,1.207747986696938e-07,1.560588208890511e-07,1.333492530791365e-09
4.835333967747599e-02,5.943108444999238e-08,1.253120042223921e-07,1.619220657991623e-07,1.383584437724124e-09
4.925411357062575e-02,6.166446789407232e-08,1.300195733873628e-07,1.680054935425131e-07,1.435556971303642e-09
5.017166797184367e-02,6.398175101773063e-08,1.349038979972472e-07,1.743173667562077e-07,1.489480677145042e-09
5.110631548505085e-02,6.638608393106165e-08,1.399716094130625e-07,1.808662578065831e-07,1.545428743747119e-09
5.205837453766378e-02,6.888073492291150e-08,1.452295874840386e-07,1.876610603803668e-07,1.603477101309499e-09
5.302816948908021e-02,7.146909488898236e-08,1.506849698416777e-07,1.947110015085179e-07,1.663704524233461e-09
5.401603074118592e-02,7.415468192554406e-08,1.563451615404509e-07,2.020256540388432e-07,1.726192737443088e-09
5.502229485092022e-02,7.694114609492913e-08,1.622178450580045e-07,2.096149495740702e-07,1.791026526668481e-09
5.604730464493833e-02,7.983227436921585e-08,1.683109906682216e-07,2.174891918926777e-07,1.858293852837935e-09
5.709140933640992e-02,8.283199575874241e-08,1.746328672009782e-07,2.256590708704226e-07,1.928085970731460e-09
5.815496464399336e-02,8.594438663234160e-08,1.811920532029444e-07,2.341356769211645e-07,2.000497552053567e-09
5.923833291302646e-02,8.917367623644041e-08,1.879974485143063e-07,2.429305159762758e-07,2.075626813089085e-09
6.034188323897479e-02,9.252425242043513e-08,1.950582862768339e-07,2.520555250226360e-07,2.153575647111787e-09
6.146599159317973e-02,9.600066757602589e-08,2.023841453892920e-07,2.615230882199494e-07,2.234449761721835e-09
6.261104095094912e-02,9.960764479848062e-08,2.099849634267699e-07,2.713460536188851e-07,2.318358821294512e-09
6.377742142203408e-02,1.033500842780929e-07,2.178710500411266e-07,2.815377505023351e-07,2.405416594729450e-09
6.496553038353647e-02,1.072330699304051e-07,2.260531008603739e-07,2.921120073729063e-07,2.495741108696433e-09
6.617577261529232e-02,1.112618762740852e-07,2.345422119054736e-07,3.030831706106104e-07,2.589454806581114e-09
6.740856043777727e-02,1.154419755656743e-07,2.433498945437097e-07,3.144661238256032e-07,2.686684713341396e-09
6.866431385258105e-02,1.197790452007647e-07,2.524880909984937e-07,3.262763079317346e-07,2.787562606492962e-09
6.994346068549895e-02,1.242789753915197e-07,2.619691904361943e-07,3.385297419676209e-07,2.892225193450455e-09
7.124643673228880e-02,1.289478771308159e-07,2.718060456513339e-07,3.512430446929300e-07,3.000814295459060e-09
7.257368590714335e-02,1.337920904536660e-07,2.820119903722826e-07,3.644334569885923e-07,3.113477038359870e-09
7.392566039392855e-02,1.388181930069759e-07,2.926008572103837e-07,3.781188650906986e-07,3.230366050441285e-09
7.530282080023912e-02,1.440330089390980e-07,3.035869962762909e-07,3.923178246889443e-07,3.351639667637928e-09
7.670563631432423e-02,1.494436181210668e-07,3.149852944881661e-07,4.070495859216094e-07,3.477462146348099e-09
7.813458486493632e-02,1.550573657118388e-07,3.268111955972862e-07,4.223341193002350e-07,3.608003884150696e-09
7.959015328415793e-02,1.608818720803199e-07,3.390807209575434e-07,4.381921425983763e-07,3.743441648712734e-09
8.107283747326170e-02,1.669250430974265e-07,3.518104910662935e-07,4.546451487400710e-07,3.883958815189302e-09
8.258314257166023e-02,1.731950808119233e-07,3.650177479050024e-07,4.717154347249621e-07,4.029745612428649e-09
8.412158312900332e-02,1.797004945242842e-07,3.787203781091892e-07,4.894261316283762e-07,4.180999378306629e-09
8.568868328048121e-02,1.864501122733456e-07,3.929369369982319e-07,5.078012357160482e-07,4.337924824526423e-09
8.728497692539340e-02,1.934530927510696e-07,4.076866734967189e-07,5.268656407146416e-07,4.500734311231674e-09
8.891100790904434e-02,2.007189376612988e-07,4.229895559801884e-07,5.466451712807189e-07,4.669648131793934e-09
9.056733020802726e-02,2.082575045389633e-07,4.388662990792833e-07,5.671666177123632e-07,4.844894808148260e-09
9.225450811895995e-02,2.160790200468146e-07,4.553383914776003e-07,5.884577719492804e-07,5.026711397064462e-09
9.397311645073650e-02,2.241940937673844e-07,4.724281247397840e-07,6.105474649088753e-07,5.215343807755594e-09
9.572374072036016e-02,2.326137325085152e-07,4.901586232077481e-07,6.334656052075179e-07,5.411047131239651e-09
9.750697735242475e-02,2.413493551414907e-07,5.085538750042862e-07,6.572432193180305e-07,5.614085981885736e-09
9.932343388231203e-02,2.504128079914868e-07,5.276387641847530e-07,6.819124932162637e-07,5.824734851591359e-09
1.011737291631745e-01,2.598163808007917e-07,5.474391040789764e-07,7.075068155715648e-07,6.043278477053761e-09
1.030584935767739e-01,2.695728232859908e-07,5.679816718670844e-07,7.340608225379260e-07,6.270012220614917e-09
1.049783692482478e-01,2.796953623110959e-07,5.892942444345151e-07,7.616104442046766e-07,6.505242465177037e-09
1.069340102648767e-01,2.901977196993970e-07,6.114056355531197e-07,7.901929527677044e-07,6.749287023703489e-09
1.089260828989264e-01,3.010941307076542e-07,6.343457344369539e-07,8.198470124844179e-07,7.002475563838434e-09
1.109552658346425e-01,3.123993631871117e-07,6.581455457231189e-07,8.506127314779435e-07,7.265150048197783e-09
1.130222503994728e-01,3.241287374567142e-07,6.828372309298263e-07,8.825317154584340e-07,7.537665190903932e-09
1.151277407995972e-01,3.362981469148264e-07,7.084541514457393e-07,9.156471234318114e-07,7.820388930957199e-09
1.172724543598457e-01,3.489240794167316e-07,7.350309131066005e-07,9.500037254688192e-07,8.113702923058346e-09
1.194571217680859e-01,3.620236394461730e-07,7.626034124171594e-07,9.856479626098953e-07,8.418003046518466e-09
1.216824873241620e-01,3.756145711102324e-07,7.912088844785085e-07,1.022628008984089e-06,8.733699932915266e-09
1.239493091934731e-01,3.897152819879216e-07,8.208859526830969e-07,1.060993836223089e-06,9.061219513178598e-09
1.262583596652741e-01,4.043448678639586e-07,8.516746802419209e-07,1.100797280254348e-06,9.401003584812180e-09
1.286104254157887e-01,4.195231383803536e-07,8.836166236107050e-07,1.142092110560285e-06,9.753510399983941e-09
1.310063077762246e-01,4.352706436396209e-07,9.167548878842839e-07,1.184934101993738e-06,1.011921527524348e-08
1.334468230057804e-01,4.516087017946589e-07,9.511341842308729e-07,1.229381109243018e-06,1.049861122365203e-08
1.359328025697396e-01,4.685594276616236e-07,9.868008894404738e-07,1.275493144043310e-06,1.089220961013852e-08
1.384650934227444e-01,4.861457623934334e-07,1.023803107664319e-06,1.323332455234634e-06,1.130054083092405e-08
1.410445582973464e-01,5.043915042529205e-07,1.062190734424998e-06,1.372963611770152e-06,1.172415501788696e-08
1.436720759979339e-01,5.233213405260526e-07,1.102015522979745e-06,1.424453588782352e-06,1.216362276877195e-08
1.463485417001334e-01,5.429608806171271e-07,1.143331153122327e-06,1.477871856818471e-06,1.261953590417817e-08
1.490748672557894e-01,5.633366903693460e-07,1.186193302511962e-06,1.533290474360510e-06,1.309250825229482e-08
1.518519815036256e-01,5.844763276557673e-07,1.230659720620883e-06,1.590784183749297e-06,1.358317646238661e-08
1.546808305856932e-01,6.064083792872498e-07,1.276790305395401e-06,1.650430510636345e-06,1.409220084806701e-08
1.575623782697142e-01,6.291624992856978e-07,1.324647182728659e-06,1.712309867091642e-06,1.462026626143365e-08
1.604976062774305e-01,6.527694485726616e-07,1.374294788846774e-06,1.776505658500055e-06,1.516808299917821e-08
1.634875146190684e-01,6.772611361251540e-07,1.425799955713644e-06,1.843104394383789e-06,1.573638774182203e-08
1.665331219340353e-01,7.026706616524229e-07,1.479231999563396e-06,1.912195803293198e-06,1.632594452726905e-08
1.696354658379618e-01,7.290323598493499e-07,1.534662812673334e-06,1.983872951913272e-06,1.693754575990975e-08
1.727956032762102e-01,7.563818462841602e-07,1.592166958494169e-06,2.058232368538404e-06,1.757201325655240e-08
1.760146108839676e-01,7.847560649802005e-07,1.651821770258448e-06,2.135374171073349e-06,1.823019933050284e-08
1.792935853530475e-01,8.141933377536985e-07,1.713707453192332e-06,2.215402199723977e-06,1.891298791516001e-08
1.826336438055245e-01,8.447334153716351e-07,1.777907190460270e-06,2.298424154547091e-06,1.962129572854203e-08
1.860359241743293e-01,8.764175305961720e-07,1.844507252976605e-06,2.384551738034599e-06,2.035607348020643e-08
1.895015855909343e-01,9.092884531844574e-07,1.913597113222914e-06,2.473900802913525e-06,2.111830712207980e-08
1.930318087802606e-01,9.433905469151015e-07,1.985269563214606e-06,2.566591505349619e-06,2.190901914476317e-08
1.966277964629425e-01,9.787698287151646e-07,2.059620836765423e-06,2.662748463749040e-06,2.272926992093510e-08
2.002907737650851e-01,1.015474029964146e-06,2.136750736203553e-06,2.762500923359303e-06,2.358015909752910e-08
2.040219886356558e-01,1.053552660054200e-06,2.216762763698471e-06,2.865982926877764e-06,2.446282703842058e-08
2.078227122716511e-01,1.093057072288605e-06,2.299764257363066e-06,2.973333491283165e-06,2.537845631941749e-08
2.116942395511842e-01,1.134040532203501e-06,2.385866532301362e-06,3.084696791113322e-06,2.632827327741092e-08
2.156378894746398e-01,1.176558288400850e-06,2.475185026777982e-06,3.200222348419714e-06,2.731354961560479e-08
2.196550056140479e-01,1.220667645983795e-06,2.567839453691569e-06,3.320065229637860e-06,2.833560406680974e-08
2.237469565708287e-01,1.266428042688762e-06,2.663953957540647e-06,3.444386249620571e-06,2.939580411685378e-08
2.279151364420652e-01,1.313901127812043e-06,2.763657277076880e-06,3.573352183089742e-06,3.049556779023175e-08
2.321609652954611e-01,1.363150844032040e-06,2.867082913847318e-06,3.707135983771218e-06,3.163636550018798e-08
2.364858896531474e-01,1.414243512231949e-06,2.974369306834156e-06,3.845917011486336e-06,3.281972196550042e-08
2.408913829845022e-01,1.467247919431350e-06,3.085660013407606e-06,3.989881267483212e-06,3.404721819631111e-08
2.453789462081498e-01,1.522235409939019e-06,3.201103896814774e-06,4.139221638300521e-06,3.532049355142658e-08
2.499501082033131e-01,1.579279979843230e-06,3.320855320435087e-06,4.294138148466617e-06,3.664124786959353e-08
2.546064263306912e-01,1.638458374959902e-06,3.445074349040525e-06,4.454838222347113e-06,3.801124367733832e-08
2.593494869630404e-01,1.699850192363213e-06,3.573926957306974e-06,4.621536955464839e-06,3.943230847604568e-08
2.641809060256396e-01,1.763537985627613e-06,3.707585245831348e-06,4.794457395626998e-06,4.090633711104065e-08
2.691023295468239e-01,1.829607373914786e-06,3.846227664917610e-06,4.973830834205853e-06,4.243529422552988e-08
2.741154342187744e-01,1.898147155043681e-06,3.990039246403689e-06,5.159897107930921e-06,4.402121680235223e-08
2.792219279687543e-01,1.969249422686649e-06,4.139211843810328e-06,5.352904911562777e-06,4.566621679658660e-08
2.844235505409871e-01,2.043009687839672e-06,4.293944381102273e-06,5.553112121831100e-06,4.737248386216424e-08
2.897220740893744e-01,2.119527004719816e-06,4.454443110361842e-06,5.760786133032413e-06,4.914228817573644e-08
2.951193037812561e-01,2.198904101248417e-06,4.620921878684859e-06,5.976204204696265e-06,5.097798336115438e-08
3.006170784124161e-01,2.281247514283953e-06,4.793602404619116e-06,6.199653821742269e-06,5.288200951802669e-08
3.062172710335475e-01,2.366667729774292e-06,4.972714564476099e-06,6.431433067564526e-06,5.485689635793322e-08
3.119217895883862e-01,2.455279328003837e-06,5.158496688857541e-06,6.671851010494492e-06,5.690526645198820e-08
3.177325775637337e-01,2.547201134117174e-06,5.351195869749474e-06,6.921228104108251e-06,5.902983859356536e-08
3.236516146515880e-01,2.642556374107095e-06,5.551068278547990e-06,7.179896601859664e-06,6.123343128011878e-08
3.296809174236098e-01,2.741472836461298e-06,5.758379495392662e-06,7.448200986536652e-06,6.351896631815953e-08
3.358225400181536e-01,2.844083039668774e-06,5.973404850195774e-06,7.726498415054268e-06,6.588947255557630e-08
3.420785748400981e-01,2.950524405793772e-06,6.196429775767974e-06,8.015159179115024e-06,6.834808974562103e-08
3.484511532737108e-01,3.060939440332301e-06,6.427750173453703e-06,8.314567182284156e-06,7.089807254701496e-08
3.549424464087969e-01,3.175475918573529e-06,6.667672791703162e-06,8.625120434045565e-06,7.354279466477284e-08
3.615546657803719e-01,3.294287078695948e-06,6.916515618020870e-06,8.947231561422195e-06,7.628575313648296e-08
3.682900641221157e-01,3.417531821836008e-06,7.174608284744960e-06,9.281328338763687e-06,7.913057276892917e-08
3.751509361338620e-01,3.545374919374973e-06,7.442292489125580e-06,9.627854236323389e-06,8.208101073009109e-08
3.821396192633851e-01,3.677987227698057e-06,7.719922428185442e-06,9.987268988266829e-06,8.514096130171321e-08
3.892584945027513e-01,3.815545910688447e-06,8.007865248860637e-06,1.036004918077412e-05,8.831446079779102e-08
3.965099871995048e-01,3.958234670227683e-06,8.306501513935240e-06,1.074668886091989e-05,9.160569265448473e-08
4.038965678829656e-01,4.106243984982920e-06,8.616225684299052e-06,1.114770016703586e-05,9.501899269713707e-08
4.114207531059201e-01,4.259771357771029e-06,8.937446618074179e-06,1.156361398128343e-05,9.855885459023976e-08
4.190851063019923e-01,4.419021571799126e-06,9.270588087172585e-06,1.199498060518634e-05,1.022299354763687e-07
4.268922386589860e-01,4.584206956091084e-06,9.616089311863954e-06,1.244237045889696e-05,1.060370618102850e-07
4.348448100084971e-01,4.755547660419866e-06,9.974405513950589e-06,1.290637480499349e-05,1.099852353945768e-07
4.429455297320983e-01,4.933271940076044e-06,1.034600848916387e-05,1.338760649763022e-05,1.140796396234088e-07
4.511971576844055e-01,5.117616450813829e-06,1.073138719941519e-05,1.388670075788791e-05,1.183256459411272e-07
4.596025051333391e-01,5.308826554327008e-06,1.113104838555284e-05,1.440431597619746e-05,1.227288205226675e-07
4.681644357179020e-01,5.507156634618877e-06,1.154551720129540e-05,1.494113454273611e-05,1.272949311829044e-07
4.768858664238005e-01,5.712870425642017e-06,1.197533786903184e-05,1.549786370672288e-05,1.320299545222861e-07
4.857697685772388e-01,5.926241350595986e-06,1.242107435819823e-05,1.607523646556729e-05,1.369400833162969e-07
4.948191688572283e-01,6.147552873283609e-06,1.288331108696138e-05,1.667401248485412e-05,1.420317341565025e-07
5.040371503267540e-01,6.377098861939416e-06,1.336265364796047e-05,1.729497905017541e-05,1.473115553511395e-07
5.134268534831512e-01,6.615183965957087e-06,1.385972955887873e-05,1.793895205185127e-05,1.527864350934267e-07
5.229914773280495e-01,6.862124005956399e-06,1.437518903863874e-05,1.860677700361043e-05,1.584635099059964e-07
5.327342804572485e-01,7.118246377644189e-06,1.490970581003686e-05,1.929933009633311e-05,1.643501733700554e-07
5.426585821708969e-01,7.383890469938320e-06,1.546397792965445e-05,2.001751928798975e-05,1.704540851481206e-07
5.527677636043544e-01,7.659408097838330e-06,1.603872864590620e-05,2.076228543094172e-05,1.767831803093904e-07
5.630652688801178e-01,7.945163950541729e-06,1.663470728610868e-05,2.153460343780205e-05,1.833456789670453e-07
5.735546062812078e-01,8.241536055320456e-06,1.725269017347559e-05,2.233548348708883e-05,1.901500962370023e-07
5.842393494464161e-01,8.548916257688066e-06,1.789348157496993e-05,2.316597226993646e-05,1.972052525278810e-07
5.951231385878160e-01,8.867710718404551e-06,1.855791468096666e-05,2.402715427916536e-05,2.045202841721682e-07
6.062096817309561e-01,9.198340427882580e-06,1.924685261770406e-05,2.492015314204533e-05,2.121046544088108e-07
6.175027559781573e-01,9.541241738576196e-06,1.996118949352603e-05,2.584613299812349e-05,2.199681647276962e-07
6.290062087953421e-01,9.896866915950642e-06,2.070185147994229e-05,2.680629992352354e-05,2.281209665867208e-07
6.407239593228383e-01,1.026568470865013e-05,2.146979792855803e-05,2.780190340315995e-05,2.365735735123815e-07
6.526599997106011e-01,1.064818093849888e-05,2.226602252494967e-05,2.883423785234741e-05,2.453368735950607e-07
6.648183964783076e-01,1.104485911098972e-05,2.309155448058803e-05,2.990464418932313e-05,2.544221423904138e-07
6.772032919007909e-01,1.145624104693386e-05,2.394745976393555e-05,3.101451146023790e-05,2.638410562384967e-07
6.898189054192810e-01,1.188286753596544e-05,2.483484237186912e-05,3.216527851820888e-05,2.736057060125048e-07
7.026695350789378e-01,1.232529901261453e-05,2.575484564260496e-05,3.335843575806644e-05,2.837286113092242e-07
7.157595589931625e-01,1.278411625568312e-05,2.670865361132723e-05,3.459552690846525e-05,2.942227350935137e-07
7.290934368351879e-01,1.325992111167954e-05,2.769749240974621e-05,3.587815088306861e-05,3.051014988093648e-07
7.426757113574564e-01,1.375333724308844e-05,2.872263171083699e-05,3.720796369255404e-05,3.163787979702899e-07
7.565110099393008e-01,1.426501090227553e-05,2.978538622003342e-05,3.858668041922637e-05,3.280690182420065e-07
7.706040461634588e-01,1.479561173184827e-05,3.088711721417594e-05,4.001607725606409e-05,3.401870520305745e-07
7.849596214219546e-01,1.534583359231689e-05,3.202923412953531e-05,4.149799361206201e-05,3.527483155893429e-07
7.995826265518978e-01,1.591639541792298e-05,3.321319620025675e-05,4.303433428577308e-05,3.657687666582335e-07
8.144780435017548e-01,1.650804210152670e-05,3.444051414859156e-05,4.462707170898859e-05,3.792649226490686e-07
8.296509470286612e-01,1.712154540946726e-05,3.571275192830379e-05,4.627824826253426e-05,3.932538793907915e-07
8.451065064273539e-01,1.775770492733594e-05,3.703152852266067e-05,4.798997866619637e-05,4.077533304485839e-07
8.608499872913106e-01,1.841734903762526e-05,3.839851979843417e-05,4.976445244482776e-05,4.227815870309957e-07
8.768867533066997e-01,1.910133593024306e-05,3.981546041735979e-05,5.160393647271911e-05,4.383575984993228e-07
8.932222680797460e-01,1.981055464690507e-05,4.157727595453631e-05,5.351077759835403e-05,4.545009734935367e-07
9.098620969981412e-01,2.054592616044568e-05,4.311620752533500e-05,5.548740535170074e-05,4.712320016891542e-07
9.268119091271305e-01,2.130840449011171e-05,4.471097524732154e-05,5.753633473622307e-05,4.885716761994588e-07
9.440774791409201e-01,2.209897785393030e-05,4.636357505314604e-05,5.966016910782385e-05,5.065417166375048e-07
9.616646892900655e-01,2.291866985926788e-05,4.807607224885187e-05,6.186160314296130e-05,5.251645928523127e-07
9.795795314055107e-01,2.376854073272369e-05,4.985060380326331e-05,6.414342589820548e-05,5.444635493536251e-07
9.978281089399594e-01,2.464968859052754e-05,5.168938070535906e-05,6.650852396352397e-05,5.644626304394907e-07
1.016416639047277e+00,2.556325075063759e-05,5.359469039115852e-05,6.895988471160792e-05,5.851867060408337e-07
1.035351454700627e+00,2.651040508776067e-05,5.556889924164716e-05,7.150059964556613e-05,6.066614982969892e-07
1.054639006850068e+00,2.749237143254387e-05,5.761445515326229e-05,7.413386784733102e-05,6.289136088759780e-07
1.074285866620345e+00,2.851041301621197e-05,5.973389018245246e-05,7.686299952912895e-05,6.519705470530314e-07
1.094298727549621e+00,2.956583796195167e-05,6.192982326581167e-05,7.969141969037647e-05,6.758607585605520e-07
1.114684407869917e+00,3.066000082436883e-05,6.420496301727241e-05,8.262267188236520e-05,7.006136552223294e-07
1.135449852830031e+00,3.179430417837051e-05,6.656211060382065e-05,8.566042208309592e-05,7.262596453843810e-07
1.156602137061733e+00,3.297020025884858e-05,6.900416270116903e-05,8.880846268461560e-05,7.528301651542908e-07
1.178148466990041e+00,3.418919265256548e-05,7.153411453079191e-05,9.207071659519688e-05,7.803577104603190e-07
1.200096183288392e+00,3.545283804366687e-05,7.415506297968791e-05,9.545124145867984e-05,8.088758699409020e-07
1.222452763379558e+00,3.676274801426884e-05,7.687020980419065e-05,9.895423399327062e-05,8.384193586744145e-07
1.245225823983147e+00,3.812059090158882e-05,7.968286491909509e-05,1.025840344520556e-04,8.690240527582018e-07
1.268423123710562e+00,3.952809371311104e-05,8.259644977330837e-05,1.063451312074489e-04,9.007270247449712e-07
1.292052565708303e+00,4.098704410129690e-05,8.561450081316455e-05,1.102421654617405e-04,9.335665799435452e-07
1.316122200350506e+00,4.249929239936886e-05,8.874067303446501e-05,1.142799360858493e-04,9.675822935898387e-07
1.340640227981652e+00,4.406675371971436e-05,9.197874362422094e-05,1.184634045883181e-04,1.002815048892599e-06
1.365615001710358e+00,4.569141011647063e-05,9.533261569297288e-05,1.227977002165027e-04,1.039307075957033e-06
1.391055030255219e+00,4.737531281386560e-05,9.880632209845800e-05,1.272881251918134e-04,1.077101991587842e-06
1.416968980843667e+00,4.912058450190159e-05,1.024040293612707e-04,1.319401600807620e-04,1.116244839971502e-06
1.443365682164828e+00,5.092942170097623e-05,1.061300416730281e-04,1.367594693034423e-04,1.156782134235647e-06
1.470254127377394e+00,5.280409719704456e-05,1.099888049974070e-04,1.417519067809399e-04,1.198761898881413e-06
1.497643477173519e+00,5.474696254892703e-05,1.139849112642506e-04,1.469235217230094e-04,1.242233713082275e-06
1.525543062899804e+00,5.676045066937093e-05,1.181231026567665e-04,1.522805645571907e-04,1.287248754840451e-06
1.553962389736415e+00,5.884707848146984e-05,1.224082759916391e-04,1.578294930003437e-04,1.333859845989229e-06
1.582911139935426e+00,6.100944965203879e-05,1.268454871916638e-04,1.635769782733695e-04,1.382121498026689e-06
1.612399176119490e+00,6.325025740353338e-05,1.314399558502747e-04,1.695299114596586e-04,1.432089958763004e-06
1.642436544641963e+00,6.557228740608602e-05,1.361970698870790e-04,1.756954100075460e-04,1.483823259760183e-06
1.673033479009616e+00,6.797842075121324e-05,1.411412470348690e-04,1.820808243767744e-04,1.537381264539228e-06
1.704200403369122e+00,7.047163700872331e-05,1.462724051111075e-04,1.886937448286586e-04,1.592825717525736e-06
1.735947936058478e+00,7.305501736832267e-05,1.515840242984774e-04,1.955420083593053e-04,1.650220293700517e-06
1.768286893224597e+00,7.573174786738454e-05,1.570822252172565e-04,2.026337057748763e-04,1.709630648917101e-06
1.801228292508287e+00,7.850512270629820e-05,1.627733216107827e-04,2.099771889074774e-04,1.771124470842878e-06
1.834783356797879e+00,8.137854765276871e-05,1.686638255147332e-04,2.175810779698219e-04,1.834771530475084e-06
1.868963518052781e+00,8.435554353637798e-05,1.747604525019202e-04,2.254542690463373e-04,1.900643734176929e-06
1.903780421198264e+00,8.743974983465151e-05,1.810701269986812e-04,2.336059417178682e-04,1.968815176172729e-06
1.939245928092793e+00,9.063492835180029e-05,1.875999876684067e-04,2.420455668165673e-04,2.039362191434051e-06
1.975372121569284e+00,9.394496699122117e-05,1.943573928571786e-04,2.507829143069580e-04,2.112363408881405e-06
2.012171309551626e+00,9.737388362274277e-05,2.013499260958669e-04,2.598280612884921e-04,2.187899804818118e-06
2.049656029247903e+00,1.009258300454985e-04,2.085854016523737e-04,2.691914001142169e-04,2.266054756504419e-06
2.087839051421728e+00,1.046050960471859e-04,2.160718701269866e-04,2.788836466193934e-04,2.346914095770588e-06
2.126733384743140e+00,1.084161135603407e-04,2.238176240830390e-04,2.889158484530787e-04,2.430566162558161e-06
2.166352280220571e+00,1.123634609161067e-04,2.318312037042409e-04,2.992993935047902e-04,2.517101858267606e-06
2.206709235715357e+00,1.164518671958191e-04,2.401214024691512e-04,3.100460184173996e-04,2.606614698779534e-06
2.247818000540359e+00,1.206862166805418e-04,2.486972728323077e-04,3.211678171763700e-04,2.699200867004348e-06
2.289692580144259e+00,1.250715533985024e-04,2.575681319005028e-04,3.326772497643281e-04,2.794959264802298e-06
2.332347240883100e+00,1.296130857701524e-04,2.667435670915841e-04,3.445871508687512e-04,2.893991564101777e-06
2.375796514880735e+00,1.343161913503478e-04,2.762334417619888e-04,3.569107386292717e-04,2.996402257029062e-06
2.420055204979811e+00,1.391864216668849e-04,2.860486147422884e-04,3.696616234096930e-04,3.102298704846456e-06
2.465138389784985e+00,1.442295071543483e-04,2.962086604997948e-04,3.828538165783269e-04,3.211791185478941e-06
2.511061428800094e+00,1.494513621819227e-04,3.067146438348256e-04,3.965017392786607e-04,3.324992939391061e-06
2.557839967661022e+00,1.548580901734876e-04,3.175775906200313e-04,4.106202311706359e-04,3.442020213556367e-06
2.605489943466051e+00,1.604559888179550e-04,3.288088298267814e-04,4.252245591209878e-04,3.562992303240815e-06
2.654027590205512e+00,1.662515553674198e-04,3.404199985989976e-04,4.403304258191091e-04,3.688031591299364e-06
2.703469444292582e+00,1.722514920202683e-04,3.524230471582012e-04,4.559539782927957e-04,3.817263584661173e-06
2.753832350197119e+00,1.784627113859337e-04,3.648302435129644e-04,4.721118162959581e-04,3.950816947653475e-06
2.805133466184446e+00,1.848923420274929e-04,3.776541779437800e-04,4.888210005379646e-04,4.088823531787188e-06
2.857390270161043e+00,1.915477340777615e-04,3.909077672320440e-04,5.060990607216863e-04,4.231418401598347e-06
2.910620565629138e+00,1.984364649239709e-04,4.046042585993678e-04,5.239640033545364e-04,4.378739856108750e-06
2.964842487752230e+00,2.055663449554855e-04,4.187572333207898e-04,5.424343192938361e-04,4.530929445436306e-06
3.020074509533602e+00,2.129454233683492e-04,4.333806099726303e-04,5.615289909846655e-04,4.688131982050619e-06
3.076335448109933e+00,2.205819940197284e-04,4.484886472727266e-04,5.812674993449726e-04,4.850495546131974e-06
3.133644471162159e+00,2.284846013245396e-04,4.640959464675662e-04,6.016698302490960e-04,5.018171484452190e-06
3.192021103445758e+00,2.366620461857169e-04,4.802202544722447e-04,6.227564805569935e-04,5.191314402153430e-06
3.251485233442686e+00,2.451233919486736e-04,4.968844736096453e-04,6.445484636323489e-04,5.370082146755912e-06
3.312057120137235e+00,2.538779703695487e-04,5.140940757279265e-04,6.670673142883217e-04,5.554635783677470e-06
3.373757399918119e+00,2.629353875857935e-04,5.318650497929027e-04,6.903350930950236e-04,5.745139562496735e-06
3.436607093609136e+00,2.723055300765403e-04,5.502137306788460e-04,7.143743899777811e-04,5.941760873137253e-06
3.500627613630805e+00,2.819985705990046e-04,5.691567976749524e-04,7.392083270299201e-04,6.144670191091892e-06
3.565840771295417e+00,2.920249740858944e-04,5.887112721107034e-04,7.648605604581047e-04,6.354041010745236e-06
3.632268784237989e+00,3.023955034874280e-04,6.088945140200347e-04,7.913552815722071e-04,6.570049765786025e-06
3.699934283985641e+00,3.131212255401008e-04,6.297242177585415e-04,8.187172167252036e-04,6.792875735631921e-06
3.768860323667995e+00,3.242135164427639e-04,6.512184064818909e-04,8.469716261017237e-04,7.022700936714518e-06
3.839070385871196e+00,3.356840674189034e-04,6.733954253871829e-04,8.761443012465256e-04,7.259709997393806e-06
3.910588390638259e+00,3.475448901422090e-04,6.962739336121443e-04,9.062615612163693e-04,7.504090015187006e-06
3.983438703618448e+00,3.598083220005981e-04,7.199257856220615e-04,9.373502472304341e-04,7.756030394907701e-06
4.057646144368467e+00,3.724870311718052e-04,7.443587606092383e-04,9.694377156855722e-04,8.015722666216206e-06
4.133235994808301e+00,3.855940214814546e-04,7.695527392110523e-04,1.002551829393263e-03,8.283360278981211e-06
4.210234007834575e+00,3.991426370121829e-04,7.955275571031930e-04,1.036720946885108e-03,8.559138374745678e-06
4.288666416094378e+00,4.131465664298764e-04,8.223032996590820e-04,1.071973909623022e-03,8.843253532475994e-06
4.368559940922519e+00,4.276198469904090e-04,8.499002831577286e-04,1.108340026938936e-03,9.135903486652446e-06
4.449941801445298e+00,4.425768681874157e-04,8.783390336816838e-04,1.145849058516732e-03,9.437286815630522e-06
4.532839723853844e+00,4.580323749985826e-04,9.076402635269696e-04,1.184531194216315e-03,9.747602598066035e-06
4.617281950850250e+00,4.740014706846963e-04,9.378248449349878e-04,1.224417031026050e-03,1.006705003505215e-05
4.703297251269611e+00,4.904996190922027e-04,9.689137809437286e-04,1.265537546915253e-03,1.039582803546207e-05
4.790914929881378e+00,5.075426464063665e-04,1.000937286464492e-03,1.307924071343062e-03,1.073413476182821e-05
4.880164837373266e+00,5.251467422981464e-04,1.033907681716141e-03,1.351608252163524e-03,1.108216713391462e-05
4.971077380521161e+00,5.433284604037174e-04,1.067846060908538e-03,1.396622018649356e-03,1.144012028695519e-05
5.063683532548476e+00,5.621047180710972e-04,1.102773596552463e-03,1.442997540338302e-03,1.180818698133485e-05
5.158014843678506e+00,5.814927953035605e-04,1.138711394981287e-03,1.490767181386317e-03,1.218655696028292e-05
5.254103451883346e+00,6.015103328244462e-04,1.175680444850526e-03,1.539963450090898e-03,1.257541625192769e-05
5.351982093833061e+00,6.221753291825586e-04,1.213701560911877e-03,1.590618943225701e-03,1.297494641182739e-05
5.451684116048819e+00,6.435061368116056e-04,1.252795322725269e-03,1.642766284803960e-03,1.338532370184442e-05
5.553243486263811e+00,6.655214569509825e-04,1.293101110583817e-03,1.696438058863201e-03,1.380671820096663e-05
5.656694804995793e+00,6.882403333286929e-04,1.334542875853973e-03,1.751666735837119e-03,1.423929284339992e-05
5.762073317335235e+00,7.116821445002564e-04,1.377119567949402e-03,1.808484592052293e-03,1.468320237896028e-05
5.869414924953047e+00,7.358665947300574e-04,1.420850147882904e-03,1.866923621857360e-03,1.513859225047883e-05
5.978756198332022e+00,7.608137032937547e-04,1.465752946654721e-03,1.927015441860525e-03,1.560559738260019e-05
6.090134389226113e+00,7.865437920719856e-04,1.511845565231938e-03,1.988791186717440e-03,1.608434087600094e-05
6.203587443351843e+00,8.130774712967456e-04,1.559144766423382e-03,2.052281395875666e-03,1.657493260067962e-05
6.319154013316111e+00,8.404356233023451e-04,1.607646954212258e-03,2.117515890643878e-03,1.707746768157253e-05
6.436873471784854e+00,8.686393841228246e-04,1.657380317289025e-03,2.184523640913597e-03,1.759202486932735e-05
6.556785924897023e+00,8.977101227670213e-04,1.708363835630607e-03,2.253332620818417e-03,1.811866478862007e-05
6.678932225928434e+00,9.276694179911251e-04,1.760609647209583e-03,2.323969652570204e-03,1.865742805592623e-05
6.803353989210184e+00,9.585390323765256e-04,1.814128368899190e-03,2.396460237663592e-03,1.920833325815526e-05
6.930093604306337e+00,9.903408835079093e-04,1.868928926830477e-03,2.470828374588912e-03,1.977137478302383e-05
7.059194250455731e+00,1.023097012032973e-03,1.925036625155152e-03,2.547096362139474e-03,2.034652049147943e-05
7.190699911282825e+00,1.056829546370656e-03,1.982455367877288e-03,2.625284587341562e-03,2.093370922188701e-05
7.324655389782588e+00,1.091560663819410e-03,2.041171347441825e-03,2.705411296974524e-03,2.153284811505694e-05
7.461106323584546e+00,1.127312547800758e-03,2.101184774315911e-03,2.787492351583608e-03,2.214380974852029e-05
7.600099200501179e+00,1.164107340956010e-03,2.162493110859278e-03,2.871540960819598e-03,2.276642906774506e-05
7.741681374365973e+00,1.201967093795659e-03,2.225090811244048e-03,2.957567398866561e-03,2.340050010123172e-05
7.885901081166516e+00,1.240913708581430e-03,2.289381879348388e-03,3.045578698641882e-03,2.404577244562643e-05
8.032807455478137e+00,1.280968878100203e-03,2.354987473635093e-03,3.135578323371011e-03,2.470194750614267e-05
8.182450547203693e+00,1.322154018967063e-03,2.421853411867444e-03,3.227565814052667e-03,2.536867447668365e-05
8.334881338625189e+00,1.364490199071339e-03,2.489959281409195e-03,3.321536411238336e-03,2.604554604310630e-05
8.490151761773067e+00,1.407998058754711e-03,2.559280058126915e-03,3.417480649452567e-03,2.673209379205929e-05
8.648314716119053e+00,1.452697725284157e-03,2.629336315110087e-03,3.515383922477295e-03,2.742778330675989e-05
8.809424086598623e+00,1.498608720154604e-03,2.700443182378208e-03,3.615226017614054e-03,2.813200892994248e-05
8.973534761969184e+00,1.545749858726516e-03,2.772647945539679e-03,3.716980616921982e-03,2.884408817301351e-05
9.140702653510273e+00,1.594139141672231e-03,2.845902744171521e-03,3.820614763306731e-03,2.956325574917812e-05
9.310984714072104e+00,1.643793637671541e-03,2.920278967244936e-03,3.926088289205080e-03,3.028865720695874e-05
9.484438957478989e+00,1.694729356761619e-03,2.996138781190782e-03,4.033353205472288e-03,3.101934213910264e-05
9.661124478294200e+00,1.746961113708932e-03,3.072874243923443e-03,4.142353047932850e-03,3.175425694036613e-05
9.841101471953055e+00,1.800502380730969e-03,3.150406844400755e-03,4.253022178900714e-03,3.249223708606671e-05
1.002443125527105e+01,1.855365128853443e-03,3.228648795319490e-03,4.365285040810713e-03,3.323199890160260e-05
1.021117628733403e+01,1.911559657143914e-03,3.307777962356676e-03,4.479055358929409e-03,3.397213079134759e-05
1.040140019077756e+01,1.969094409015307e-03,3.387442766681785e-03,4.594235289929222e-03,3.471108389343280e-05
1.059516777346265e+01,2.027975774742557e-03,3.467496320199608e-03,4.710714512914930e-03,3.544716212491838e-05
1.079254505055531e+01,2.088207879282266e-03,3.547806266641773e-03,4.828369259284798e-03,3.617851157973144e-05
1.099359926701746e+01,2.149792354428728e-03,3.627485903833980e-03,4.947061277590096e-03,3.690310923949598e-05
1.119839892051673e+01,2.212728094279799e-03,3.707059157807198e-03,5.066636729324754e-03,3.761875095499633e-05
1.140701378476316e+01,2.277010992922536e-03,3.786393065837119e-03,5.186925011331768e-03,3.832303865349562e-05
1.161951493328051e+01,2.342633663181210e-03,3.865524900493612e-03,5.307737500252924e-03,3.901336672446472e-05
1.183597476362060e+01,2.409585135199006e-03,3.944721906362195e-03,5.428866214173818e-03,3.968690753347617e-05
1.205646702202845e+01,2.477850533548988e-03,4.023142046462808e-03,5.550082429382971e-03,4.034059601116212e-05
1.228106682856722e+01,2.547410731489925e-03,4.100613205720514e-03,5.671135899014552e-03,4.097111326367064e-05
1.250985070271095e+01,2.618241980897504e-03,4.176604197019635e-03,5.791757445049870e-03,4.157550751863546e-05
1.274289658941425e+01,2.690315516311587e-03,4.251220703599506e-03,5.911664456789994e-03,4.215295081584383e-05
1.298028388566751e+01,2.763597131444754e-03,4.324408928288075e-03,6.030580512205771e-03,4.270313830812794e-05
1.322209346754689e+01,2.838046726396387e-03,4.396423797650670e-03,6.148227706559219e-03,4.322579215963804e-05
1.346840771776817e+01,2.913617823709515e-03,4.467080889716580e-03,6.264342967764244e-03,4.372066601985789e-05
1.371931055375394e+01,2.990257051294262e-03,4.535921089415105e-03,6.378683774610666e-03,4.418755296026445e-05
1.397488745622366e+01,3.067903590121598e-03,4.602778955222956e-03,6.490994667904276e-03,4.462628073713232e-05
1.423522549831626e+01,3.146488584463886e-03,4.667536527944278e-03,6.601057791918516e-03,4.503672456307363e-05
1.450041337525532e+01,3.225934512323903e-03,4.730143106896842e-03,6.708672174791010e-03,4.541880656515611e-05
1.477054143456689e+01,3.306154513551276e-03,4.790225211005716e-03,6.813608651238667e-03,4.577250234660441e-05
1.504570170686019e+01,3.387051672994041e-03,4.847758291860349e-03,6.915720292160917e-03,4.609784633808988e-05
1.532598793718177e+01,3.468518255872888e-03,4.902871440503128e-03,7.014799999534250e-03,4.639493663851988e-05
1.561149561695373e+01,3.550434892396048e-03,4.955167633432889e-03,7.110704318369044e-03,4.666394139903691e-05
1.590232201650694e+01,3.632669708453167e-03,5.004832580811066e-03,7.203298348305731e-03,4.690510454597364e-05
1.619856621822032e+01,3.715077399036263e-03,5.052456483923970e-03,7.292410306177412e-03,4.711875419895785e-05
1.650032915027748e+01,3.797498240834549e-03,5.099806721502055e-03,7.377976300532588e-03,4.730530841894685e-05
1.680771362105213e+01,3.879757040236646e-03,5.144528098713854e-03,7.459808876096122e-03,4.746528425035717e-05
1.712082435413421e+01,3.961662012748774e-03,5.185572173359410e-03,7.537897355259781e-03,4.759930465376492e-05
1.743976802400839e+01,4.043003654644353e-03,5.223483250308672e-03,7.612054111847765e-03,4.770811088273458e-05
1.776465329239725e+01,4.123555662733171e-03,5.258360721027795e-03,7.682309581807856e-03,4.779256599091603e-05
1.809559084528158e+01,4.203081756323934e-03,5.289752189882267e-03,7.748486372310466e-03,4.785367124534414e-05
1.843269343061019e+01,4.281342501005863e-03,5.318532893475184e-03,7.810643511264871e-03,4.789257425665884e-05
1.877607589671234e+01,4.358098464645955e-03,5.347840036175470e-03,7.868640467271475e-03,4.791058219758917e-05
1.912585523142571e+01,4.433112229828654e-03,5.374646918374633e-03,7.922518381208530e-03,4.790916852269987e-05
1.948215060195324e+01,4.506149944409676e-03,5.396287213080974e-03,7.972241353390050e-03,4.788999789829221e-05
1.984508339546256e+01,4.576982486507663e-03,5.414950925832543e-03,8.017743987896096e-03,4.785492920019268e-05
2.021477726044165e+01,4.645386447576606e-03,5.434093309906207e-03,8.059163975058875e-03,4.780603565940345e-05
2.059135814882494e+01,4.711144928565209e-03,5.452306760401803e-03,8.096344927893562e-03,4.774562221299053e-05
2.097495435890427e+01,4.774048099713882e-03,5.467641501380410e-03,8.129503222030854e-03,4.767623905038887e-05
2.136569657903906e+01,4.833894059892332e-03,5.480631473349699e-03,8.158598534321269e-03,4.760070428402833e-05
2.176371793218094e+01,4.890489069976254e-03,5.488881722335998e-03,8.183608657565957e-03,4.752643728541508e-05
2.216915402122767e+01,4.943648255045304e-03,5.494232735118625e-03,8.204814703100095e-03,4.744473138368218e-05
2.258214297522209e+01,4.993196315880128e-03,5.502186281122667e-03,8.222083402444656e-03,4.736021011277100e-05
2.300282549641165e+01,5.038967821397383e-03,5.509461759434158e-03,8.235543177454788e-03,4.727276791507254e-05
2.343134490818455e+01,5.080807332751644e-03,5.515637990108575e-03,8.245385457367528e-03,4.718231518561669e-05
2.386784720389903e+01,5.118570403314030e-03,5.519650293230241e-03,8.251459197077289e-03,4.708875387390484e-05
2.431248109662215e+01,5.152124751892842e-03,5.519715447202559e-03,8.253955001978879e-03,4.699198434996945e-05
2.476539806979528e+01,5.181348904827340e-03,5.520627818968243e-03,8.253065444753441e-03,4.689190302327027e-05
2.522675242884330e+01,5.206134879870957e-03,5.522263695656531e-03,8.248651062769502e-03,4.678840423937911e-05
2.569670135374537e+01,5.226388339903289e-03,5.520145003560516e-03,8.240771135242147e-03,4.668137928095705e-05
2.617540495258494e+01,5.242027491378540e-03,5.517534711385931e-03,8.229735044153723e-03,4.657071594172285e-05
2.666302631609739e+01,5.252987704739652e-03,5.516860196861253e-03,8.215456180029406e-03,4.645630036440068e-05
2.715973157323382e+01,5.259217185937989e-03,5.512460795484998e-03,8.197871448116626e-03,4.633801377994387e-05
2.766568994775992e+01,5.260684215748269e-03,5.506322405605567e-03,8.177130779294621e-03,4.621573527256457e-05
2.818107381590929e+01,5.257370783493091e-03,5.501580743068347e-03,8.153502497011893e-03,4.608934207531101e-05
2.870605876511068e+01,5.249281983531701e-03,5.492612167607497e-03,8.126872152232243e-03,4.595870437680445e-05
2.924082365380936e+01,5.236438409018337e-03,5.483633705843787e-03,8.097117254095393e-03,4.582369397378372e-05
2.978555067240277e+01,5.218885284392821e-03,5.480759733685042e-03,8.064412311576348e-03,4.568417587071916e-05
3.034042540531161e+01,5.196695095314782e-03,5.467735084755825e-03,8.029020474385175e-03,4.554001337874957e-05
3.090563689420683e+01,5.169961461819497e-03,5.456363419296416e-03,7.990917056699817e-03,4.539106495266471e-05
3.148137770241486e+01,5.138784147444781e-03,5.447860079173772e-03,7.949983608778240e-03,4.523719027301302e-05
3.206784398052248e+01,5.103277618596290e-03,5.435724522783047e-03,7.906170327708694e-03,4.507823889427038e-05
3.266523553320378e+01,5.063558694406697e-03,5.426756954809732e-03,7.859689970503351e-03,4.491406180239958e-05
3.327375588729226e+01,5.019752730292766e-03,5.407451830586271e-03,7.810792524651061e-03,4.474450444563829e-05
3.389361236112074e+01,4.971992379010902e-03,5.388453175631541e-03,7.759443330710906e-03,4.456941072269403e-05
3.452501613515328e+01,4.920409041489841e-03,5.382820224334192e-03,7.705549745904848e-03,4.438861972889266e-05
3.516818232393273e+01,4.865131930925009e-03,5.367315295197718e-03,7.649084701213393e-03,4.420196852522360e-05
3.582333004936867e+01,4.806288147669297e-03,5.350355373830589e-03,7.589947374365988e-03,4.400928762042308e-05
3.649068251539058e+01,4.744007786450787e-03,5.336989834843855e-03,7.528426358054741e-03,4.381040993333796e-05
3.717046708399178e+01,4.678422184602108e-03,5.320764120347582e-03,7.464758920851479e-03,4.360516033729352e-05
3.786291535268995e+01,4.609627373717737e-03,5.302360951778716e-03,7.398936482506379e-03,4.339336143529112e-05
3.856826323343063e+01,4.537819260493777e-03,5.287646183860603e-03,7.330950067937294e-03,4.317483669261130e-05
3.928675103296075e+01,4.463090957331867e-03,5.274659518340762e-03,7.260747462107258e-03,4.294939994674518e-05
4.001862353469925e+01,4.385568970379838e-03,5.251172868884152e-03,7.188314633565473e-03,4.271693105699495e-05
4.076413008213299e+01,4.305347745038345e-03,5.225072711198001e-03,7.113637604868106e-03,4.247705273203341e-05
4.152352466376621e+01,4.222619291106572e-03,5.212887266544310e-03,7.036663928880211e-03,4.222976221048369e-05
4.229706599965255e+01,4.137477872326006e-03,5.188028185943831e-03,6.957379298185705e-03,4.197480348292557e-05
4.308501762953899e+01,4.050022021351904e-03,5.167542076430305e-03,6.875949083616354e-03,4.171198129612947e-05
4.388764800265186e+01,3.960445944930875e-03,5.140425027062990e-03,6.792483191245227e-03,4.144109824499508e-05
4.470523056915555e+01,3.868821309105248e-03,5.123970595037704e-03,6.706958002451617e-03,4.116195475430637e-05
4.553804387331485e+01,3.775348550351147e-03,5.110458172481165e-03,6.619386252689161e-03,4.087434981384955e-05
4.638637164839299e+01,3.680104328853835e-03,5.088584662118320e-03,6.529774005206677e-03,4.057808131309818e-05
4.725050291331735e+01,3.583288983210118e-03,5.069215510245887e-03,6.438140984323856e-03,4.027294679138258e-05
4.813073207114612e+01,3.484984624163343e-03,5.032365256623867e-03,6.344477883448811e-03,3.995874008029472e-05
4.902735900936917e+01,3.385401952872383e-03,5.017161037388221e-03,6.248808181317326e-03,3.963525862116760e-05
4.994068920207750e+01,3.284637280955901e-03,4.989590711247825e-03,6.151149410124269e-03,3.930229782182296e-05
5.087103381403598e+01,3.182904622583530e-03,4.970609123138289e-03,6.051533292489229e-03,3.895965466796282e-05
5.181870980669482e+01,3.080301184147798e-03,4.955976229952823e-03,5.949971289579456e-03,3.860712614032965e-05
5.278404004617603e+01,2.977014735226637e-03,4.924158057916096e-03,5.846503049639308e-03,3.824451070402340e-05
5.376735341327144e+01,2.873242167317786e-03,4.894148857909804e-03,5.741165771268228e-03,3.787161080947787e-05
5.476898491548994e+01,2.769088855268564e-03,4.879530317069082e-03,5.634004410242755e-03,3.748822977192234e-05
5.578927580119204e+01,2.664750199774656e-03,4.841837913255697e-03,5.525071180249473e-03,3.709417482703677e-05
5.682857367585063e+01,2.560427739869214e-03,4.803057342109892e-03,5.414423128665672e-03,3.668925829588949e-05
5.788723262047756e+01,2.456240570771177e-03,4.773530287851798e-03,5.302125145340538e-03,3.627329683906613e-05
5.896561331225639e+01,2.352387862700588e-03,4.767465250927382e-03,5.188254833953504e-03,3.584611228609224e-05
6.006408314742244e+01,2.249042765797348e-03,4.721600512195254e-03,5.072888476573683e-03,3.540753668777457e-05
6.118301636643187e+01,2.146387780881729e-03,4.697168222305352e-03,4.956122279408479e-03,3.495740518660117e-05
6.232279418146269e+01,2.044618390181524e-03,4.672959797063476e-03,4.838055724551934e-03,3.449556544403561e-05
6.348380490629083e+01,1.943895508197757e-03,4.646084362198700e-03,4.718799591971208e-03,3.402187385366261e-05
6.466644408858576e+01,1.844413134336128e-03,4.605428087093324e-03,4.598477900847781e-03,3.353619920925714e-05
6.587111464467066e+01,1.746355516872879e-03,4.592217398005753e-03,4.477227453923188e-03,3.303842240875550e-05
6.709822699679293e+01,1.649907107963285e-03,4.553337462334148e-03,4.355112037197306e-03,3.252843914612951e-05
6.834819921295201e+01,1.555251284625597e-03,4.542897832029023e-03,4.232071792951930e-03,3.200616212944144e-05
6.962145714933206e+01,1.462569806841133e-03,4.501745815336987e-03,4.108244921825674e-03,3.147151977500219e-05
7.091843459538789e+01,1.372040968902801e-03,4.468030749507941e-03,3.983790641273869e-03,3.092446154292225e-05
7.223957342163389e+01,1.283837723808576e-03,4.424916002377424e-03,3.858880716145322e-03,3.036495872782212e-05
7.358532373018589e+01,1.198126933152273e-03,4.412926309057452e-03,3.733704035100503e-03,2.979300641943139e-05
7.495614400810770e+01,1.115067151430698e-03,4.379381142881826e-03,3.608463062624033e-03,2.920862468200015e-05
7.635250128361413e+01,1.034806424636269e-03,4.332926951021165e-03,3.483375283847924e-03,2.861186199383145e-05
7.777487128518399e+01,9.574804304866725e-04,4.319296870462170e-03,3.358677665781715e-03,2.800280324608374e-05
7.922373860363751e+01,8.831981855926549e-04,4.309122316862334e-03,3.234370701036310e-03,2.738155950942358e-05
8.069959685723235e+01,8.120911681073483e-04,4.265246999123073e-03,3.110312320765032e-03,2.674828371777883e-05
8.220294885983596e+01,7.442410563554952e-04,4.250165492493449e-03,2.986727817271889e-03,2.610316793854573e-05
8.373430679223038e+01,6.797219463069926e-04,4.206750367543640e-03,2.863860070664907e-03,2.544645231976383e-05
8.529419237660852e+01,6.185843900121620e-04,4.184403151689483e-03,2.741967893974758e-03,2.477841749087148e-05
8.688313705432085e+01,5.608270152141373e-04,4.160399226760802e-03,2.621336802113606e-03,2.409940059911692e-05
8.850168216693365e+01,5.065091292123852e-04,4.109686350116754e-03,2.502018703236312e-03,2.340979361566409e-05
9.015037914065989e+01,4.555910355414305e-04,4.083330762026499e-03,2.383902717729769e-03,2.271004908213488e-05
9.182978967422613e+01,4.080334456728783e-04,4.084614710351237e-03,2.267258274583842e-03,2.200068637558586e-05
9.354048593023900e+01,3.637441086058348e-04,4.065359345167762e-03,2.152374011882750e-03,2.128229152862810e-05
9.528305073011676e+01,3.227042285005277e-04,4.041243239670754e-03,2.039555955206184e-03,2.055553172412424e-05
9.705807775265217e+01,2.847718426268285e-04,4.002805651980050e-03,1.928771895446237e-03,1.982115305614353e-05
9.886617173627445e+01,2.499092831265856e-04,3.979089992602325e-03,1.820044985750286e-03,1.907999346780843e-05
1.007079486850791e+02,2.179914078843968e-04,3.970381004687868e-03,1.713666156949857e-03,1.833298153229334e-05
1.025840360786959e+02,1.888808561026854e-04,3.938511021541698e-03,1.609950734994713e-03,1.758115216334034e-05
1.044950730860666e+02,1.625256151749571e-04,3.916239487545532e-03,1.508964124767708e-03,1.682564904773352e-05
1.064417107832049e+02,1.387466467452347e-04,3.903299777593504e-03,1.768685521722109e-03,1.606773414900818e-05
1.084246123750131e+02,1.174813123045848e-04,3.885639754974021e-03,1.994574945362885e-03,1.530879763654966e-05
1.104444534212312e+02,9.853844901581339e-05,3.856551518408352e-03,2.125119274515627e-03,1.455036523601389e-05
1.125019220665952e+02,8.181501063519494e-05,3.831382911495730e-03,2.218870944505632e-03,1.379410944251735e-05
1.145977192752824e+02,6.720372255517940e-05,3.820888212744539e-03,2.299476696112746e-03,1.304186062496175e-05
1.167325590697251e+02,5.449972084099968e-05,3.823422701760535e-03,2.371717977734630e-03,1.229561582590714e-05
1.189071687738724e+02,4.358955476772344e-05,3.805452754900416e-03,2.430810756300133e-03,1.155755339017880e-05
1.211222892609843e+02,3.435880997885914e-05,3.780536664575251e-03,2.500230658202358e-03,1.083004543537948e-05
1.233786752060414e+02,2.659423255393971e-05,3.783174880113304e-03,2.529325923301025e-03,1.011566899594819e-05
1.256770953428572e+02,2.018025550256227e-05,3.766778443581526e-03,2.598830874636659e-03,9.417223710027714e-06
1.280183327259799e+02,1.500306134744933e-05,3.745028900599488e-03,2.645581071683644e-03,8.737744694703709e-06
1.304031849974734e+02,1.085037218750647e-05,3.730926166445395e-03,2.702747701704395e-03,8.080520892632020e-06
1.328324646586675e+02,7.614492948341210e-06,3.696533150873474e-03,2.716013575675240e-03,7.448463136171244e-06
1.353069993469716e+02,5.158690906830679e-06,3.655155603172841e-03,2.792362219712889e-03,6.842356347685979e-06
1.378276321178443e+02,3.352731237133673e-06,3.645343767209922e-03,2.840053718587659e-03,6.262471414348793e-06
1.403952217320160e+02,2.074301980308817e-06,3.612036818752889e-03,2.893770644716135e-03,5.709049339732890e-06
1.430106429480624e+02,1.210699848866042e-06,3.596388181590969e-03,2.896436543584415e-03,5.182297565185814e-06
1.456747868204284e+02,6.601747289434278e-07,3.598828338955972e-03,2.943582207518276e-03,4.682386140148520e-06
1.483885610030031e+02,3.336776251349164e-07,3.559105491525701e-03,2.953302115985255e-03,4.209446632630218e-06
1.511528900583513e+02,1.562604502385588e-07,3.505222839862638e-03,3.005100364670954e-03,3.763561350556495e-06
1.539687157727046e+02,6.844240915576714e-08,3.457051772647927e-03,3.002495490128512e-03,3.344765283704047e-06
1.568369974768214e+02,2.694953532735218e-08,3.386198130969852e-03,3.036974803705653e-03,2.953038632064127e-06
1.597587123728232e+02,5.420333803947566e-09,3.355246912488642e-03,3.105746373490511e-03,2.588301388331216e-06
1.627348558671204e+02,0.000000000000000e+00,3.278677201207194e-03,3.074640666860047e-03,2.250407958319045e-06
1.657664419095396e+02,0.000000000000000e+00,3.224762496766793e-03,3.049407944656903e-03,1.939141349084889e-06
1.688545033387690e+02,0.000000000000000e+00,3.115828663344816e-03,3.071884470038894e-03,1.654206552874778e-06
1.720000922342384e+02,0.000000000000000e+00,3.030030812630394e-03,3.019898003271411e-03,1.395223659712214e-06
1.752042802745554e+02,0.000000000000000e+00,2.907591784033798e-03,2.993584748099222e-03,1.161720244685850e-06
1.784681591026176e+02,0.000000000000000e+00,2.812814901238892e-03,2.929043779581059e-03,9.531242450004799e-07
1.817928406975276e+02,0.000000000000000e+00,2.671113745889870e-03,2.896206432571337e-03,7.687542202713770e-07
1.851794577534359e+02,0.000000000000000e+00,2.507234842390336e-03,2.800665283423567e-03,6.078115189494226e-07
1.886291640654412e+02,0.000000000000000e+00,2.334557794018169e-03,2.722175631625929e-03,4.693698481822617e-07
1.921431349226798e+02,0.000000000000000e+00,2.168081675571434e-03,2.613854580772056e-03,3.523653248772217e-07
1.957225675087381e+02,0.000000000000000e+00,1.956430925607015e-03,2.481710909650466e-03,2.555852032833709e-07
1.993686813095234e+02,0.000000000000000e+00,1.737202050034463e-03,2.343993392462202e-03,1.776561496547492e-07
2.030827185287347e+02,0.000000000000000e+00,1.506272371472091e-03,2.172902542742913e-03,1.170322093062669e-07
2.068659445110712e+02,0.000000000000000e+00,1.260885439349607e-03,1.965657646961827e-03,7.198010448850563e-08
2.107196481733260e+02,0.000000000000000e+00,1.001970226904460e-03,1.743746414568725e-03,4.056603710888405e-08
2.146451424435109e+02,0.000000000000000e+00,7.298258782258738e-04,1.510650212925906e-03,2.063983662186591e-08
2.186437647081606e+02,0.000000000000000e+00,4.741131665333419e-04,1.248000597351881e-03,9.821830374740807e-09
2.227168772679707e+02,0.000000000000000e+00,2.386492959595306e-04,9.837673454688733e-04,5.473736331976822e-09
2.268658678019230e+02,0.000000000000000e+00,5.706818870076433e-05,6.841711797535188e-04,4.698595174668845e-09
2.310921498400576e+02,0.000000000000000e+00,2.449095412802921e-07,4.131071728798067e-04,0.000000000000000e+00
2.353971632450519e+02,0.000000000000000e+00,9.755873999017312e-08,1.714153126524369e-04,0.000000000000000e+00
2.397823747027711e+02,0.000000000000000e+00,7.063155462885771e-08,1.143167407639211e-05,0.000000000000000e+00
2.442492782219570e+02,0.000000000000000e+00,2.187645079991713e-08,0.000000000000000e+00,0.000000000000000e+00
2.487993956432260e+02,0.000000000000000e+00,0.000000000000000e+00,0.000000000000000e+00,0.000000000000000e+00
