# energy,pi_pi_pi0,pi_pi,mu_mu
3.784533544472523e-02,3.985730498926880e-07,1.036274677453238e-08,6.368467723765793e-11
3.855035582953194e-02,4.135474994749672e-07,1.075188363231731e-08,6.607525020214189e-11
3.926851003220953e-02,4.290842722626135e-07,1.115562242256524e-08,6.855547642784532e-11
4.000004272252298e-02,4.452044693804368e-07,1.157451045399537e-08,7.112871341932106e-11
4.074520312818794e-02,4.619299828965358e-07,1.200911551455700e-08,7.379844414829534e-11
4.150424511978076e-02,4.792835254197031e-07,1.246002663572569e-08,7.656828172677930e-11
4.227742729723028e-02,4.972886608015265e-07,1.292785488520883e-08,7.944197425334660e-11
4.306501307792087e-02,5.159698359842565e-07,1.341323418911057e-08,8.242340983894202e-11
4.386727078643680e-02,5.353524140370252e-07,1.391682218464358e-08,8.551662181881875e-11
4.468447374597840e-02,5.554627084245756e-07,1.443930110451554e-08,8.872579415743956e-11
4.551690037148123e-02,5.763280185542922e-07,1.498137869415902e-08,9.205526705342658e-11
4.636483426446997e-02,5.979766666490112e-07,1.554378916301627e-08,9.550954275189917e-11
4.722856430967931e-02,6.204380359948423e-07,1.612729417113476e-08,9.909329157180700e-11
4.810838477347492e-02,6.437426106150529e-07,1.673268385237494e-08,1.028113581561391e-10
4.900459540410766e-02,6.679220164229349e-07,1.736077787557910e-08,1.066687679531741e-10
4.991750153383564e-02,6.930090639085468e-07,1.801242654509962e-08,1.106707339372333e-10
5.084741418294864e-02,7.190377924162245e-07,1.868851194213548e-08,1.148226635777026e-10
5.179465016573038e-02,7.460435160718583e-07,1.938994910837902e-08,1.191301660654044e-10
5.275953219839477e-02,7.740628714211123e-07,2.011768727352886e-08,1.235990598057287e-10
5.374238900903295e-02,8.031338668419969e-07,2.087271112828238e-08,1.282353801882716e-10
5.474355544960843e-02,8.332959337975532e-07,2.165604214447884e-08,1.330453876430778e-10
5.576337261003869e-02,8.645899799968172e-07,2.246873994412543e-08,1.380355759939487e-10
5.680218793440198e-02,8.970584445347373e-07,2.331190371910111e-08,1.432126811196509e-10
5.786035533930886e-02,9.307453550843168e-07,2.418667370339822e-08,1.485836899342506e-10
5.893823533447900e-02,9.656963872169404e-07,2.509423269982902e-08,1.541558496981986e-10
6.003619514556411e-02,1.001958925929639e-06,2.603580766319426e-08,1.599366776722086e-10
6.115460883925898e-02,1.039582129460915e-06,2.701267134198296e-08,1.659339711264010e-10
6.229385745074321e-02,1.078616995479772e-06,2.802614398074725e-08,1.721558177176298e-10
6.345432911349706e-02,1.119116429735675e-06,2.907759508537351e-08,1.786106062483693e-10
6.463641919153559e-02,1.161135317260376e-06,3.016844525355131e-08,1.853070378210182e-10
6.584053041410624e-02,1.204730596215880e-06,3.130016807282439e-08,1.922541374019641e-10
6.706707301289569e-02,1.249961334486282e-06,3.247429208869351e-08,1.994612658102697e-10
6.831646486179267e-02,1.296888809114757e-06,3.369240284533071e-08,2.069381321463621e-10
6.958913161925455e-02,1.345576588690695e-06,3.495614500155499e-08,2.146948066766575e-10
7.088550687332591e-02,1.396090618795821e-06,3.626722452481624e-08,2.227417341906115e-10
7.220603228935883e-02,1.448499310622101e-06,3.762741096603126e-08,2.310897478472768e-10
7.355115776048489e-02,1.502873632878338e-06,3.903853981821879e-08,2.397500835290424e-10
7.492134156089043e-02,1.559287207106649e-06,4.050251496198470e-08,2.487343947208619e-10
7.631705050194718e-02,1.617816406534417e-06,4.202131120101896e-08,2.580547679339172e-10
7.773876009125127e-02,1.678540458591876e-06,4.359697689087773e-08,2.677237386933291e-10
7.918695469462529e-02,1.741541551230243e-06,4.523163666444135e-08,2.777543081102227e-10
8.066212770113798e-02,1.806904943180198e-06,4.692749425755948e-08,2.881599600591549e-10
8.216478169119819e-02,1.874719078295602e-06,4.868683543851991e-08,2.989546789826606e-10
8.369542860778040e-02,1.945075704132616e-06,5.051203104510688e-08,3.101529683454223e-10
8.525458993083967e-02,2.018069994919797e-06,5.240554013314760e-08,3.217698697613614e-10
8.684279685497613e-02,2.093800679080431e-06,5.436991324058561e-08,3.338209828177574e-10
8.846059047040886e-02,2.172370171474189e-06,5.640779577126091e-08,3.463224856213378e-10
9.010852194732140e-02,2.253884710531217e-06,5.852193150272585e-08,3.592911560921562e-10
9.178715272364127e-02,2.338454500458093e-06,6.071516622257819e-08,3.727443940319549e-10
9.349705469631762e-02,2.426193858701492e-06,6.299045149795068e-08,3.867002439946479e-10
9.523881041616235e-02,2.517221368862192e-06,6.535084858296097e-08,4.011774189875070e-10
9.701301328632068e-02,2.611660039258948e-06,6.779953246909315e-08,4.161953250326140e-10
9.882026776443929e-02,2.709637467348989e-06,7.033979608365834e-08,4.317740866191695e-10
1.006611895686004e-01,2.811286010219321e-06,7.297505464166119e-08,4.479345730782895e-10
1.025364058870925e-01,2.916742961370750e-06,7.570885015658657e-08,4.646984259130056e-10
1.044465555920885e-01,3.026150734024506e-06,7.854485611581295e-08,4.820880871173115e-10
1.063922894573047e-01,3.139657051189596e-06,8.148688232655882e-08,5.001268285192352e-10
1.083742703797148e-01,3.257415142737622e-06,8.453887993847391e-08,5.188387821841241e-10
1.103931736053937e-01,3.379583949740553e-06,8.770494664919958e-08,5.382489719155513e-10
1.124496869595687e-01,3.506328336336188e-06,9.098933209944329e-08,5.583833458925075e-10
1.145445110809566e-01,3.637819309395459e-06,9.439644346433830e-08,5.792688104828716e-10
1.166783596604662e-01,3.774234246275557e-06,9.793085124809368e-08,6.009332652744785e-10
1.188519596843472e-01,3.915757130953006e-06,1.015972952891835e-07,6.234056393665035e-10
1.210660516818689e-01,4.062578798841269e-06,1.054006909835720e-07,6.467159289653094e-10
1.233213899776133e-01,4.214897190608372e-06,1.093461357337314e-07,6.708952363303805e-10
1.256187429484676e-01,4.372917615321264e-06,1.134389156314732e-07,6.959758101174840e-10
1.279588932854045e-01,4.536853023255159e-06,1.176845123828921e-07,7.219910871677706e-10
1.303426382601393e-01,4.706924288718290e-06,1.220886104840023e-07,7.489757357931338e-10
1.327707899967543e-01,4.883360503254719e-06,1.266571046559394e-07,7.769657006098162e-10
1.352441757483832e-01,5.066399279600893e-06,1.313961075489059e-07,8.059982489739562e-10
1.377636381790507e-01,5.256287066784819e-06,1.363119577243472e-07,8.361120190745300e-10
1.403300356507609e-01,5.453279476770479e-06,1.414112279251663e-07,8.673470697409597e-10
1.429442425159355e-01,5.657641623064353e-06,1.467007336441209e-07,8.997449320245295e-10
1.456071494152991e-01,5.869648471715594e-06,1.521875420008843e-07,9.333486626146541e-10
1.483196635813135e-01,6.089585205156545e-06,1.578789809386052e-07,9.682028991530379e-10
1.510827091472651e-01,6.317747599346068e-06,1.637826487511693e-07,1.004353917510780e-09
1.538972274621105e-01,6.554442414694308e-06,1.699064239527316e-07,1.041849691095577e-09
1.567641774111866e-01,6.799987801264279e-06,1.762584755014843e-07,1.080739952258309e-09
1.596845357428961e-01,7.054713718763104e-06,1.828472733900170e-07,1.121076255870512e-09
1.626592974014779e-01,7.318962371853478e-06,1.896815996150355e-07,1.162912045146498e-09
1.656894758659778e-01,7.593088661334548e-06,1.967705595396322e-07,1.206302719786204e-09
1.687761034955325e-01,7.877460651760502e-06,2.041235936617316e-07,1.251305706517249e-09
1.719202318810872e-01,8.172460056084866e-06,2.117504898027845e-07,1.297980532117125e-09
1.751229322036643e-01,8.478482737938938e-06,2.196613957312430e-07,1.346388898998956e-09
1.783852955993074e-01,8.795939232173842e-06,2.278668322358271e-07,1.396594763446839e-09
1.817084335308226e-01,9.125255284317467e-06,2.363777066640747e-07,1.448664416589440e-09
1.850934781664458e-01,9.466872409619954e-06,2.452053269421759e-07,1.502666568203194e-09
1.885415827655638e-01,9.821248472384696e-06,2.543614160926033e-07,1.558672433439273e-09
1.920539220716214e-01,1.018885828630566e-05,2.638581272665858e-07,1.616755822571291e-09
1.956316927123476e-01,1.057019423655663e-05,2.737080593090126e-07,1.676993233863656e-09
1.992761136074377e-01,1.096576692440339e-05,2.839242728739208e-07,1.739463949663426e-09
2.029884263838299e-01,1.137610583513634e-05,2.945203071092934e-07,1.804250135821604e-09
2.067698957987187e-01,1.180176003014801e-05,3.055101969304862e-07,1.871436944552876e-09
2.106218101704481e-01,1.224329886400822e-05,3.169084909022089e-07,1.941112620846025e-09
2.145454818174318e-01,1.270131272741815e-05,3.287302697496104e-07,2.013368612540442e-09
2.185422475052506e-01,1.317641381695491e-05,3.409911655196597e-07,2.088299684187540e-09
2.226134689020779e-01,1.366923693254841e-05,3.537073814146652e-07,2.166004034819167e-09
2.267605330425908e-01,1.418044030366464e-05,3.668957123204545e-07,2.246583419748668e-09
2.309848528005213e-01,1.471070644520134e-05,3.805735660524180e-07,2.330143276533615e-09
2.352878673700128e-01,1.526074304413668e-05,3.947589853433397e-07,2.416792855232946e-09
2.396710427559421e-01,1.583128387800555e-05,4.094706705976477e-07,2.506645353094765e-09
2.441358722733767e-01,1.642308976631410e-05,4.247280034374689e-07,2.599818053814818e-09
2.486838770563357e-01,1.703694955604012e-05,4.405510710666259e-07,2.696432471509365e-09
2.533166065760292e-01,1.767368114240468e-05,4.569606914794912e-07,2.796614499550002e-09
2.580356391687514e-01,1.833413252613950e-05,4.739784395424096e-07,2.900494564411842e-09
2.628425825736078e-01,1.901918290851500e-05,4.916266739762029e-07,3.008207784690310e-09
2.677390744802600e-01,1.972974382543514e-05,5.099285652691108e-07,3.119894135445874e-09
2.727267830868745e-01,2.046676032194793e-05,5.289081245503552e-07,3.235698618039865e-09
2.778074076684648e-01,2.123121216856446e-05,5.485902334553847e-07,3.355771435628721e-09
2.829826791558225e-01,2.202411512082429e-05,5.690006750147342e-07,3.480268174487929e-09
2.882543607252319e-01,2.284652222359153e-05,5.901661655993284e-07,3.609349991341100e-09
2.936242483991709e-01,2.369952516161358e-05,6.121143879559687e-07,3.743183806873639e-09
2.990941716582028e-01,2.458425565792394e-05,6.348740253676804e-07,3.881942505614661e-09
3.046659940642663e-01,2.550188692172021e-05,6.584747969745254e-07,4.025805142374864e-09
3.103416138955776e-01,2.645363514740114e-05,6.829474942914591e-07,4.174957155432234e-09
3.161229647933589e-01,2.744076106649887e-05,7.083240189607716e-07,4.329590586661459e-09
3.220120164206161e-01,2.846457155429799e-05,7.346374217776507e-07,4.489904308807183e-09
3.280107751331879e-01,2.952642129298838e-05,7.619219430283914e-07,4.656104260105071e-09
3.341212846632964e-01,3.062771449325698e-05,7.902130541817971e-07,4.828403686458780e-09
3.403456268158315e-01,3.176990667628240e-05,8.195475009753421e-07,5.007023391384881e-09
3.466859221776056e-01,3.295450651815659e-05,8.499633479386840e-07,5.192191993941523e-09
3.531443308398228e-01,3.418307775882050e-05,8.815000243981715e-07,5.384146194860580e-09
3.597230531340044e-01,3.545724117766354e-05,9.141983720070306e-07,5.583131051106476e-09
3.664243303816270e-01,3.677867663800254e-05,9.481006938469744e-07,5.789400259088685e-09
3.732504456577225e-01,3.814912520272161e-05,9.832508051480227e-07,6.003216446758088e-09
3.802037245687055e-01,3.957039132342386e-05,1.019694085674403e-06,6.224851474820710e-09
3.872865360446898e-01,4.104434510551474e-05,1.057477533825449e-06,6.454586747305461e-09
3.945012931465652e-01,4.257292465170827e-05,1.096649822501453e-06,6.692713531725223e-09
4.018504538881091e-01,4.415813848652133e-05,1.137261356785532e-06,6.939533289073364e-09
4.093365220734140e-01,4.580206806439443e-05,1.179364333493550e-06,7.195358013899994e-09
4.169620481499139e-01,4.750687036415421e-05,1.223012802645232e-06,7.460510584714405e-09
4.247296300773036e-01,4.927478057261086e-05,1.268262730910565e-06,7.735325124961788e-09
4.326419142126435e-01,5.110811486016175e-05,1.315172067086664e-06,8.020147374823716e-09
4.407015962119537e-01,5.300927325135439e-05,1.363800809661180e-06,8.315335074092781e-09
4.489114219486044e-01,5.498074259344330e-05,1.414211076519344e-06,8.621258356372347e-09
4.572741884488138e-01,5.702509962605899e-05,1.466467176852646e-06,8.938300154852247e-09
4.657927448445742e-01,5.914501415519281e-05,1.520635685328052e-06,9.266856619910969e-09
4.744699933443300e-01,6.134325233478683e-05,1.576785518577497e-06,9.607337548793468e-09
4.833088902217385e-01,6.362268005930666e-05,1.634988014068231e-06,9.960166827612246e-09
4.923124468228500e-01,6.598626647076329e-05,1.695317011415320e-06,1.032578288591670e-08
5.014837305920511e-01,6.843708758374018e-05,1.757848936198335e-06,1.070463916407270e-08
5.108258661171197e-01,7.097833003207316e-05,1.822662886344865e-06,1.109720459369013e-08
5.203420361937495e-01,7.361329494092370e-05,1.889840721144089e-06,1.150396409133134e-08
5.300354829099038e-01,7.634540192807667e-05,1.959467152954072e-06,1.192541906572740e-08
5.399095087503706e-01,7.917819323839114e-05,2.031629841666904e-06,1.236208793872221e-08
5.499674777218954e-01,8.211533801542450e-05,2.106419491996019e-06,1.281450668015630e-08
5.602128164992719e-01,8.516063671434618e-05,2.183929953650299e-06,1.328322935689282e-08
5.706490155927858e-01,8.831802566035355e-05,2.264258324459532e-06,1.376882869617748e-08
5.812796305374044e-01,9.159158175689671e-05,2.347505056515804e-06,1.427189666351217e-08
5.921082831041212e-01,9.498552734811570e-05,2.433774065395144e-06,1.479304505520810e-08
6.031386625338666e-01,9.850423523998924e-05,2.523172842523379e-06,1.533290610576914e-08
6.143745267944039e-01,1.021522338847881e-04,2.615812570749597e-06,1.589213311023859e-08
6.258197038606413e-01,1.059342127335226e-04,2.711808243189897e-06,1.647140106162378e-08
6.374780930187944e-01,1.098550277611645e-04,2.811278785403146e-06,1.707140730349118e-08
6.493536661948436e-01,1.139197071695198e-04,2.914347180959305e-06,1.769287219780194e-08
6.614504693077394e-01,1.181334572727165e-04,3.021140600459465e-06,1.833653980803100e-08
6.737726236478173e-01,1.225016685703612e-04,3.131790534065087e-06,1.900317859758517e-08
6.863243272808900e-01,1.270299220135072e-04,3.246432927591958e-06,1.969358214350370e-08
6.991098564784974e-01,1.317239954686581e-04,3.365208322222133e-06,2.040856986539108e-08
7.121335671748004e-01,1.365898703851157e-04,3.488261997884494e-06,2.114898776949380e-08
7.253998964506142e-01,1.416337386710526e-04,3.615744120351676e-06,2.191570920779224e-08
7.389133640450900e-01,1.468620097837730e-04,3.747809892097696e-06,2.270963565193422e-08
7.526785738955553e-01,1.522813180396838e-04,3.884619706956865e-06,2.353169748178791e-08
7.667002157060409e-01,1.578985301495695e-04,4.026339308620398e-06,2.438285478833923e-08
7.809830665450286e-01,1.637207529848210e-04,4.173139953002409e-06,2.526409819060178e-08
7.955319924729620e-01,1.697553415803164e-04,4.325198574501691e-06,2.617644966614466e-08
8.103519502000778e-01,1.760099073797027e-04,4.482697956180076e-06,2.712096339477692e-08
8.254479887751180e-01,1.824923267288566e-04,4.645826903871537e-06,2.809872661485386e-08
8.408252513055067e-01,1.892107496233388e-04,4.814780424229420e-06,2.911086049159291e-08
8.564889767095639e-01,1.961736087156629e-04,4.989759906711226e-06,3.015852099669978e-08
8.724445015013688e-01,2.033896285882202e-04,5.170973309492073e-06,3.124289979851650e-08
8.886972616088691e-01,2.108678352976848e-04,5.358635349288602e-06,3.236522516180176e-08
9.052527942258612e-01,2.186175661967155e-04,5.552967695064947e-06,3.352676285614882e-08
9.221167396984710e-01,2.266484800387316e-04,5.754199165581382e-06,3.472881707193099e-08
9.392948434467768e-01,2.349705673714983e-04,5.962565930734210e-06,3.597273134254140e-08
9.567929579222322e-01,2.435941612251902e-04,6.178311716622343e-06,3.725988947156121e-08
9.746170446015512e-01,2.525299481005187e-04,6.401688014261787e-06,3.859171646334717e-08
9.927731760177396e-01,2.617889792624107e-04,6.632954291853954e-06,3.996967945537759e-08
1.011267537828962e+00,2.713826823445959e-04,6.872378210496794e-06,4.139528865052949e-08
1.030106430925946e+00,2.813228732703188e-04,7.120235843209822e-06,4.287009824728502e-08
1.049296273578656e+00,2.916217684942130e-04,7.376811897124512e-06,4.439570736567513e-08
1.068843603622940e+00,3.022919975701818e-04,7.642399938670279e-06,4.597376096656571e-08
1.088755080687928e+00,3.133466160498915e-04,7.917302621563680e-06,4.760595076167468e-08
1.109037488464917e+00,3.247991187162275e-04,8.201831917383570e-06,4.929401611147520e-08
1.129697737018523e+00,3.366634531557630e-04,8.496309348488650e-06,5.103974490789146e-08
1.150742865140887e+00,3.489540336739603e-04,8.801066223005179e-06,5.284497443842728e-08
1.172180042749740e+00,3.616857555564415e-04,9.116443871581840e-06,5.471159222808162e-08
1.194016573331143e+00,3.748740096792613e-04,9.442793885575745e-06,5.664153685510151e-08
1.216259896427724e+00,3.885346974706346e-04,9.780478356297993e-06,5.863679873629611e-08
1.238917590173280e+00,4.026842462260695e-04,1.012987011490895e-05,6.069942087728774e-08
1.261997373874590e+00,4.173396247782820e-04,1.049135297251243e-05,6.283149958270368e-08
1.285507110641321e+00,4.325183595226406e-04,1.086532195995405e-05,6.503518512091509e-08
1.309454810064934e+00,4.482385507982074e-04,1.125218356678168e-05,6.731268233750592e-08
1.333848630947493e+00,4.645188896236805e-04,1.165235597877531e-05,6.966625121120083e-08
1.358696884081304e+00,4.813786747867120e-04,1.206626931339955e-05,7.209820734549914e-08
1.384008035080342e+00,4.988378302841916e-04,1.249436585247382e-05,7.461092238874658e-08
1.409790707264422e+00,5.169169231100704e-04,1.293710027129301e-05,7.720682437482590e-08
1.436053684597103e+00,5.356371813862563e-04,1.339493986336488e-05,7.988839797606319e-08
1.462805914678310e+00,5.550205128309178e-04,1.386836475985940e-05,8.265818465932075e-08
1.490056511792723e+00,5.750895235572866e-04,1.435786814278875e-05,8.551878273558296e-08
1.517814760014943e+00,5.958675371946540e-04,1.486395645085550e-05,8.847284729263088e-08
1.546090116372504e+00,6.173786143217826e-04,1.538714957681950e-05,9.152308999964789e-08
1.574892214067815e+00,6.396475722013173e-04,1.592798105514072e-05,9.467227877179176e-08
1.604230865760119e+00,6.627000048020581e-04,1.648699823855640e-05,9.792323728191364e-08
1.634116066908591e+00,6.865623030940490e-04,1.706476246214446e-05,1.012788443056909e-07
1.664557999177718e+00,7.112616755994062e-04,1.766184919331210e-05,1.047420328854707e-07
1.695567033906116e+00,7.368261691796170e-04,1.827884816602777e-05,1.083157892970872e-07
1.727153735639967e+00,7.632846900376583e-04,1.891636349748560e-05,1.120031518028154e-07
1.759328865732280e+00,7.906670249107443e-04,1.957501378525437e-05,1.158072091724560e-07
1.792103386009204e+00,8.190038624267521e-04,2.025543218281581e-05,1.197310989532999e-07
1.825488462504641e+00,8.483268145944318e-04,2.095826645124157e-05,1.237780054683975e-07
1.859495469264429e+00,8.786684383943212e-04,2.168417898459111e-05,1.279511575211523e-07
1.894135992221397e+00,9.100622574338713e-04,2.243384680643547e-05,1.322538257827591e-07
1.929421833142601e+00,9.425427836266357e-04,2.320796153472280e-05,1.366893198374180e-07
1.965365013650102e+00,9.761455388514239e-04,2.400722931200013e-05,1.412609848585648e-07
2.001977779316639e+00,1.010907076543116e-03,2.483237069779141e-05,1.459721978875596e-07
2.039272603837611e+00,1.046865003162304e-03,2.568412051970362e-05,1.508263636843665e-07
2.077262193280760e+00,1.084057999486070e-03,2.656322767958905e-05,1.558269101177287e-07
2.115959490415044e+00,1.122525841657042e-03,2.747045491083443e-05,1.609772830601867e-07
2.155377679120140e+00,1.162309421922273e-03,2.840657848257056e-05,1.662809407509966e-07
2.195530188878086e+00,1.203450768987557e-03,2.937238784630450e-05,1.717413475875745e-07
2.236430699348613e+00,1.245993067906434e-03,3.036868522016420e-05,1.773619673035103e-07
2.278093145029698e+00,1.289980679416299e-03,3.139628510561404e-05,1.831462554884479e-07
2.320531720004946e+00,1.335459158626773e-03,3.245601373114702e-05,1.890976514022200e-07
2.363760882779406e+00,1.382475272957699e-03,3.354870841708510e-05,1.952195690325303e-07
2.407795361205478e+00,1.431077019215796e-03,3.467521685522012e-05,2.015153873421968e-07
2.452650157500579e+00,1.481313639690167e-03,3.583639629660437e-05,2.079884396484804e-07
2.498340553358288e+00,1.533235637137292e-03,3.703311264034968e-05,2.146420020733294e-07
2.544882115154707e+00,1.586894788516118e-03,3.826623941581525e-05,2.214792809994440e-07
2.592290699251804e+00,1.642344157322943e-03,3.953665665005647e-05,2.285033994628980e-07
2.640582457399560e+00,1.699638104364349e-03,4.084524961186605e-05,2.357173824086390e-07
2.689773842238750e+00,1.758832296794085e-03,4.219290742316570e-05,2.431241407304970e-07
2.739881612906231e+00,1.819983715226728e-03,4.358052152789667e-05,2.507264540123573e-07
2.790922840744660e+00,1.883150658726941e-03,4.500898400791025e-05,2.585269518818778e-07
2.842914915118568e+00,1.948392747458259e-03,4.647918573467174e-05,2.665280938825335e-07
2.895875549338788e+00,2.015770922759458e-03,4.799201434486146e-05,2.747321477638309e-07
2.949822786697250e+00,2.085347444399636e-03,4.954835202718159e-05,2.831411660832444e-07
3.004775006614190e+00,2.157185884745121e-03,5.114907310685414e-05,2.917569610067451e-07
3.060750930899886e+00,2.231351119552136e-03,5.279504141342298e-05,3.005810771877134e-07
3.117769630133039e+00,2.307909315078695e-03,5.448710741654466e-05,3.096147625965212e-07
3.175850530157970e+00,2.386927911187468e-03,5.622610511346967e-05,3.188589371651040e-07
3.235013418702869e+00,2.468475600088219e-03,5.801284865087159e-05,3.283141591024129e-07
3.295278452121317e+00,2.552622300343725e-03,5.984812866257275e-05,3.379805887276793e-07
3.356666162259414e+00,2.639439125736936e-03,6.173270830354117e-05,3.478579496589523e-07
3.419197463450816e+00,2.728998348569175e-03,6.366731895928449e-05,3.579454871843081e-07
3.482893659642102e+00,2.821373356929601e-03,6.565265560844499e-05,3.682419236324788e-07
3.547776451650859e+00,2.916638605444493e-03,6.768937181499531e-05,3.787454105483563e-07
3.613867944558995e+00,3.014869558981489e-03,6.977807432494661e-05,3.894534774668579e-07
3.681190655243773e+00,3.116142628748155e-03,7.191931724090165e-05,4.003629770659585e-07
3.749767520049144e+00,3.220535100186388e-03,7.411359574611126e-05,4.114700264662500e-07
3.819621902599986e+00,3.328125052023848e-03,7.636133934791616e-05,4.227699444301585e-07
3.890777601761916e+00,3.438991265800798e-03,7.866290460857488e-05,4.342571841988434e-07
3.963258859749388e+00,3.553213125145191e-03,8.101856732948084e-05,4.459252616888342e-07
4.037090370384830e+00,3.670870504020539e-03,8.342851415265600e-05,4.577666787535116e-07
4.112297287511652e+00,3.792043643119700e-03,8.589283354116416e-05,4.697728411965934e-07
4.188905233563961e+00,3.916813013523149e-03,8.841150609770909e-05,4.819339712057878e-07
4.266940308295945e+00,4.045259166682404e-03,9.098439417816032e-05,4.942390138546327e-07
4.346429097673854e+00,4.177462569727670e-03,9.361123075407819e-05,5.066755372992053e-07
4.427398682933646e+00,4.313503425033468e-03,9.629160747547624e-05,5.192296262738129e-07
4.509876649807359e+00,4.453461472906609e-03,9.902496188205662e-05,5.318857684658181e-07
4.593891097921365e+00,4.597415776187215e-03,1.018105637079751e-04,5.446267333244384e-07
4.679470650369699e+00,4.745444485475319e-03,1.046475002218176e-04,5.574334428314961e-07
4.766644463465738e+00,4.897624583612565e-03,1.075346605399012e-04,5.702848337336832e-07
4.855442236675535e+00,5.054031607960424e-03,1.104707188472234e-04,5.831577107057968e-07
4.945894222736207e+00,5.214739348922943e-03,1.134541164563773e-04,5.960265898825299e-07
5.038031237962817e+00,5.379819523062751e-03,1.164830426304973e-04,6.088635321626433e-07
5.131884672747257e+00,5.549341419053866e-03,1.195554140917993e-04,6.216379656536123e-07
5.227486502252727e+00,5.723371514603203e-03,1.226688531325124e-04,6.343164965869849e-07
5.324869297307429e+00,5.901973062354151e-03,1.258206642399434e-04,6.468627079946386e-07
5.424066235501205e+00,6.085205642660018e-03,1.290078091420677e-04,6.592369453936889e-07
5.525111112488896e+00,6.273124680981795e-03,1.322268801743696e-04,6.713960886828884e-07
5.628038353504267e+00,6.465780927523397e-03,1.354740718626500e-04,6.832933094058260e-07
5.732883025088425e+00,6.663219896567547e-03,1.387451506101666e-04,6.948778124858804e-07
5.839680847036732e+00,6.865481262816567e-03,1.420354223707271e-04,7.060945614846118e-07
5.948468204568268e+00,7.072598211873739e-03,1.453396981822343e-04,7.168839863788683e-07
6.059282160722004e+00,7.284596741822098e-03,1.486522574276211e-04,7.271816727921904e-07
6.172160468983903e+00,7.501494912668162e-03,1.519668086821190e-04,7.369180315528990e-07
6.287141586149251e+00,7.723302040217012e-03,1.552764479973329e-04,7.460179473844090e-07
6.404264685424595e+00,7.950017830732284e-03,1.585736144636265e-04,7.544004054625688e-07
6.523569669773766e+00,8.181631452508890e-03,1.618500428828310e-04,7.619780945000788e-07
6.645097185512522e+00,8.418120540246833e-03,1.650967133732314e-04,7.686569849391950e-07
6.768888636156435e+00,8.659450127861045e-03,1.683037977181528e-04,7.743358807513600e-07
6.894986196526762e+00,8.905571505093208e-03,1.714606022582078e-04,7.789059432583978e-07
7.023432827119114e+00,9.156420993006823e-03,1.745555071153860e-04,7.822501853182755e-07
7.154272288739735e+00,9.411918633144592e-03,1.775759015247238e-04,7.842429342965128e-07
7.287549157414506e+00,9.671966784807745e-03,1.805081150371551e-04,7.847690999986201e-07
7.423308839575661e+00,9.936448624577605e-03,1.833374648971049e-04,7.847377980072109e-07
7.561597587531419e+00,1.020522654184067e-02,1.860539878490102e-04,7.847053307186975e-07
7.702462515223795e+00,1.047814042369808e-02,1.886557713140909e-04,7.846716549847357e-07
7.845951614279970e+00,1.075500582223713e-02,1.911416379074200e-04,7.846367260726844e-07
7.992113770362682e+00,1.103561199671549e-02,1.935105578561709e-04,7.846004976082107e-07
8.140998779825201e+00,1.131971982275669e-02,1.957616443255472e-04,7.845629215158569e-07
8.292657366676579e+00,1.160705956017770e-02,1.978941823108702e-04,7.845239479575077e-07
8.447141199862932e+00,1.189732879118490e-02,1.999076370136993e-04,7.844835252686773e-07
8.604502910870677e+00,1.219019115634807e-02,2.018016781843494e-04,7.844415998925515e-07
8.764796111657672e+00,1.248527986657334e-02,2.035762034253508e-04,7.843981163117028e-07
8.928075412918419e+00,1.278219932182414e-02,2.052313516488334e-04,7.843530169773998e-07
9.094396442689511e+00,1.308053075089764e-02,2.067675303453445e-04,7.843062422364348e-07
9.263815865301694e+00,1.337983432254603e-02,2.081854453679641e-04,7.842577302553797e-07
9.436391400684981e+00,1.367965113314927e-02,2.094861202943409e-04,7.842074169421876e-07
9.612181844033396e+00,1.397951149808721e-02,2.106709298302189e-04,7.841552358650537e-07
9.791247085836057e+00,1.427893052367918e-02,2.117416328901249e-04,7.841011181684305e-07
9.973648132281422e+00,1.457741894122155e-02,2.127003957993075e-04,7.840449924861308e-07
1.015944712604164e+01,1.487448209767644e-02,2.135498385313386e-04,7.839867848513880e-07
1.034870736744409e+01,1.516961744256480e-02,2.142930685572178e-04,7.839264186037959e-07
1.054149333603733e+01,1.546233365419255e-02,2.149337213008104e-04,7.838638142930177e-07
1.073787071255881e+01,1.575213095910418e-02,2.154756370043569e-04,7.837988895791615e-07
1.093790640131178e+01,1.603852477552005e-02,2.159247301446651e-04,7.837315591297052e-07
1.114166855295912e+01,1.632102693584441e-02,2.162853997082382e-04,7.836617345128684e-07
1.134922658774174e+01,1.659917078691615e-02,2.165642155422596e-04,7.835893240873069e-07
1.156065121912953e+01,1.687248783685644e-02,2.167681644162087e-04,7.835142328880189e-07
1.177601447791293e+01,1.714053711817597e-02,2.169050642538580e-04,7.834363625083319e-07
1.199538973674327e+01,1.740287995217838e-02,2.169836348500765e-04,7.833556109778522e-07
1.221885173513028e+01,1.765910636219062e-02,2.170135619665926e-04,7.832718726362446e-07
1.244647660490531e+01,1.790881956909695e-02,2.170055743257646e-04,7.831850380027061e-07
1.267834189615882e+01,1.815164428776039e-02,2.169715186910293e-04,7.830949936410014e-07
1.291452660366118e+01,1.838723823520355e-02,2.169450124665736e-04,7.830016220199228e-07
1.315511119377554e+01,1.861526620150478e-02,2.168948995320400e-04,7.829048013690186e-07
1.340017763187216e+01,1.883544566088151e-02,2.168429465388396e-04,7.828044055294565e-07
1.364980941025339e+01,1.904750170782170e-02,2.167890954868288e-04,7.827003037998627e-07
1.390409157659884e+01,1.925120104778950e-02,2.167332788155740e-04,7.825923607769778e-07
1.416311076294055e+01,1.944635567785116e-02,2.166754114132431e-04,7.824804361909787e-07
1.442695521517780e+01,1.963278845302253e-02,2.166154440182929e-04,7.823643847353010e-07
1.469571482314189e+01,1.981039390505718e-02,2.165532710867672e-04,7.822440558907838e-07
1.496948115122091e+01,1.997910428341611e-02,2.164888376056518e-04,7.821192937439803e-07
1.524834746955504e+01,2.013883090759602e-02,2.164220521340581e-04,7.819899367994495e-07
1.553240878581298e+01,2.028963979257175e-02,2.163528314806072e-04,7.818558177858519e-07
1.582176187756039e+01,2.043153498626005e-02,2.162810859756075e-04,7.817167634556626e-07
1.611650532523123e+01,2.056449081530685e-02,2.162067355179359e-04,7.815725943783212e-07
1.641673954571342e+01,2.068872970058369e-02,2.161297087405030e-04,7.814231247266126e-07
1.672256682656009e+01,2.080430257242770e-02,2.160498138649965e-04,7.812681620560966e-07
1.703409136083821e+01,2.091122172868730e-02,2.159670486818692e-04,7.811075070773844e-07
1.735141928262639e+01,2.100982286415427e-02,2.158812805449149e-04,7.809409534210396e-07
1.767465870317390e+01,2.110007860600585e-02,2.157924004240276e-04,7.807682873949244e-07
1.800391974773351e+01,2.118235508924624e-02,2.157002964910805e-04,7.805892877337521e-07
1.833931459308017e+01,2.125660427975038e-02,2.156048555964111e-04,7.804037253406470e-07
1.868095750572892e+01,2.132326080074046e-02,2.155059584614835e-04,7.802113630204848e-07
1.902896488086456e+01,2.138228176869880e-02,2.154034845711776e-04,7.800119552047880e-07
1.938345528199669e+01,2.143410194537831e-02,2.152973059979778e-04,7.798052476679533e-07
1.974454948135335e+01,2.147865941162940e-02,2.151872918992253e-04,7.795909772345802e-07
2.011237050102723e+01,2.151643391922581e-02,2.150733074240245e-04,7.793688714776626e-07
2.048704365488841e+01,2.154736515435163e-02,2.149552143389078e-04,7.791386484074132e-07
2.086869659127781e+01,2.157191871285881e-02,2.148328657292702e-04,7.789000161504749e-07
2.125745933649607e+01,2.159000628066105e-02,2.147061123217037e-04,7.786526726192767e-07
2.165346433910250e+01,2.160210421216675e-02,2.145747987383959e-04,7.783963051712981e-07
2.205684651503933e+01,2.160813890683620e-02,2.144387716299228e-04,7.781305902579842e-07
2.246774329359656e+01,2.160843343220942e-02,2.142978567376110e-04,7.778551930630687e-07
2.288629466423312e+01,2.160330909357622e-02,2.141518916354193e-04,7.775697671300552e-07
2.331264322427016e+01,2.159264289261701e-02,2.140006955788987e-04,7.772739539786056e-07
2.374693422747297e+01,2.157687920845475e-02,2.138440894343094e-04,7.769673827095834e-07
2.418931563353780e+01,2.155591716637255e-02,2.136818831776349e-04,7.766496695984982e-07
2.463993815850064e+01,2.153004211184657e-02,2.135138866431131e-04,7.763204176771117e-07
2.509895532608506e+01,2.149954577433707e-02,2.133398897946784e-04,7.759792163029381e-07
2.556652352000654e+01,2.146428436694378e-02,2.131596975376637e-04,7.756256407164082e-07
2.604280203725132e+01,2.142450744477182e-02,2.129730902439387e-04,7.752592515854421e-07
2.652795314234760e+01,2.138046573438233e-02,2.127798469270210e-04,7.748795945371899e-07
2.702214212264792e+01,2.133200554313855e-02,2.125797410031694e-04,7.744861996767065e-07
2.752553734464129e+01,2.127935867499978e-02,2.123725381116131e-04,7.740785810923211e-07
2.803831031131440e+01,2.122275464750590e-02,2.121579964519624e-04,7.736562363474823e-07
2.856063572058139e+01,2.116202838576680e-02,2.119358640490018e-04,7.732186459588457e-07
2.909269152480218e+01,2.109736973090834e-02,2.117058798643326e-04,7.727652728604161e-07
2.963465899140942e+01,2.102896621784955e-02,2.114677833599657e-04,7.722955618535108e-07
3.018672276466503e+01,2.095665312308311e-02,2.112212946323744e-04,7.718089390423763e-07
3.074907092856706e+01,2.088057182067229e-02,2.109661335953935e-04,7.713048112552711e-07
3.132189507092855e+01,2.080086426226121e-02,2.107020057735798e-04,7.707825654508449e-07
3.190539034865000e+01,2.071737886572672e-02,2.104286132354604e-04,7.702415681096739e-07
3.249975555420795e+01,2.063022110818502e-02,2.101456419291196e-04,7.696811646108040e-07
3.310519318338202e+01,2.053940150937599e-02,2.098527747496615e-04,7.691006785932044e-07
3.372190950424374e+01,2.044502000751066e-02,2.095496766595744e-04,7.684994113020317e-07
3.435011462743054e+01,2.034692593113358e-02,2.092360135210110e-04,7.678766409196327e-07
3.499002257772884e+01,2.024518228869329e-02,2.089114315462936e-04,7.672316218812459e-07
3.564185136699074e+01,2.013978221157273e-02,2.085755718589469e-04,7.665635841753929e-07
3.630582306840901e+01,2.003068074692243e-02,2.082280623273914e-04,7.658717326289669e-07
3.698216389217576e+01,1.991796798382546e-02,2.078685215325565e-04,7.651552461770794e-07
3.767110426255054e+01,1.980147196850852e-02,2.074965558650766e-04,7.644132771177425e-07
3.837287889636420e+01,1.968121370185217e-02,2.071117602254585e-04,7.636449503515373e-07
3.908772688298514e+01,1.955715283993792e-02,2.067137177255754e-04,7.628493626064148e-07
3.981589176577528e+01,1.942925369450123e-02,2.063020007115926e-04,7.620255816478849e-07
4.055762162506345e+01,1.929753507254361e-02,2.058761739654135e-04,7.611726454748423e-07
4.131316916266448e+01,1.916185452185833e-02,2.054357653223869e-04,7.602895615013837e-07
4.208279178797289e+01,1.902220458782201e-02,2.049803303152142e-04,7.593753057250007e-07
4.286675170566025e+01,1.887852872109459e-02,2.045093826400514e-04,7.584288218816202e-07
4.366531600500644e+01,1.873077302774540e-02,2.040224301414271e-04,7.574490205880234e-07
4.447875675089490e+01,1.857888751504126e-02,2.035189685870696e-04,7.564347784722659e-07
4.530735107650310e+01,1.842282663085310e-02,2.029984816947255e-04,7.553849372927904e-07
4.615138127771991e+01,1.826257821833495e-02,2.024604330782748e-04,7.542983030470413e-07
4.701113490932141e+01,1.809802575816402e-02,2.019042795689169e-04,7.531736450704550e-07
4.788690488293885e+01,1.792914547235842e-02,2.013294689902951e-04,7.520096951268416e-07
4.877898956685140e+01,1.775588488105742e-02,2.007354194781784e-04,7.508051464912601e-07
4.968769288763799e+01,1.757819558773347e-02,2.001215358757671e-04,7.495586530266372e-07
5.061332443372283e+01,1.739603480994998e-02,1.994872216586680e-04,7.482688282554882e-07
5.155619956084985e+01,1.720936428556066e-02,1.988318778483846e-04,7.469342444282679e-07
5.251663949952209e+01,1.701814936440010e-02,1.981548491155377e-04,7.455534315900095e-07
5.349497146444246e+01,1.682236554238095e-02,1.974554977119426e-04,7.441248766470877e-07
5.449152876599340e+01,1.662199062563914e-02,1.967331635995596e-04,7.426470224361225e-07
5.550665092379320e+01,1.641699821523393e-02,1.959871695278547e-04,7.411182667972116e-07
5.654068378236782e+01,1.620738345767600e-02,1.952168255233678e-04,7.395369616539040e-07
5.759397962897751e+01,1.599314378548699e-02,1.944214288221388e-04,7.379014121025367e-07
5.866689731363847e+01,1.577428679688487e-02,1.936002572860394e-04,7.362098755137795e-07
5.975980237138032e+01,1.555082941617199e-02,1.927525801916518e-04,7.344605606495036e-07
6.087306714678122e+01,1.532280071872332e-02,1.918776314031089e-04,7.326516267983395e-07
6.200707092082282e+01,1.509024187193007e-02,1.909746975722598e-04,7.307811829335819e-07
6.316220004010848e+01,1.485319517506614e-02,1.900429556981989e-04,7.288472868974122e-07
6.433884804848866e+01,1.461170660021279e-02,1.890816334752441e-04,7.268479446157153e-07
6.553741582113840e+01,1.436583538951176e-02,1.880899282451409e-04,7.247811093481477e-07
6.675831170113241e+01,1.411565642168760e-02,1.870670259814425e-04,7.226446809784559e-07
6.800195163856462e+01,1.386126065055570e-02,1.860121023399382e-04,7.204365053504611e-07
6.926875933225915e+01,1.360275707475049e-02,1.849243183738501e-04,7.181543736555522e-07
7.055916637412142e+01,1.334026817362069e-02,1.838028248315291e-04,7.157960218779688e-07
7.187361239617820e+01,1.307391100139181e-02,1.826467662939214e-04,7.133591303046553e-07
7.321254522035706e+01,1.280381657629232e-02,1.814552756145104e-04,7.108413231069775e-07
7.457642101105584e+01,1.253013580204435e-02,1.802274774642040e-04,7.082401680021415e-07
7.596570443055451e+01,1.225304224325454e-02,1.789624926139062e-04,7.055531760027541e-07
7.738086879732212e+01,1.197273009999677e-02,1.776594214408353e-04,7.027778012635668e-07
7.882239624727289e+01,1.168939155577303e-02,1.763174081164275e-04,6.999114410351476e-07
8.029077789802623e+01,1.140322207073682e-02,1.749355095622690e-04,6.969514357348997e-07
8.178651401622693e+01,1.111444441375176e-02,1.735128631948717e-04,6.938950691466313e-07
8.331011418798222e+01,1.082331256432701e-02,1.720485669587422e-04,6.907395687606709e-07
8.486209749247395e+01,1.053008309635489e-02,1.705417176035812e-04,6.874821062673928e-07
8.644299267880497e+01,1.023500972697566e-02,1.689914601848078e-04,6.841197982179284e-07
8.805333834614002e+01,9.938367887896800e-03,1.673968838971046e-04,6.806497068668043e-07
8.969368312720243e+01,9.640456508069982e-03,1.657571287407267e-04,6.770688412123015e-07
9.136458587518919e+01,9.341603940659075e-03,1.640713402907882e-04,6.733741582514187e-07
9.306661585416801e+01,9.042111206588896e-03,1.623386729156579e-04,6.695625644675056e-07
9.480035293302139e+01,8.742311122651905e-03,1.605583073110385e-04,6.656309175698655e-07
9.656638778300358e+01,8.442566108666056e-03,1.587294412655424e-04,6.615760285059768e-07
9.836532207897785e+01,8.143225614425922e-03,1.568513048232401e-04,6.573946637683723e-07
1.001977687044026e+02,7.844644138677082e-03,1.549231518708955e-04,6.530835480197303e-07
1.020643519601365e+02,7.547204888252414e-03,1.529442790752369e-04,6.486393670613141e-07
1.039657077771322e+02,7.251291227060013e-03,1.509140127302521e-04,6.440587711716159e-07
1.059024839330945e+02,6.957270432804661e-03,1.488317454292754e-04,6.393383788438251e-07
1.078753402731722e+02,6.665507064122484e-03,1.466968831627129e-04,6.344747809527018e-07
1.098849489347636e+02,6.376464920216459e-03,1.445089389407529e-04,6.294645453834301e-07
1.119319945765071e+02,6.090507428110402e-03,1.422674497173757e-04,6.243042221572173e-07
1.140171746115414e+02,5.808052923026330e-03,1.399720384239259e-04,6.189903490906831e-07
1.161411994451066e+02,5.529504176451871e-03,1.376224124664129e-04,6.135194580285369e-07
1.183047927165756e+02,5.255247845622287e-03,1.352184358978144e-04,6.078880816916135e-07
1.205086915459926e+02,4.985685386463782e-03,1.327597536572455e-04,6.020927611851115e-07
1.227536467852028e+02,4.721132242270938e-03,1.302466002780550e-04,5.961300542147785e-07
1.250404232736643e+02,4.462078927314895e-03,1.276789977383846e-04,5.899965440618985e-07
1.273698000990209e+02,4.208856912995344e-03,1.250571815795867e-04,5.836888493712338e-07
1.297425708625335e+02,3.961819124736647e-03,1.223815225482600e-04,5.772036348095478e-07
1.321595439494522e+02,3.721312130351364e-03,1.196525444767935e-04,5.705376226560775e-07
1.346215428044290e+02,3.487569044219669e-03,1.168709390626276e-04,5.636876053902204e-07
1.371294062120574e+02,3.261039746373308e-03,1.140375653315079e-04,5.566504593459111e-07
1.396839885826417e+02,3.041944666375140e-03,1.111534905784234e-04,5.494231595065734e-07
1.422861602432867e+02,2.830552371862275e-03,1.082199884569627e-04,5.420027955192517e-07
1.449368077344130e+02,2.626997999045822e-03,1.052385557664902e-04,5.343865890114931e-07
1.476368341117934e+02,2.431641129575819e-03,1.022109468959199e-04,5.265719122998696e-07
1.503871592542187e+02,2.244582769293172e-03,9.913917800420528e-05,5.185563085846160e-07
1.531887201768917e+02,2.065972623091364e-03,9.602555610488456e-05,5.103375137308372e-07
1.560424713506633e+02,1.895807691722659e-03,9.287270205571649e-05,5.019134797430283e-07
1.589493850272116e+02,1.734341402494305e-03,8.968357305231060e-05,4.932824000463768e-07
1.619104515702828e+02,1.581519260129703e-03,8.646148753552580e-05,4.844427366953729e-07
1.649266797930984e+02,1.437342327027150e-03,8.321016128048534e-05,4.753932496378382e-07
1.679990973020529e+02,1.301644231119322e-03,7.993372788770529e-05,4.661330281704098e-07
1.711287508468090e+02,1.174552897944617e-03,7.663677280239853e-05,4.566615247300205e-07
1.743167066769199e+02,1.055852910104194e-03,7.332437204459896e-05,4.469785911748653e-07
1.775640509050901e+02,9.452582536676869e-04,7.000212480537424e-05,4.370845177178662e-07
1.808718898772084e+02,8.428017554889286e-04,6.667620050021598e-05,4.269800746857098e-07
1.842413505492690e+02,7.481533914978648e-04,6.335333732140109e-05,4.166665572872554e-07
1.876735808713195e+02,6.609270173637734e-04,6.004097325246695e-05,4.061458335863675e-07
1.911697501785567e+02,5.810839690594072e-04,5.674720245492806e-05,3.954203958863251e-07
1.947310495897126e+02,5.082101875121056e-04,5.348088415020681e-05,3.844934157455637e-07
1.983586924128570e+02,4.418623322593494e-04,5.025165729137629e-05,3.733688028580958e-07
2.020539145587652e+02,3.819680234199230e-04,4.707002313776090e-05,3.620512680461377e-07
2.058179749619812e+02,3.280802342108502e-04,4.394739573504005e-05,3.505463906276822e-07
2.096521560097295e+02,2.797129121483958e-04,4.089616569837627e-05,3.388606904377236e-07
2.135577639788122e+02,2.367992431551448e-04,3.792976848814471e-05,3.270017047988812e-07
2.175361294806510e+02,1.987392878539183e-04,3.506274624343143e-05,3.149780707551060e-07
2.215886079146129e+02,1.654167083850046e-04,3.230689210268744e-05,3.027996129012794e-07
2.257165799297884e+02,1.364255527064469e-04,2.966491428856835e-05,2.904774371616316e-07
2.299214518953644e+02,1.112099611014698e-04,2.713798415278324e-05,2.780240308913799e-07
2.342046563797678e+02,8.973630483662583e-05,2.472714052188870e-05,2.654533696985481e-07
2.385676526387267e+02,7.138871799308862e-05,2.243327429015406e-05,2.527810314070239e-07
2.430119271124317e+02,5.611449809623259e-05,2.025711082094043e-05,2.400243176072224e-07
2.475389939319517e+02,4.332886606029277e-05,1.819919516429490e-05,2.272023832677357e-07
2.521503954350900e+02,3.298516231311786e-05,1.625987090637701e-05,2.143363749097630e-07
2.568477026918442e+02,2.449785969852541e-05,1.443926115332852e-05,2.014495778763837e-07
2.616325160396612e+02,1.795420342188419e-05,1.273724718482540e-05,1.885675732606200e-07
2.665064656286569e+02,1.270586912874524e-05,1.115344254971270e-05,1.757184050901575e-07
2.714712119769995e+02,8.867917098881212e-06,9.687175875324535e-06,1.629327584023589e-07
2.765284465366323e+02,5.891862266809742e-06,8.337452862090020e-06,1.502441488812261e-07
2.816798922695421e+02,3.810514275331969e-06,7.102936468302829e-06,1.376891247680654e-07
2.869273042347558e+02,2.363685649096209e-06,5.981914578079041e-06,1.253074818002380e-07
2.922724701862798e+02,1.337463269757218e-06,4.972265078753770e-06,1.131424919773096e-07
2.977172111821704e+02,7.343235809186015e-07,4.071422804310797e-06,1.012411470017016e-07
3.032633822049584e+02,3.874232836925585e-07,3.276341283885369e-06,8.965441729131389e-08
3.089128727936258e+02,2.053822176697951e-07,2.583453121404650e-06,7.843752751510211e-08
3.146676076873563e+02,6.970947857180079e-08,1.988628698499450e-06,6.765024965910740e-08
3.205295474812835e+02,2.611893630794975e-08,1.487127141283494e-06,5.735721469028563e-08
3.265006892944462e+02,2.117420942869239e-08,1.073549923553739e-06,4.762824394890136e-08
3.325830674501965e+02,2.264130571229855e-09,7.417905918428201e-07,3.853870146721529e-08
3.387787541692741e+02,0.000000000000000e+00,4.849695426306458e-07,3.016986848318735e-08
3.450898602758013e+02,0.000000000000000e+00,2.953738283564880e-07,2.260934149280555e-08
3.515185359164194e+02,0.000000000000000e+00,1.644720585114198e-07,1.595145526374486e-08
3.580669712928336e+02,0.000000000000000e+00,2.059030616737459e-08,1.029773231572242e-08
3.647373974079923e+02,0.000000000000000e+00,2.059030616737459e-08,5.757360456881200e-09
3.715320868261788e+02,0.000000000000000e+00,2.059030616737459e-08,2.447700035398661e-09
3.784533544472523e+02,0.000000000000000e+00,2.059030616737459e-08,4.948224640091722e-10
