# energy,pi_pi_pi0,mu_mu,pi_pi
5.041833038782722e-02,7.943018408097485e-08,2.843467580846999e-10,5.712534264467931e-11
5.135757297277549e-02,8.241379467747902e-08,2.950172800945284e-10,5.926995714824200e-11
5.231431269867615e-02,8.550941253592168e-08,3.060877951811883e-10,6.149501580449838e-11
5.328887551959732e-02,8.872123879014273e-08,3.175732726649827e-10,6.380353209602741e-11
5.428159346180227e-02,9.205363193703340e-08,3.294892406641865e-10,6.619863216582234e-11
5.529280473686828e-02,9.551111371883946e-08,3.418518068738798e-10,6.868355901621660e-11
5.632285385691281e-02,9.909837522465633e-08,3.546776801128019e-10,7.126167686356563e-11
5.737209175196620e-02,1.028202832192449e-07,3.679841926663472e-10,7.393647565441959e-11
5.844087588953090e-02,1.066818867075951e-07,3.817893234548386e-10,7.671157574913110e-11
5.952957039636796e-02,1.106884237439737e-07,3.961117220572607e-10,7.959073277905765e-11
6.063854618255234e-02,1.148453284945171e-07,4.109707336217257e-10,8.257784268374245e-11
6.176818106783914e-02,1.191582385627578e-07,4.263864246950663e-10,8.567694693468980e-11
6.291885991038398e-02,1.236330025878241e-07,4.423796100051178e-10,8.889223795259078e-11
6.409097473786139e-02,1.282756881254049e-07,4.589718802304520e-10,9.222806472510333e-11
6.528492488102552e-02,1.330925898219450e-07,4.761856307935745e-10,9.568893863254864e-11
6.650111710975931e-02,1.380902378929200e-07,4.940440917148925e-10,9.927953948915317e-11
6.773996577165783e-02,1.432754069164366e-07,5.125713585660820e-10,1.030047218077401e-10
6.900189293319352e-02,1.486551249538164e-07,5.317924245628829e-10,1.068695212960608e-10
7.028732852351095e-02,1.542366830092504e-07,5.517332138387624e-10,1.108791615932523e-10
7.159671048090059e-02,1.600276448410499e-07,5.724206159423809e-10,1.150390612552147e-10
7.293048490200101e-02,1.660358571374826e-07,5.938825216033134e-10,1.193548409980161e-10
7.428910619378071e-02,1.722694600706544e-07,6.161478598120704e-10,1.238323312087655e-10
7.567303722835121e-02,1.787368982423900e-07,6.392466362620943e-10,1.284775797337292e-10
7.708274950066404e-02,1.854469320365773e-07,6.632099732031029e-10,1.332968599538229e-10
7.851872328914561e-02,1.924086493929640e-07,6.880701507569005e-10,1.382966791579701e-10
7.998144781932441e-02,1.996314780179488e-07,7.138606497486005e-10,1.434837872252011e-10
8.147142143050659e-02,2.071251980484693e-07,7.406161961080529e-10,1.488651856267488e-10
8.298915174555634e-02,2.148999551856786e-07,7.683728068982310e-10,1.544481367598092e-10
8.453515584383919e-02,2.229662743157139e-07,7.971678380293211e-10,1.602401736250445e-10
8.610996043738721e-02,2.313350736354817e-07,8.270400337193355e-10,1.662491098603466e-10
8.771410205034573e-02,2.400176793020467e-07,8.580295777642051e-10,1.724830501438172e-10
8.934812720176315e-02,2.490258406248780e-07,8.901781466825163e-10,1.789504009793916e-10
9.101259259178590e-02,2.583717458209112e-07,9.235289648023697e-10,1.856598818790051e-10
9.270806529132200e-02,2.680680383531081e-07,9.581268613601550e-10,1.926205369557010e-10
9.443512293523788e-02,2.781278338739437e-07,9.940183296835321e-10,1.998417469425873e-10
9.619435391915430e-02,2.885647377960317e-07,1.031251588533396e-09,2.073332416530826e-10
9.798635759990824e-02,2.993928635128979e-07,1.069876645682213e-09,2.151051128984340e-10
9.981174449974940e-02,3.106268512937516e-07,1.109945363808847e-09,2.231678278790655e-10
1.016711365143405e-01,3.222818878769584e-07,1.151511528792720e-09,2.315322430668880e-10
1.035651671246324e-01,3.343737267878187e-07,1.194630920493089e-09,2.402096185963240e-10
1.054944816126866e-01,3.469187094071763e-07,1.239361386102125e-09,2.492116331824092e-10
1.074597372815177e-01,3.599337868183383e-07,1.285762916163615e-09,2.585503995849975e-10
1.094616036790318e-01,3.734365424607811e-07,1.333897723352229e-09,2.682384806387502e-10
1.115007628261363e-01,3.874452156201407e-07,1.383830324111563e-09,2.782889058692957e-10
1.135779094490996e-01,4.019787257850426e-07,1.435627623252582e-09,2.887151887166509e-10
1.156937512162389e-01,4.170566979024370e-07,1.489359001617531e-09,2.995313443877402e-10
1.178490089790175e-01,4.326994885642297e-07,1.545096406918004e-09,3.107519083606125e-10
1.200444170176337e-01,4.489282131591808e-07,1.602914447859556e-09,3.223919555637421e-10
1.222807232911844e-01,4.657647740252640e-07,1.662890491669091e-09,3.344671202546200e-10
1.245586896924892e-01,4.832318896389332e-07,1.725104765145181e-09,3.469936166226822e-10
1.268790923076617e-01,5.013531248790535e-07,1.789640459355591e-09,3.599882601424906e-10
1.292427216805159e-01,5.201529224045970e-07,1.856583838110436e-09,3.734684897039881e-10
1.316503830818991e-01,5.396566351866053e-07,1.926024350343781e-09,3.874523905475712e-10
1.341028967840412e-01,5.598905602363592e-07,1.998054746540915e-09,4.019587180326858e-10
1.366010983400154e-01,5.808819735731956e-07,2.072771199353204e-09,4.170069222696450e-10
1.391458388684052e-01,6.026591664769524e-07,2.150273428547091e-09,4.326171736453858e-10
1.417379853432736e-01,6.252514830716219e-07,2.230664830438791e-09,4.488103892749397e-10
1.443784208895351e-01,6.486893592884533e-07,2.314052611971232e-09,4.656082604114880e-10
1.470680450838296e-01,6.730043632584394e-07,2.400547929594971e-09,4.830332808489830e-10
1.498077742610016e-01,6.982292371859063e-07,2.490266033120216e-09,5.011087763524964e-10
1.525985418262881e-01,7.243979407567504e-07,2.583326414712568e-09,5.198589351526375e-10
1.554412985733235e-01,7.515456961367443e-07,2.679852963210741e-09,5.393088395416291e-10
1.583370130080675e-01,7.797090346173135e-07,2.779974123950479e-09,5.594844986099093e-10
1.612866716787678e-01,8.089258449681744e-07,2.883823064284713e-09,5.804128821634195e-10
1.642912795120697e-01,8.392354235583460e-07,2.991537844996384e-09,6.021219558631251e-10
1.673518601553873e-01,8.706785263091866e-07,3.103261597806595e-09,6.246407176296992e-10
1.704694563256523e-01,9.032974225453331e-07,3.219142709187349e-09,6.479992353577317e-10
1.736451301645600e-01,9.371359508117620e-07,3.339335010694868e-09,6.722286859853349e-10
1.768799636004331e-01,9.722395767275259e-07,3.463997976046379e-09,6.973613959665311e-10
1.801750587168263e-01,1.008655452949220e-06,3.593296925170393e-09,7.234308831953905e-10
1.835315381279981e-01,1.046432481319765e-06,3.727403235467828e-09,7.504719004325191e-10
1.869505453613770e-01,1.085621377280722e-06,3.866494560528734e-09,7.785204802861648e-10
1.904332452471531e-01,1.126274736629059e-06,4.010755056557263e-09,8.076139818019381e-10
1.939808243151265e-01,1.168447104702126e-06,4.160375616765232e-09,8.377911387169172e-10
1.975944911989494e-01,1.212195048077451e-06,4.315554114002923e-09,8.690921094357428e-10
2.012754770478987e-01,1.257577228876991e-06,4.476495651903984e-09,9.015585287881825e-10
2.050250359463188e-01,1.304654481768554e-06,4.643412824829877e-09,9.352335616295828e-10
2.088444453408795e-01,1.353489893760286e-06,4.816525986908084e-09,9.701619583476208e-10
2.127350064757919e-01,1.404148886887419e-06,4.996063530467228e-09,1.006390112340824e-09
2.166980448361330e-01,1.456699303893872e-06,5.182262174181479e-09,1.043966119536409e-09
2.207349105994282e-01,1.511211497014807e-06,5.375367261246038e-09,1.082939840017199e-09
2.248469790956469e-01,1.567758419969845e-06,5.575633067915037e-09,1.123362961829551e-09
2.290356512757671e-01,1.626415723280405e-06,5.783323122743242e-09,1.165289067046568e-09
2.333023541890691e-01,1.687261853028456e-06,5.998710536882763e-09,1.208773700163180e-09
2.376485414693198e-01,1.750378153177953e-06,6.222078345796485e-09,1.253874438902104e-09
2.420756938300160e-01,1.815848971584357e-06,6.453719862760394e-09,1.300650967512184e-09
2.465853195688513e-01,1.883761769821777e-06,6.693939044537622e-09,1.349165152643123e-09
2.511789550815826e-01,1.954207236961742e-06,6.943050869618109e-09,1.399481121883261e-09
2.558581653854682e-01,2.027279407442014e-06,7.201381729428937e-09,1.451665345049704e-09
2.606245446524578e-01,2.103075783168509e-06,7.469269832931700e-09,1.505786718322862e-09
2.654797167523145e-01,2.181697459998178e-06,7.747065625034981e-09,1.561916651320263e-09
2.704253358058558e-01,2.263249258755583e-06,8.035132219261696e-09,1.620129157207372e-09
2.754630867484995e-01,2.347839860940985e-06,8.333845845123190e-09,1.680500945946132e-09
2.805946859043087e-01,2.435581949292975e-06,8.643596310664037e-09,1.743111520784914e-09
2.858218815707313e-01,2.526592353374027e-06,8.964787480653989e-09,1.808043278096673e-09
2.911464546142307e-01,2.620992200352891e-06,9.297837770916008e-09,1.875381610675267e-09
2.965702190770145e-01,2.718907071163447e-06,9.643180659292052e-09,1.945215014603121e-09
3.020950227950651e-01,2.820467162225467e-06,1.000126521376118e-08,2.017635199806698e-09
3.077227480276830e-01,2.925807452918747e-06,1.037255663823756e-08,2.092737204419607e-09
3.134553120987591e-01,3.035067879008328e-06,1.075753683658912e-08,2.170619513076649e-09
3.192946680499924e-01,3.148393512224812e-06,1.115670499543082e-08,2.251384179265543e-09
3.252428053062764e-01,3.265934746210374e-06,1.157057818625996e-08,2.335136951866693e-09
3.313017503534819e-01,3.387847489047819e-06,1.199969198751432e-08,2.421987406014975e-09
3.374735674288648e-01,3.514293362596889e-06,1.244460112714732e-08,2.512049078421188e-09
3.437603592243370e-01,3.645439908869192e-06,1.290588014632836e-08,2.605439607294653e-09
3.501642676028375e-01,3.781460803680397e-06,1.338412408488927e-08,2.702280877012206e-09
3.566874743280489e-01,3.922536077825803e-06,1.387994918915216e-08,2.802699167682703e-09
3.633322018077084e-01,4.068852346033149e-06,1.439399364278676e-08,2.906825309760153e-09
3.701007138507650e-01,4.220603043954332e-06,1.492691832135912e-08,3.014794843862532e-09
3.769953164386427e-01,4.377988673465869e-06,1.547940757124666e-08,3.126748185957412e-09
3.840183585108711e-01,4.541217056556199e-06,1.605217001360746e-08,3.242830798079572e-09
3.911722327653510e-01,4.710503598086393e-06,1.664593937410503e-08,3.363193364749930e-09
3.984593764735294e-01,4.886071557719629e-06,1.726147533910188e-08,3.487991975269317e-09
4.058822723107590e-01,5.068152331323639e-06,1.789956443904791e-08,3.617388312064722e-09
4.134434492021278e-01,5.256985742159489e-06,1.856102095980155e-08,3.751549845269964e-09
4.211454831840442e-01,5.452820342179408e-06,1.924668788263278e-08,3.890650033726899e-09
4.289909982818739e-01,5.655913723765931e-06,1.995743785366880e-08,4.034868532597586e-09
4.369826674039257e-01,5.866532842254375e-06,2.069417418355286e-08,4.184391407782029e-09
4.451232132520910e-01,6.084954349590655e-06,2.145783187809753e-08,4.339411357340415e-09
4.534154092494482e-01,6.311464939486678e-06,2.224937870072157e-08,4.500127940122954e-09
4.618620804851472e-01,6.546361704445874e-06,2.306981626746945e-08,4.666747811814691e-09
4.704661046768960e-01,6.789952505042099e-06,2.392018117541827e-08,4.839484968606737e-09
4.792304131513780e-01,7.042556351845937e-06,2.480154616528468e-08,5.018560998709597e-09
4.881579918429326e-01,7.304503800403457e-06,2.571502131904907e-08,5.204205341928245e-09
4.972518823108408e-01,7.576137359683639e-06,2.666175529341771e-08,5.396655557522623e-09
5.065151827755620e-01,7.857811914422195e-06,2.764293658994778e-08,5.596157600581067e-09
5.159510491742740e-01,8.149895161801014e-06,2.865979486265981e-08,5.802966107138042e-09
5.255626962360779e-01,8.452768062914238e-06,2.971360226396236e-08,6.017344688271086e-09
5.353533985772315e-01,8.766825309484030e-06,3.080567482971163e-08,6.239566233415436e-09
5.453264918167871e-01,9.092475806301032e-06,3.193737390422359e-08,6.469913223138071e-09
5.554853737130117e-01,9.430143169876976e-06,3.311010760605085e-08,6.708678051616154e-09
5.658335053209780e-01,9.780266243809103e-06,3.432533233532678e-08,6.956163359067505e-09
5.763744121717198e-01,1.014329963136880e-05,3.558455432346846e-08,7.212682374383695e-09
5.871116854733543e-01,1.051971424583936e-05,3.688933122601604e-08,7.478559268218466e-09
5.980489833345795e-01,1.090999787914054e-05,3.824127375936794e-08,7.754129516786331e-09
6.091900320109647e-01,1.131465578929057e-05,3.964204738215266e-08,8.039740276628053e-09
6.205386271744578e-01,1.173421130726894e-05,4.109337402195145e-08,8.335750770600675e-09
6.320986352065426e-01,1.216920646385637e-05,4.259703384806058e-08,8.642532685351116e-09
6.438739945154855e-01,1.262020263704135e-05,4.415486709094817e-08,8.960470580532397e-09
6.558687168781225e-01,1.308778122059544e-05,4.576877590902481e-08,9.289962310021786e-09
6.680868888066408e-01,1.357254431443254e-05,4.744072630330524e-08,9.631419455399176e-09
6.805326729408231e-01,1.407511543738012e-05,4.917275008049226e-08,9.985267771943199e-09
6.932103094662287e-01,1.459614026300330e-05,5.096694686496112e-08,1.035194764740018e-08
7.061241175587920e-01,1.513628737913476e-05,5.282548616006422e-08,1.073191457377867e-08
7.192784968563333e-01,1.569624907177659e-05,5.475060945911156e-08,1.112563963241878e-08
7.326779289574835e-01,1.627674213405195e-05,5.674463240630965e-08,1.153360999258118e-08
7.463269789485303e-01,1.687850870089605e-05,5.880994700786248e-08,1.195632942379525e-08
7.602302969587096e-01,1.750231711018834e-05,6.094902389334990e-08,1.239431882219992e-08
7.743926197444693e-01,1.814896279103818e-05,6.316441462740289e-08,1.284811675110277e-08
7.888187723032470e-01,1.881926917994756e-05,6.545875407158925e-08,1.331827999597503e-08
8.035136695173106e-01,1.951408866558439e-05,6.783476279630647e-08,1.380538413408961e-08
8.184823178282217e-01,2.023430356290981e-05,7.029524954235370e-08,1.431002411899836e-08
8.337298169424929e-01,2.098082711741171e-05,7.284311373171433e-08,1.483281488003197e-08
8.492613615690198e-01,2.175460454020514e-05,7.548134802693242e-08,1.537439193699102e-08
8.650822431888791e-01,2.255661407476760e-05,7.821304093830038e-08,1.593541203018128e-08
8.811978518580971e-01,2.338786809608390e-05,8.104137947789892e-08,1.651655376592728e-08
8.976136780440012e-01,2.424941424298049e-05,8.396965185933619e-08,1.711851827767909e-08
9.143353144957810e-01,2.514233658443390e-05,8.700125024182462e-08,1.774202990280400e-08
9.313684581498962e-01,2.606775682064061e-05,9.013967351700608e-08,1.838783687513064e-08
9.487189120709802e-01,2.702683551963772e-05,9.338853013669298e-08,1.905671203328596e-08
9.663925874289012e-01,2.802077339026390e-05,9.675154097942515e-08,1.974945354483490e-08
9.843955055126525e-01,2.905081259224842e-05,1.002325422534591e-07,2.046688564620055e-08
1.002733799781762e+00,3.011823808421296e-05,1.038354884334965e-07,2.120985939830626e-08
1.021413717955915e+00,3.122437901036567e-05,1.075644552281253e-07,2.197925345784155e-08
1.040441624143506e+00,3.237061012665904e-05,1.114236425745904e-07,2.277597486401139e-08
1.059824001009842e+00,3.355835326717383e-05,1.154173776571241e-07,2.360095984058111e-08
1.079567451985740e+00,3.478907885147825e-05,1.195501179446510e-07,2.445517461297878e-08
1.099678703517264e+00,3.606430743369696e-05,1.238264542432378e-07,2.533961624016090e-08
1.120164607357378e+00,3.738561129400560e-05,1.282511137581772e-07,2.625531346088843e-08
1.141032142900283e+00,3.875461607324507e-05,1.328289631600818e-07,2.720332755399367e-08
1.162288419559247e+00,4.017300245132491e-05,1.375650116488116e-07,2.818475321214936e-08
1.183940679188729e+00,4.164250787005569e-05,1.424644140084639e-07,2.920071942857439e-08
1.205996298551625e+00,4.316492830101718e-05,1.475324736460239e-07,3.025239039602833e-08
1.228462791832472e+00,4.474212005903139e-05,1.527746456055865e-07,3.134096641735837e-08
1.251347813197481e+00,4.637600166176683e-05,1.581965395493372e-07,3.246768482676569e-08
1.274659159402248e+00,4.806855573595268e-05,1.638039226956949e-07,3.363382092085552e-08
1.298404772448054e+00,4.982183097062764e-05,1.696027227041834e-07,3.484068889842307e-08
1.322592742287645e+00,5.163794411778918e-05,1.755990304957067e-07,3.608964280780810e-08
1.347231309581416e+00,5.351908204074199e-05,1.817991029959420e-07,3.738207750052137e-08
1.372328868504946e+00,5.546750381037219e-05,1.882093657885471e-07,3.871942958970758e-08
1.397893969608827e+00,5.748554284949229e-05,1.948364156637789e-07,4.010317841186057e-08
1.423935322731778e+00,5.957560912531311e-05,2.016870230469572e-07,4.153484699004572e-08
1.450461799968014e+00,6.174019139000214e-05,2.087681342899565e-07,4.301600299671342e-08
1.477482438689910e+00,6.398185946917951e-05,2.160868738075771e-07,4.454825971400236e-08
1.505006444626962e+00,6.630326659808712e-05,2.236505460392254e-07,4.613327698923409e-08
1.533043195002109e+00,6.870715180503754e-05,2.314666372148126e-07,4.777276218308817e-08
1.561602241726488e+00,7.119634234161153e-05,2.395428169021647e-07,4.946847110772004e-08
1.590693314653693e+00,7.377375615891996e-05,2.478869393115047e-07,5.122220895184109e-08
1.620326324894666e+00,7.644240442908210e-05,2.565070443307289e-07,5.303583118951922e-08
1.650511368194339e+00,7.920539411089413e-05,2.654113582632357e-07,5.491124446918101e-08
1.681258728371178e+00,8.206593055846547e-05,2.746082942379652e-07,5.685040747899732e-08
1.712578880820800e+00,8.502732017139344e-05,2.841064522590858e-07,5.885533178451651e-08
1.744482496084868e+00,8.809297308481707e-05,2.939146188603779e-07,6.092808263406864e-08
1.776980443486461e+00,9.126640589744713e-05,3.040417663268411e-07,6.307077972710096e-08
1.810083794833171e+00,9.455124443540145e-05,3.144970514433459e-07,6.528559794021455e-08
1.843803828189185e+00,9.795122654939224e-05,3.252898137272850e-07,6.757476800525959e-08
1.878152031717639e+00,1.014702049424986e-04,3.364295730991243e-07,6.994057713340145e-08
1.913140107594547e+00,1.051121500254287e-04,3.479260269414907e-07,7.238536957859849e-08
1.948779975995646e+00,1.088811527958150e-04,3.597890464939824e-07,7.491154713342689e-08
1.985083779157511e+00,1.127814277377019e-04,3.720286725271920e-07,7.752156954965089e-08
2.022063885514324e+00,1.168173157369704e-04,3.846551102355248e-07,8.021795487536133e-08
2.059732893911705e+00,1.209932870079979e-04,3.976787232842146e-07,8.300327969989583e-08
2.098103637899049e+00,1.253139440263740e-04,4.111100269415109e-07,8.588017929709906e-08
2.137189190101813e+00,1.297840244619777e-04,4.249596802222967e-07,8.885134765678876e-08
2.177002866675272e+00,1.344084041061733e-04,4.392384769643826e-07,9.191953739355183e-08
2.217558231841222e+00,1.391920997862864e-04,4.539573357533882e-07,9.508755952120501e-08
2.258869102509219e+00,1.441402722598924e-04,4.691272886064726e-07,9.835828308041667e-08
2.300949552983889e+00,1.492582290807681e-04,4.847594683191367e-07,1.017346346060896e-07
2.343813919759944e+00,1.545514274276308e-04,5.008650943729398e-07,1.052195974201535e-07
2.387476806406515e+00,1.600254768860113e-04,5.174554572951679e-07,1.088162107344020e-07
2.431953088542480e+00,1.656861421727722e-04,5.345419013542769e-07,1.125275685469291e-07
2.477257918904475e+00,1.715393457918956e-04,5.521358054672546e-07,1.163568183145750e-07
2.523406732509322e+00,1.775911706092066e-04,5.702485621869167e-07,1.203071593825650e-07
2.570415251912617e+00,1.838478623326842e-04,5.888915546284856e-07,1.243818411512317e-07
2.618299492565293e+00,1.903158318839219e-04,6.080761311856206e-07,1.285841609583248e-07
2.667075768269962e+00,1.970016576451344e-04,6.278135778763215e-07,1.329174616539476e-07
2.716760696738906e+00,2.039120875648703e-04,6.481150881487629e-07,1.373851288435916e-07
2.767371205255606e+00,2.110540411042597e-04,6.689917299661338e-07,1.419905877730876e-07
2.818924536441740e+00,2.184346110042142e-04,6.904544099778843e-07,1.467372998275199e-07
2.871438254131623e+00,2.260610648524844e-04,7.125138345724071e-07,1.516287586142789e-07
2.924930249356064e+00,2.339408464278684e-04,7.351804675930253e-07,1.566684855984318e-07
2.979418746437710e+00,2.420815767971525e-04,7.584644844852379e-07,1.618600252564740e-07
3.034922309199937e+00,2.504910551385245e-04,7.823757226283534e-07,1.672069397122754e-07
3.091459847291407e+00,2.591772592632550e-04,8.069236275889698e-07,1.727128028166416e-07
3.149050622628442e+00,2.681483458053575e-04,8.321171950170796e-07,1.783811936293771e-07
3.207714255957415e+00,2.774126500467203e-04,8.579649078879447e-07,1.842156892600372e-07
3.267470733539390e+00,2.869786853428428e-04,8.844746687741168e-07,1.902198570206946e-07
3.328340413959297e+00,2.968551421117922e-04,9.116537268121384e-07,1.963972458410086e-07
3.390344035061945e+00,3.070508863463146e-04,9.395085990073490e-07,2.027513768926527e-07
3.453502721017248e+00,3.175749576061891e-04,9.680449854979068e-07,2.092857333667396e-07
3.517837989517080e+00,3.284365664448676e-04,9.972676783754080e-07,2.160037493442356e-07
3.583371759106185e+00,3.396450912212197e-04,1.027180463634367e-06,2.229087976955080e-07
3.650126356649663e+00,3.512100742437608e-04,1.057786015796185e-06,2.300041769410450e-07
3.718124524939566e+00,3.631412171910789e-04,1.089085784724966e-06,2.372930970010463e-07
3.787389430443199e+00,3.754483757482931e-04,1.121079874122624e-06,2.447786637569719e-07
3.857944671195758e+00,3.881415533952268e-04,1.153766911158955e-06,2.524638623432387e-07
3.929814284840008e+00,4.012308942775885e-04,1.187143906658705e-06,2.603515390820700e-07
4.003022756815727e+00,4.147266750877622e-04,1.221206105232013e-06,2.684443819689936e-07
4.077595028701709e+00,4.286392958768432e-04,1.255946824696780e-06,2.767448996106449e-07
4.153556506713180e+00,4.429792697142621e-04,1.291357284101467e-06,2.852553985103363e-07
4.230933070357498e+00,4.577572111057178e-04,1.327426419614319e-06,9.914763323057224e-07
4.309751081251114e+00,4.729838230741744e-04,1.364140687500016e-06,1.000412780547856e-06
4.390037392100772e+00,4.886698828023200e-04,1.401483853356970e-06,1.009564662627742e-06
4.471819355852031e+00,5.092843146113687e-04,1.439436766737845e-06,1.018933212408330e-06
4.555124835008201e+00,5.259218168614105e-04,1.477977120222058e-06,1.028519319151893e-06
4.639982211122903e+00,5.732024634720691e-04,1.517079191951731e-06,1.038323492299770e-06
4.726420394469435e+00,5.908349768261425e-04,1.556713570581267e-06,1.048345823660097e-06
4.814468833890299e+00,6.603406509424671e-04,1.596846861524369e-06,1.058585946833870e-06
4.904157526830193e+00,6.790116469578429e-04,1.637441373308398e-06,1.069042993699067e-06
4.995517029555923e+00,7.696517541626145e-04,1.678454782757441e-06,1.079715547761327e-06
5.088578467566691e+00,8.801397006728160e-04,1.719839777598642e-06,1.090601594167548e-06
5.183373546198318e+00,9.004486901219335e-04,1.761543674825294e-06,1.101698466165265e-06
5.279934561425018e+00,1.029299999747332e-03,1.803508012245664e-06,1.113002787774084e-06
5.378294410862393e+00,1.050752841188616e-03,1.845668104992658e-06,1.124510412406640e-06
5.478486604975407e+00,1.196992929983698e-03,1.887952463387119e-06,1.136216357058039e-06
5.580545278495145e+00,1.219628984517132e-03,1.911488071016262e-06,1.148114727173312e-06
5.684505202048268e+00,1.381522745877230e-03,1.911472333388931e-06,1.159965691114243e-06
5.790401794003101e+00,1.405378735848352e-03,1.911456006230483e-06,1.171519639311124e-06
5.898271132536405e+00,1.429857407236427e-03,1.911439067501551e-06,1.182768927333024e-06
6.008149967924949e+00,1.605900527126818e-03,1.911421494341378e-06,1.193706007772138e-06
6.120075735066042e+00,1.631645640163135e-03,1.911403263037346e-06,1.204323226429059e-06
6.234086566231336e+00,1.818742954182912e-03,1.911384348993393e-06,1.214612851608354e-06
6.350221304058198e+00,1.845757748725413e-03,1.911364726697254e-06,1.224567133441718e-06
6.468519514783105e+00,2.041369721649134e-03,1.911344369686512e-06,1.234178286510205e-06
6.589021501721570e+00,2.069610138634183e-03,1.911323250513389e-06,1.243438482031361e-06
6.711768318999177e+00,2.098434364288959e-03,1.911301340708246e-06,1.252339932599206e-06
6.836801785538416e+00,2.300675556411896e-03,1.911278610741749e-06,1.260874816926860e-06
6.964164499306073e+00,2.330581069748604e-03,1.911255029985633e-06,1.269035367933531e-06
7.093899851826046e+00,2.535818825695301e-03,1.911230566672038e-06,1.276813881981590e-06
7.226052042962504e+00,2.566669988106846e-03,1.911205187851345e-06,1.284202693005264e-06
7.360666095978456e+00,2.597941265359691e-03,1.911178859348470e-06,1.291194253018009e-06
7.497787872874841e+00,2.803922696223897e-03,1.911151545717554e-06,1.297781127041075e-06
7.637464090015364e+00,2.835886230368493e-03,1.911123210194997e-06,1.303956038073439e-06
7.779742334042411e+00,2.868117569054307e-03,1.911093814650764e-06,1.309711868967838e-06
7.924671078089470e+00,3.072351967302189e-03,1.911063319537922e-06,1.315041728407317e-06
8.072299698295556e+00,3.104978411207276e-03,1.911031683840320e-06,1.319938964872895e-06
8.222678490627297e+00,3.137712209267058e-03,1.910998865018359e-06,1.324397193941723e-06
8.375858688014397e+00,3.334528930516845e-03,1.910964818952787e-06,1.328410404696791e-06
8.531892477804297e+00,3.367315643537267e-03,1.910929499886437e-06,1.331972890500070e-06
8.690833019542037e+00,3.400062443913584e-03,1.910892860363835e-06,1.335079398828528e-06
8.852734463081294e+00,3.582832072844158e-03,1.910854851168615e-06,1.337725148527407e-06
9.017651967032844e+00,3.615271880667348e-03,1.910815421258648e-06,1.339905844778222e-06
9.185641717556678e+00,3.647479354706907e-03,1.910774517698803e-06,1.341617823394683e-06
9.356760947504235e+00,3.679370194053201e-03,1.910732085591274e-06,1.342858038191841e-06
9.531067955917164e+00,3.837293427140224e-03,1.910688068003361e-06,1.343624169558950e-06
9.708622127889400e+00,3.868408819270644e-03,1.910642405892627e-06,1.343914682434215e-06
9.889483954799209e+00,3.899039974990492e-03,1.910595038029343e-06,1.343891916921252e-06
1.007371505491816e+01,3.929152581367443e-03,1.910545900916113e-06,1.343861014784774e-06
1.026137819440399e+01,4.052893794637058e-03,1.910494928704581e-06,1.343828993745993e-06
1.045253730868459e+01,4.081725328926730e-03,1.910442053109124e-06,1.343795767907294e-06
1.064725752424031e+01,4.109861102816062e-03,1.910387203317420e-06,1.343761296787430e-06
1.084560518079206e+01,4.137198891853595e-03,1.910330305897770e-06,1.343725536243453e-06
1.104764785390276e+01,4.225528080087359e-03,1.910271284703077e-06,1.343688494216466e-06
1.125345437799986e+01,4.251221094590600e-03,1.910210060771352e-06,1.343649992756949e-06
1.146309486982666e+01,4.276003767759625e-03,1.910146552222632e-06,1.343610156019925e-06
1.167664075233059e+01,4.299861860170315e-03,1.910080674152170e-06,1.343568732951454e-06
1.189416477899648e+01,4.322808846575031e-03,1.910012338519782e-06,1.343525803308835e-06
1.211574105863311e+01,4.380814090533216e-03,1.909941454035208e-06,1.343481290714521e-06
1.234144508062154e+01,4.401806643531273e-03,1.909867926039349e-06,1.343434856896608e-06
1.257135374063379e+01,4.421833122293940e-03,1.909791656381230e-06,1.343387252669070e-06
1.280554536683057e+01,4.440898404686546e-03,1.909712543290551e-06,1.343337594173684e-06
1.304409974654716e+01,4.458965244007965e-03,1.909630481245654e-06,1.343286005533913e-06
1.328709815347632e+01,4.476050507229930e-03,1.909545360836773e-06,1.343232677176154e-06
1.353462337535764e+01,4.511374810033057e-03,1.909457068624371e-06,1.343177284057137e-06
1.378675974218269e+01,4.526572004732452e-03,1.909365486992422e-06,1.343119831357580e-06
1.404359315492567e+01,4.540808454890162e-03,1.909270493996442e-06,1.343060251470124e-06
1.430521111480914e+01,4.554133048105982e-03,1.909171963206093e-06,1.342998457532911e-06
1.457170275311511e+01,4.566551061787962e-03,1.909069763542186e-06,1.342934373359981e-06
1.484315886155138e+01,4.578128288160076e-03,1.908963759107868e-06,1.342867913196092e-06
1.511967192318357e+01,4.598162972208480e-03,1.908853809013803e-06,1.342798993200880e-06
1.540133614394343e+01,4.608053030037059e-03,1.908739767197149e-06,1.342727506463714e-06
1.568824748472411e+01,4.617151292310335e-03,1.908621482234098e-06,1.342653389678953e-06
1.598050369407328e+01,4.625478896616441e-03,1.908498797145783e-06,1.342576532801940e-06
1.627820434149536e+01,4.633103318794021e-03,1.908371549197301e-06,1.342496815614149e-06
1.658145085137411e+01,4.640001911646059e-03,1.908239569689646e-06,1.342414172072407e-06
1.689034653752712e+01,4.646235199236931e-03,1.908102683744269e-06,1.342328430391155e-06
1.720499663840411e+01,4.651839948168795e-03,1.907960710080070e-06,1.342239548668163e-06
1.752550835294082e+01,4.660800036111247e-03,1.907813460782514e-06,1.342147371642904e-06
1.785199087708094e+01,4.665227290835941e-03,1.907660741064642e-06,1.342051795972486e-06
1.818455544097834e+01,4.669113862076259e-03,1.907502349019680e-06,1.341952697836432e-06
1.852331534689230e+01,4.672459418346576e-03,1.907338075364980e-06,1.341849917467642e-06
1.886838600778883e+01,4.675345157883392e-03,1.907167703176998e-06,1.341743361235624e-06
1.921988498666093e+01,4.677781796658065e-03,1.906991007617003e-06,1.341632826358952e-06
1.957793203658145e+01,4.679770656501979e-03,1.906807755647218e-06,1.341518294810859e-06
1.994264914150208e+01,4.681387780610812e-03,1.906617705737072e-06,1.341399474984209e-06
2.031416055781235e+01,4.682650614795194e-03,1.906420607559236e-06,1.341276293324640e-06
2.069259285667285e+01,4.683549731215823e-03,1.906216201675101e-06,1.341148585357339e-06
2.107807496713710e+01,4.684132977131416e-03,1.906004219209359e-06,1.341016535989569e-06
2.147073822007669e+01,4.684445492906633e-03,1.905784381513328e-06,1.340878862163436e-06
2.187071639292474e+01,4.685047818860795e-03,1.905556399816651e-06,1.340736510220828e-06
2.227814575525286e+01,4.684814679562979e-03,1.905319974866986e-06,1.340588925824998e-06
2.269316511519719e+01,4.684371080058266e-03,1.905074796557314e-06,1.340435880744704e-06
2.311591586674929e+01,4.683727740089120e-03,1.904820543540444e-06,1.340277270708502e-06
2.354654203792795e+01,4.682881834165579e-03,1.904556882830324e-06,1.340112794508480e-06
2.398519033984864e+01,4.681835468495043e-03,1.904283469389717e-06,1.339942308331885e-06
2.443201021670665e+01,4.680633632801095e-03,1.903999945703817e-06,1.339765546718348e-06
2.488715389669179e+01,4.679280353179833e-03,1.903705941339366e-06,1.339582299566915e-06
2.535077644385130e+01,4.677773291951008e-03,1.903401072488786e-06,1.339392333484028e-06
2.582303581091906e+01,4.676109878419042e-03,1.903084941498893e-06,1.339195401004606e-06
2.630409289312888e+01,4.674314644524731e-03,1.902757136383676e-06,1.338991261427358e-06
2.679411158303034e+01,4.672398050872820e-03,1.902417230320663e-06,1.338779650362583e-06
2.729325882632568e+01,4.670357632792003e-03,1.902064781130366e-06,1.338560235064227e-06
2.780170467874703e+01,4.668189701794503e-03,1.901699330738263e-06,1.338332905487147e-06
2.831962236399309e+01,4.665893066209614e-03,1.901320404618817e-06,1.338096924823557e-06
2.884718833274516e+01,4.663482398757475e-03,1.900927511220943e-06,1.337852911463077e-06
2.938458232278253e+01,4.660961947209970e-03,1.900520141374398e-06,1.337599689647558e-06
2.993198742021786e+01,4.658320384909719e-03,1.900097767676494e-06,1.337337252371349e-06
3.048959012187321e+01,4.655561789945929e-03,1.899659843858555e-06,1.337065191081703e-06
3.105758039881811e+01,4.652680605153072e-03,1.899205804131519e-06,1.336783243254280e-06
3.163615176109129e+01,4.649677972471938e-03,1.898735062510066e-06,1.336491027014782e-06
3.222550132362812e+01,4.646557879607294e-03,1.898247012114633e-06,1.336188173846859e-06
3.282582987341615e+01,4.643317181657656e-03,1.897741024450701e-06,1.335874303664796e-06
3.343734193790179e+01,4.639951908356883e-03,1.897216448664662e-06,1.335549027195483e-06
3.406024585467124e+01,4.636458229271004e-03,1.896672610775628e-06,1.335211932454406e-06
3.469475384242957e+01,4.632832051736058e-03,1.896108812882479e-06,1.334862603317323e-06
3.534108207330203e+01,4.629069684651150e-03,1.895524332345466e-06,1.334500601620398e-06
3.599945074648227e+01,4.625172271081087e-03,1.894918420941652e-06,1.334125479810982e-06
3.667008416325260e+01,4.621134557747901e-03,1.894290303993484e-06,1.333736770446981e-06
3.735321080340171e+01,4.616954176766653e-03,1.893639179469744e-06,1.333333998979218e-06
3.804906340306604e+01,4.612625929584017e-03,1.892964217058149e-06,1.332916651332823e-06
3.875787903402125e+01,4.608145086598514e-03,1.892264557208845e-06,1.332484229055683e-06
3.947989918445081e+01,4.603506595376086e-03,1.891539310148014e-06,1.332036187180916e-06
4.021536984121919e+01,4.598705432303513e-03,1.890787554860832e-06,1.331571990153129e-06
4.096454157367776e+01,4.593173083890275e-03,1.890008338042988e-06,1.331091058346926e-06
4.172766961903191e+01,4.588032449941347e-03,1.889200673019963e-06,1.330592815560228e-06
4.250501396929840e+01,4.582716975152295e-03,1.888363538633274e-06,1.330076629874443e-06
4.329683945988276e+01,4.577220249525523e-03,1.887495878092870e-06,1.329541888917955e-06
4.410341585980672e+01,4.571536504382659e-03,1.886596597794863e-06,1.328987957985692e-06
4.492501796361645e+01,4.565659943159783e-03,1.885664566103780e-06,1.328414139443261e-06
4.576192568500308e+01,4.559584514583679e-03,1.884698612098505e-06,1.327819763623886e-06
4.661442415216712e+01,4.553304093943762e-03,1.883697524281090e-06,1.327204006885524e-06
4.748280380495957e+01,4.546812293678428e-03,1.882660049247612e-06,1.326566430552773e-06
4.836736049383257e+01,4.540102573020160e-03,1.881584890320247e-06,1.325905935450122e-06
4.926839558063347e+01,4.533168354879432e-03,1.880470706139740e-06,1.325221901960567e-06
5.018621604127650e+01,4.526002756992191e-03,1.879316109217467e-06,1.324513427283812e-06
5.112113457032721e+01,4.514614574483405e-03,1.878119664446262e-06,1.323779761298683e-06
5.207346968753519e+01,4.506964815575111e-03,1.876879887569232e-06,1.323019955263315e-06
5.304354584635132e+01,4.499063676484066e-03,1.875595243605762e-06,1.322233495300593e-06
5.403169354446664e+01,4.490899997463326e-03,1.874264145233946e-06,1.321418470848519e-06
5.503824943641045e+01,4.482472904579354e-03,1.872884951128698e-06,1.320574913957321e-06
5.606355644824603e+01,4.473768694666871e-03,1.871455964254806e-06,1.319701393234341e-06
5.710796389440289e+01,4.464781275902062e-03,1.869975430114247e-06,1.318797128071848e-06
5.817182759668569e+01,4.455502920288115e-03,1.868441534947060e-06,1.317860864707239e-06
5.925551000549999e+01,4.436596610397261e-03,1.866852403885183e-06,1.316891585014702e-06
6.035938032333637e+01,4.426710692836638e-03,1.865206099058619e-06,1.315888173465795e-06
6.148381463055519e+01,4.416508123194195e-03,1.863500617653398e-06,1.314849444232329e-06
6.262919601351398e+01,4.405980073996965e-03,1.861733889920835e-06,1.313774306007729e-06
6.379591469508236e+01,4.395117677372746e-03,1.859903777137622e-06,1.312661452483013e-06
6.498436816758796e+01,4.383911739633311e-03,1.858008069516379e-06,1.311509633133008e-06
6.619496132823915e+01,4.372352945525558e-03,1.856044484066351e-06,1.310317580112389e-06
6.742810661707038e+01,4.341239176872921e-03,1.854010662403999e-06,1.309083886589508e-06
6.868422415745754e+01,4.328945877190600e-03,1.851904168513339e-06,1.307806920695595e-06
6.996374189925075e+01,4.316274060383078e-03,1.849722486455964e-06,1.306486189599557e-06
7.126709576457372e+01,4.303213808987169e-03,1.847463018030780e-06,1.305119279956751e-06
7.259472979633918e+01,4.289755262181384e-03,1.845123080383618e-06,1.303705000038335e-06
7.394709630953091e+01,4.239861918613562e-03,1.842699903566978e-06,1.302241797479548e-06
7.532465604530412e+01,4.225575836377188e-03,1.840190628050324e-06,1.300728068479963e-06
7.672787832795655e+01,4.210862242115576e-03,1.837592302181465e-06,1.299162186480768e-06
7.815724122482362e+01,4.195709815126863e-03,1.834901879599741e-06,1.297542448283778e-06
7.961323170915254e+01,4.180108375523760e-03,1.832116216601890e-06,1.295867118299352e-06
8.109634582601041e+01,4.102248929866998e-03,1.829232069461647e-06,1.294134408714947e-06
8.260708886128296e+01,4.085728563286120e-03,1.826246091704366e-06,1.292342480868065e-06
8.414597551382184e+01,4.068734560673359e-03,1.823154831338125e-06,1.290489448645860e-06
8.571353007079854e+01,4.051256325532795e-03,1.819954728043058e-06,1.288573368692803e-06
8.731028658632518e+01,4.033284014190887e-03,1.816642110320878e-06,1.286592247102564e-06
8.893678906340270e+01,3.920553232886037e-03,1.813213192606849e-06,1.284544041623569e-06
9.059359163925866e+01,3.901564009262108e-03,1.809664072346762e-06,1.282426657725707e-06
9.228125877413761e+01,3.882061485813963e-03,1.805990727041791e-06,1.280237934791985e-06
9.400036544360852e+01,3.862039273641407e-03,1.802189011264443e-06,1.277975639806111e-06
9.575149733445456e+01,3.715114242816733e-03,1.798254653649208e-06,1.275637534506320e-06
9.753525104421234e+01,3.694018980631656e-03,1.794183253861895e-06,1.273221284450881e-06
9.935223428442812e+01,3.672373387019343e-03,1.789970279552090e-06,1.270724509615520e-06
1.012030660877006e+02,3.500022549409757e-03,1.785611063293621e-06,1.268144764010524e-06
1.030883770185809e+02,3.477289690095791e-03,1.781100799518432e-06,1.265479543651975e-06
1.050088093884006e+02,3.454003475762378e-03,1.776434541449784e-06,1.262726326659470e-06
1.069650174741035e+02,3.266144351310953e-03,1.771607198041284e-06,1.259882459158476e-06
1.089576677411513e+02,3.241732246944953e-03,1.766613530928873e-06,1.256945285487541e-06
1.109874390705853e+02,3.216775983015497e-03,1.761448151403529e-06,1.253912068259445e-06
1.130550229903139e+02,3.191280728744863e-03,1.756105517413189e-06,1.250780021973555e-06
1.151611239107135e+02,2.993462250412822e-03,1.750579930603123e-06,1.247546281424040e-06
1.173064593646133e+02,2.966870987927108e-03,1.744865533404820e-06,1.244207948010600e-06
1.194917602517557e+02,2.765405139828871e-03,1.738956306184304e-06,1.240762064929371e-06
1.217177710878060e+02,2.737789514983925e-03,1.732846064461736e-06,1.237205606909132e-06
1.239852502580060e+02,2.709672017168829e-03,1.726528456215140e-06,1.233535508303224e-06
1.262949702755474e+02,2.506213970085917e-03,1.719996959282173e-06,1.229748606682942e-06
1.286477180447638e+02,2.477129972301559e-03,1.713244878874959e-06,1.225841746173786e-06
1.310442951292209e+02,2.447623885494140e-03,1.706265345224263e-06,1.221811689217383e-06
1.334855180248053e+02,2.244836074941264e-03,1.699051311370529e-06,1.217655152930586e-06
1.359722184378963e+02,2.214494520563929e-03,1.691595551120740e-06,1.213368800418991e-06
1.385052435687245e+02,2.015843917473116e-03,1.683890657191471e-06,1.208949273686389e-06
1.410854564000042e+02,1.984847556965769e-03,1.675929039560144e-06,1.204393135698470e-06
1.437137359909473e+02,1.953534042245771e-03,1.667702924048124e-06,1.199696954037560e-06
1.463909777767501e+02,1.761255185016154e-03,1.659204351161115e-06,1.194857247723937e-06
1.491180938736636e+02,1.729490938895863e-03,1.650425175214200e-06,1.189870478982622e-06
1.518960133897424e+02,1.546599512998100e-03,1.641357063770946e-06,1.184733120408005e-06
1.547256827413870e+02,1.514511915235033e-03,1.631991497428100e-06,1.179441608204476e-06
1.576080659757787e+02,1.343709445787169e-03,1.622319769979790e-06,1.173992393284455e-06
1.605441450993254e+02,1.311495450145904e-03,1.612332988997534e-06,1.168381861036409e-06
1.635349204122226e+02,1.155090929444099e-03,1.602022076865038e-06,1.162606442622638e-06
1.665814108492475e+02,1.122960119762494e-03,1.591377772309540e-06,1.156662559370805e-06
1.696846543269046e+02,9.829471041041796e-04,1.580390632474397e-06,1.150546631077631e-06
1.728457080970335e+02,9.510898014505130e-04,1.569051035580851e-06,1.144255179293121e-06
1.760656491070094e+02,8.287190384208515e-04,1.557349184230189e-06,1.137784642703729e-06
1.793455743666483e+02,7.973314481748366e-04,1.545275109401191e-06,1.131131579888822e-06
1.826866013219527e+02,6.948554681589322e-04,1.532818675201472e-06,1.124292592239590e-06
1.860898682358142e+02,6.641822409234374e-04,1.519969584435489e-06,1.117264343611850e-06
1.895565345758146e+02,5.826123945103064e-04,1.506717385056199e-06,1.110043584336584e-06
1.930877814092440e+02,5.227386166629919e-04,1.493051477572030e-06,1.102627166581572e-06
1.966848118054854e+02,4.935468421417313e-04,1.478961123485617e-06,1.095012046131372e-06
2.003488512458878e+02,4.605109946493171e-04,1.464435454846046e-06,1.087195321027234e-06
2.040811480412820e+02,4.325859036204406e-04,1.449463485001752e-06,1.079174213381742e-06
2.078829737572675e+02,4.053917487933645e-04,1.434034120647168e-06,1.070946195509714e-06
2.117556236474285e+02,3.789174711941445e-04,1.418136175262399e-06,1.062508822652835e-06
2.157004170946139e+02,3.532527687412820e-04,1.401758384051825e-06,3.563615712796703e-07
2.197186980604447e+02,3.284360208233894e-04,1.384889420494561e-06,3.474992446283251e-07
2.238118355431880e+02,3.045193330604831e-04,1.367517914627198e-06,3.384218146893221e-07
2.279812240441678e+02,2.814871893034117e-04,1.349632473187117e-06,3.291279169080012e-07
2.322282840428583e+02,2.593858897574186e-04,1.331221701753181e-06,3.196165212410865e-07
2.365544624808335e+02,2.383335275528327e-04,1.312274229029462e-06,3.098869762570642e-07
2.409612332547260e+02,2.182407757195047e-04,1.292778733427239e-06,2.999389974848243e-07
2.454500977183764e+02,1.990798005827433e-04,1.272723972110514e-06,2.897727948868646e-07
2.500225851943294e+02,1.810945326361813e-04,1.252098812681083e-06,2.793890051080519e-07
2.546802534948664e+02,1.640796228599337e-04,1.230892267690462e-06,2.687888557878387e-07
2.594246894527366e+02,1.479902901098651e-04,1.209093532178126e-06,2.579740952278101e-07
2.642575094617829e+02,1.330987719799514e-04,1.186692024448237e-06,2.469471494907292e-07
2.691803600276317e+02,1.191489856035327e-04,1.163677430310704e-06,2.357111104368046e-07
2.741949183286482e+02,1.060859031788226e-04,1.140039751026728e-06,2.242698020225016e-07
2.793028927873352e+02,9.413796828510262e-05,1.115769355214387e-06,2.126279097179727e-07
2.845060236523838e+02,8.285321451742699e-05,1.090857034985950e-06,2.007909732073060e-07
2.898060835915585e+02,7.281133330313676e-05,1.065294066605888e-06,1.888561854099511e-07
2.952048782956371e+02,6.354084333206441e-05,1.039072275976728e-06,1.771807293044906e-07
3.007042470935904e+02,5.492851470100083e-05,1.012184109279375e-06,1.658067071623399e-07
3.063060635792333e+02,4.734417108161123e-05,9.846227091149072e-07,1.547416706556260e-07
3.120122362495392e+02,4.023232552119978e-05,9.563819965168085e-07,1.439932411413711e-07
3.178247091548553e+02,3.418640816772712e-05,9.274567592255016e-07,1.335690939303916e-07
3.237454625612214e+02,2.844318122813719e-05,8.978427466417411e-07,1.234769668484723e-07
3.297765136250366e+02,2.376979980606869e-05,8.675367719011694e-07,1.137246154104269e-07
3.359199170802841e+02,1.925968758118337e-05,8.365368215400980e-07,1.043198672429999e-07
3.421777659385693e+02,1.578613895833518e-05,8.048421732515202e-07,9.527040869433229e-08
3.485521922021875e+02,1.235970223553732e-05,7.724535222615375e-07,8.658412055351884e-08
3.550453675904869e+02,9.883989685785718e-06,7.393731168889420e-07,7.826878234952177e-08
3.616595042797513e+02,7.404339593914344e-06,7.056049038856895e-07,7.033206428731938e-08
3.683968556568776e+02,5.744148707780008e-06,6.711546841926136e-07,6.278164177272627e-08
3.752597170870828e+02,4.046448487211887e-06,6.360302797840082e-07,5.562508437960528e-08
3.822504266959227e+02,2.613100511664223e-06,6.002417123158977e-07,4.886984766529918e-08
3.893713661658683e+02,1.940888832233487e-06,5.638013943368907e-07,4.252325700896549e-08
3.966249615477333e+02,1.081771449540459e-06,5.267243338668379e-07,3.659246337411160e-08
4.040136840872051e+02,4.490952089235185e-07,4.890283531980965e-07,3.108442009268533e-08
4.115400510667856e+02,3.168207065435085e-07,4.507343228263368e-07,2.600585686968753e-08
4.192066266634073e+02,4.760060280901903e-08,4.118664114737710e-07,2.136319841757071e-08
4.270160228220279e+02,0.000000000000000e+00,3.724523532269648e-07,1.716265451363585e-08
4.349709001455051e+02,0.000000000000000e+00,3.325237328753359e-07,1.340995504501035e-08
4.430739688010383e+02,0.000000000000000e+00,2.921162906066954e-07,1.011049672009020e-08
4.513279894435083e+02,0.000000000000000e+00,2.512702472965710e-07,0.000000000000000e+00
4.597357741560054e+02,0.000000000000000e+00,2.100306517331004e-07,0.000000000000000e+00
4.683001874078919e+02,0.000000000000000e+00,1.684477512981469e-07,0.000000000000000e+00
4.770241470306984e+02,0.000000000000000e+00,1.265773881136941e-07,0.000000000000000e+00
4.859106252122142e+02,0.000000000000000e+00,8.448142498442903e-08,0.000000000000000e+00
4.949626495090820e+02,0.000000000000000e+00,4.222822794608808e-08,0.000000000000000e+00
5.041833038782722e+02,0.000000000000000e+00,0.000000000000000e+00,0.000000000000000e+00
