# energy,pi_pi_eta,rho0_a,pi0_pi0_eta,omega_a,a_a,pi_rho
9.577800000000000e-02,2.390399031981931e-01,1.125286043873674e-01,2.487226139193241e-02,1.024940846695075e-02,0.000000000000000e+00,3.333108378877035e-04
9.756224742765568e-02,2.346568368496867e-01,1.104661897542083e-01,2.441617413128496e-02,1.006123608748175e-02,0.000000000000000e+00,3.272012573423401e-04
9.937973358323526e-02,2.303537718507394e-01,1.084414937751443e-01,2.396840007385763e-02,9.877419285707217e-03,0.000000000000000e+00,3.212034121405404e-04
1.012310776706770e-01,2.261294448423776e-01,1.064538266512115e-01,2.352882845175435e-02,9.695999193820059e-03,0.000000000000000e+00,3.153152588609690e-04
1.031169104290632e-01,2.219822674476029e-01,1.045025111988932e-01,2.309718217731678e-02,9.517963358200725e-03,0.000000000000000e+00,3.095347914534954e-04
1.050378743475086e-01,2.179109527126973e-01,1.025868826194078e-01,2.267346027342514e-02,9.344048477509005e-03,0.000000000000000e+00,3.038600405557474e-04
1.069946238840510e-01,2.139142981508649e-01,1.007062882722168e-01,2.225759719231311e-02,9.172401198659788e-03,0.000000000000000e+00,2.982890728221628e-04
1.089878256886210e-01,2.099906036653289e-01,9.886008745267488e-02,2.184932117958647e-02,9.003955873979688e-03,0.000000000000000e+00,2.928199902653129e-04
1.110181588301640e-01,2.061387241982796e-01,9.704765117374578e-02,2.144847797794890e-02,8.839409523958071e-03,0.000000000000000e+00,2.874509296092722e-04
1.130863150279943e-01,2.023571194629792e-01,9.526836195171161e-02,2.105484914664339e-02,8.677008633153332e-03,0.000000000000000e+00,2.821800616548129e-04
1.151929988874585e-01,1.986447934899582e-01,9.352161359579970e-02,2.066850698846255e-02,8.517637218895823e-03,0.000000000000000e+00,2.770055906562109e-04
1.173389281399893e-01,1.950004641121473e-01,9.180681100165820e-02,2.028929480454131e-02,8.361954749342161e-03,0.000000000000000e+00,2.719257537094470e-04
1.195248338876312e-01,1.914226974102524e-01,9.012336994860770e-02,1.991699242565633e-02,8.208302167628946e-03,0.000000000000000e+00,2.669388201515989e-04
1.217514608521218e-01,1.879103548830657e-01,8.847071690060158e-02,1.955149243681903e-02,8.057515876036937e-03,0.000000000000000e+00,2.620430909712161e-04
1.240195676286124e-01,1.844620319422124e-01,8.684828881082604e-02,1.919254616980801e-02,7.910219821962959e-03,0.000000000000000e+00,2.572368982294789e-04
1.263299269441162e-01,1.810771260626370e-01,8.525553292987392e-02,1.884034807225826e-02,7.764844314795698e-03,0.000000000000000e+00,2.525186044919437e-04
1.286833259207703e-01,1.777540323364169e-01,8.369190661742665e-02,1.849451590560787e-02,7.622180697087544e-03,0.000000000000000e+00,2.478866022706803e-04
1.310805663440022e-01,1.744917040635423e-01,8.215687715738053e-02,1.815506202998020e-02,7.482819306479699e-03,0.000000000000000e+00,2.433393134766122e-04
1.335224649356927e-01,1.712889554432558e-01,8.064992157635371e-02,1.782178087897093e-02,7.345275012269410e-03,0.000000000000000e+00,2.388751888818727e-04
1.360098536324264e-01,1.681448905794607e-01,7.917052646551268e-02,1.749455056337073e-02,7.210296531821187e-03,0.000000000000000e+00,2.344927075919936e-04
1.385435798689262e-01,1.650581169742060e-01,7.771818780565742e-02,1.717332448872763e-02,7.078442399260330e-03,0.000000000000000e+00,2.301903765277470e-04
1.411245068667686e-01,1.620280373171757e-01,7.629241079550531e-02,1.685796707836293e-02,6.948307480666555e-03,0.000000000000000e+00,2.259667299164643e-04
1.437535139284759e-01,1.590532365059734e-01,7.489270968311522e-02,1.654842024304785e-02,6.820600162216435e-03,0.000000000000000e+00,2.218203287926560e-04
1.464314967370891e-01,1.561329435818937e-01,7.351860760039546e-02,1.624454514376068e-02,6.695848895515534e-03,0.000000000000000e+00,2.177497605077678e-04
1.491593676613193e-01,1.532660152077360e-01,7.216963640063749e-02,1.594612285165034e-02,6.572724240003182e-03,0.000000000000000e+00,2.137536382488991e-04
1.519380560663858e-01,1.504514197526878e-01,7.084533649902154e-02,1.565322695558698e-02,6.451896420685323e-03,0.000000000000000e+00,2.098306005663267e-04
1.547685086306433e-01,1.476884688118456e-01,6.954525671603867e-02,1.536571025413390e-02,6.333865418437118e-03,0.000000000000000e+00,2.059793109096673e-04
1.576516896681084e-01,1.449759741225950e-01,6.826895412377694e-02,1.508348725504098e-02,6.217373406553422e-03,0.000000000000000e+00,2.021984571725237e-04
1.605885814569940e-01,1.423130075588004e-01,6.701599389501846e-02,1.480633596968718e-02,6.103054510076680e-03,0.000000000000000e+00,1.984867512454592e-04
1.635801845743646e-01,1.396988718128068e-01,6.578594915509643e-02,1.453425459633494e-02,5.991381780122650e-03,0.000000000000000e+00,1.948429285771468e-04
1.666275182370246e-01,1.371324437723333e-01,6.457840083646141e-02,1.426714482363234e-02,5.881165144406984e-03,0.000000000000000e+00,1.912657477435453e-04
1.697316206487587e-01,1.346130521155879e-01,6.339293753590759e-02,1.400500841452748e-02,5.773004565319880e-03,0.000000000000000e+00,1.877539900249539e-04
1.728935493540394e-01,1.321396908433023e-01,6.222915537441001e-02,1.374764731241035e-02,5.667347611719887e-03,0.000000000000000e+00,1.843064589908022e-04
1.761143815983252e-01,1.297115276237636e-01,6.108665785952510e-02,1.349494869901575e-02,5.563068320716348e-03,0.000000000000000e+00,1.809219800920343e-04
1.793952146950696e-01,1.273277806517740e-01,5.996505575030836e-02,1.324689017331821e-02,5.460734338768137e-03,0.000000000000000e+00,1.775994002609467e-04
1.827371663995676e-01,1.249876871803545e-01,5.886396692470167e-02,1.300332375431763e-02,5.360769123493969e-03,0.000000000000000e+00,1.743375875183463e-04
1.861413752897670e-01,1.226903567712175e-01,5.778301624934661e-02,1.276425716503032e-02,5.262107361944940e-03,0.000000000000000e+00,1.711354305878913e-04
1.896090011541728e-01,1.204351100436377e-01,5.672183545177834e-02,1.252960291893078e-02,5.165286122375258e-03,0.000000000000000e+00,1.679918385174860e-04
1.931412253869788e-01,1.182209963420568e-01,5.568006299495705e-02,1.229918158030721e-02,5.070706054752128e-03,0.000000000000000e+00,1.649057403076008e-04
1.967392513905598e-01,1.160475093620068e-01,5.465734395409434e-02,1.207295517982329e-02,4.977359234314535e-03,0.000000000000000e+00,1.618760845463886e-04
2.004043049854617e-01,1.139135905156191e-01,5.365332989573175e-02,1.185089134322819e-02,4.885753797613968e-03,0.000000000000000e+00,1.589018390514749e-04
2.041376348280292e-01,1.118188234170490e-01,5.266767875903128e-02,1.163289426802266e-02,4.796268809122491e-03,0.000000000000000e+00,1.559819905182994e-04
2.079405128358141e-01,1.097623833318476e-01,5.170005473923679e-02,1.141892791534842e-02,4.707950638403238e-03,0.000000000000000e+00,1.531155441748886e-04
2.118142346209078e-01,1.077435068902710e-01,5.075012817326680e-02,1.120882917614473e-02,4.621280052522055e-03,0.000000000000000e+00,1.503015234429428e-04
2.157601199313467e-01,1.057617305438775e-01,4.981757542739959e-02,1.100260264021725e-02,4.536615699466650e-03,0.000000000000000e+00,1.475389696051211e-04
2.197795131007404e-01,1.038158376356893e-01,4.890207878701264e-02,1.080003860273349e-02,4.453055316822676e-03,0.000000000000000e+00,1.448269414784118e-04
2.238737835062762e-01,1.019057461940507e-01,4.800332634833836e-02,1.060128520125098e-02,4.371053770955944e-03,0.000000000000000e+00,1.421645150934759e-04
2.280443260352560e-01,1.000305940057705e-01,4.712101191219960e-02,1.040617910449874e-02,4.290950389946186e-03,0.000000000000000e+00,1.395507833798556e-04
2.322925615603231e-01,9.818970138252513e-02,4.625483487968868e-02,1.021461497221642e-02,4.211891517008653e-03,0.000000000000000e+00,1.369848558569401e-04
2.366199374235438e-01,9.638250546023773e-02,4.540450014975430e-02,1.002651257844877e-02,4.134307518234843e-03,0.000000000000000e+00,1.344658583305830e-04
2.410279279295056e-01,9.460831603277994e-02,4.456971801866148e-02,9.841861428217018e-03,4.058519441477431e-03,0.000000000000000e+00,1.319929325952683e-04
2.455180348476016e-01,9.286660842097043e-02,4.375020408129017e-02,9.660634408867899e-03,3.983719612213866e-03,0.000000000000000e+00,1.295652361417241e-04
2.500917879236724e-01,9.115681281319879e-02,4.294567913423932e-02,9.482698628974523e-03,3.910315212904724e-03,0.000000000000000e+00,1.271819418698831e-04
2.547507454011790e-01,8.947822733021168e-02,4.215586908070270e-02,9.308044077492181e-03,3.838609999896962e-03,0.000000000000000e+00,1.248422378070930e-04
2.594964945520844e-01,8.783033308570966e-02,4.138050483708476e-02,9.136535490327389e-03,3.767839807822379e-03,0.000000000000000e+00,1.225453268314807e-04
2.643306522176258e-01,8.621259146096495e-02,4.061932224132406e-02,8.968161896443142e-03,3.698389885132538e-03,0.000000000000000e+00,1.202904264003764e-04
2.692548653591599e-01,8.462443780779505e-02,3.987206196289376e-02,8.802896133617694e-03,3.630547622430777e-03,0.000000000000000e+00,1.180767682837034e-04
2.742708116192703e-01,8.306538974815790e-02,3.913846941444791e-02,8.640654265011528e-03,3.563590018040155e-03,0.000000000000000e+00,1.159035983022455e-04
2.793801998933282e-01,8.153480653746907e-02,3.841829466508359e-02,8.481389023157307e-03,3.497881569540378e-03,0.000000000000000e+00,1.137701760706996e-04
2.845847709116999e-01,8.003219427759986e-02,3.771129235518949e-02,8.325005349061885e-03,3.433694188914901e-03,0.000000000000000e+00,1.116757747454295e-04
2.898862978328006e-01,7.855705204758159e-02,3.701722161285182e-02,8.171479208878634e-03,3.370343820314202e-03,0.000000000000000e+00,1.096196807768319e-04
2.952865868471963e-01,7.710893557503093e-02,3.633584597178912e-02,8.020759916037174e-03,3.308175324426936e-03,0.000000000000000e+00,1.076011936662314e-04
3.007874777929598e-01,7.568734933764225e-02,3.566693329078779e-02,7.872857197540129e-03,3.247445965572254e-03,0.000000000000000e+00,1.056196257272228e-04
3.063908447824891e-01,7.429174909177379e-02,3.501025567461132e-02,7.727631612353967e-03,3.187508537961481e-03,0.000000000000000e+00,1.036743018513768e-04
3.120985968410036e-01,7.292158141886890e-02,3.436558939635584e-02,7.585033569667541e-03,3.128689327412696e-03,0.000000000000000e+00,1.017645592782325e-04
3.179126785569353e-01,7.157651770520167e-02,3.373271482122566e-02,7.445037693639019e-03,3.071231739171323e-03,0.000000000000000e+00,9.988974736949481e-05
3.238350707444350e-01,7.025604788927606e-02,3.311141633170307e-02,7.307612214270954e-03,3.014523429176076e-03,0.000000000000000e+00,9.804922738736317e-05
3.298677911182207e-01,6.895981680805402e-02,3.250148225408660e-02,7.172749963359487e-03,2.958873107037852e-03,0.000000000000000e+00,9.624237227691338e-05
3.360128949809987e-01,6.768727483603235e-02,3.190270478637282e-02,7.040339244900707e-03,2.904511068128366e-03,0.000000000000000e+00,9.446856645246048e-05
3.422724759236890e-01,6.643791900811293e-02,3.131487992745709e-02,6.910298442229717e-03,2.850857955327939e-03,0.000000000000000e+00,9.272720558782828e-05
3.486486665386964e-01,6.521143677801165e-02,3.073780740762922e-02,6.782649272617770e-03,2.798205847992181e-03,0.000000000000000e+00,9.101769641045484e-05
3.551436391464690e-01,6.400743263293467e-02,3.017129062034021e-02,6.657338667073319e-03,2.746772634134965e-03,0.000000000000000e+00,8.933945649926411e-05
3.617596065355914e-01,6.282547756607754e-02,2.961513655521702e-02,6.534370058380859e-03,2.696010165212862e-03,0.000000000000000e+00,8.769191408623377e-05
3.684988227166650e-01,6.166510432686631e-02,2.906915573230221e-02,6.413643493629582e-03,2.646194788394026e-03,0.000000000000000e+00,8.607450786159269e-05
3.753635836902325e-01,6.052591911310923e-02,2.853316213749661e-02,6.295070170565507e-03,2.597532656156290e-03,0.000000000000000e+00,8.448668678258125e-05
3.823562282290088e-01,5.940758846438014e-02,2.800697315918218e-02,6.178676552512906e-03,2.549505147432265e-03,0.000000000000000e+00,8.292790988570910e-05
3.894791386746826e-01,5.830972361194459e-02,2.749040952600448e-02,6.064419805569896e-03,2.502373721616670e-03,0.000000000000000e+00,8.139764610244672e-05
3.967347417495625e-01,5.723196376888277e-02,2.698329524579264e-02,5.952255529095161e-03,2.456333425686104e-03,0.000000000000000e+00,7.989537407828821e-05
4.041255093833438e-01,5.617392481583248e-02,2.648545754559650e-02,5.842190075267975e-03,2.410893576690853e-03,0.000000000000000e+00,7.842058199512280e-05
4.116539595552755e-01,5.513522255211005e-02,2.599672681282057e-02,5.734082190223009e-03,2.366301551204929e-03,0.000000000000000e+00,7.697276739685551e-05
4.193226571520177e-01,5.411550287792824e-02,2.551693653743423e-02,5.627958433451861e-03,2.322741889508802e-03,0.000000000000000e+00,7.555143701821706e-05
4.271342148414791e-01,5.311444377903605e-02,2.504592325523914e-02,5.523767215116672e-03,2.279750339599108e-03,0.000000000000000e+00,7.415610661670455e-05
4.350912939629333e-01,5.213175882885943e-02,2.458352649217395e-02,5.421524223265593e-03,2.237560951687372e-03,0.000000000000000e+00,7.278630080759615e-05
4.431966054337173e-01,5.116697826858174e-02,2.412958870963778e-02,5.321126443482553e-03,2.196348326388231e-03,0.000000000000000e+00,7.144155290198321e-05
4.514529106728205e-01,5.021984377068692e-02,2.368395525081342e-02,5.222561998899622e-03,2.155673221269189e-03,0.000000000000000e+00,7.012140474776453e-05
4.598630225416802e-01,4.929005254390458e-02,2.324647428797243e-02,5.125784958542418e-03,2.115757079125676e-03,0.000000000000000e+00,6.882540657354898e-05
4.684298063025017e-01,4.837727320462647e-02,2.281699677074373e-02,5.030804580063891e-03,2.076765093806816e-03,0.000000000000000e+00,6.755311683541288e-05
4.771561805944319e-01,4.748120189624610e-02,2.239537637532830e-02,4.937560953742503e-03,2.038281683475209e-03,0.000000000000000e+00,6.630410206646019e-05
4.860451184279179e-01,4.660151650577772e-02,2.198146945464266e-02,4.846018692251063e-03,2.000516363250974e-03,0.000000000000000e+00,6.507793672913426e-05
4.950996481975896e-01,4.573790674599009e-02,2.157513498937409e-02,4.756149034957911e-03,1.963625429625533e-03,0.000000000000000e+00,6.387420307023054e-05
5.043228547140107e-01,4.489011658015404e-02,2.117623453993092e-02,4.667907962566980e-03,1.927215687549929e-03,0.000000000000000e+00,6.269249097856107e-05
5.137178802546510e-01,4.405782593558494e-02,2.078463219927148e-02,4.581302475213874e-03,1.891485365160116e-03,0.000000000000000e+00,6.153239784522213e-05
5.232879256344365e-01,4.324077160512194e-02,2.040019454659580e-02,4.496281384901224e-03,1.856582338984236e-03,0.000000000000000e+00,6.039352842641766e-05
5.330362512962432e-01,4.243865820585938e-02,2.002279060188401e-02,4.412812331950735e-03,1.822134595475715e-03,0.000000000000000e+00,5.927549470879136e-05
5.429661784217057e-01,4.165121721252132e-02,1.965229178126613e-02,4.330869407882182e-03,1.788329685611090e-03,0.000000000000000e+00,5.817791577722189e-05
5.530810900627189e-01,4.087819308801260e-02,1.928857185320801e-02,4.250411810433213e-03,1.755307520471634e-03,0.000000000000000e+00,5.710041768503579e-05
5.633844322940184e-01,4.011932423711864e-02,1.893150689549851e-02,4.171446119144601e-03,1.722716125447571e-03,0.000000000000000e+00,5.604263332659428e-05
5.738797153872325e-01,3.937441664195351e-02,1.858097525302304e-02,4.093940450606504e-03,1.690732947953677e-03,0.000000000000000e+00,5.500420231221006e-05
5.845705150068052e-01,3.864296011511423e-02,1.823685749630951e-02,4.017805172933389e-03,1.659490363054169e-03,0.000000000000000e+00,5.398477084535213e-05
5.954604734281990e-01,3.792496514065528e-02,1.789903638083202e-02,3.943095824236287e-03,1.628655357723288e-03,0.000000000000000e+00,5.298399160209581e-05
6.065533007787899e-01,3.722012291809382e-02,1.756739680705888e-02,3.869736754502815e-03,1.598395821005225e-03,0.000000000000000e+00,5.200152361277803e-05
6.178527763018811e-01,3.652817348910118e-02,1.724182578123108e-02,3.797728958192519e-03,1.568836995936350e-03,0.000000000000000e+00,5.103703214581656e-05
6.293627496442619e-01,3.584898749743379e-02,1.692221237685790e-02,3.727058201208738e-03,1.539663807970803e-03,0.000000000000000e+00,5.009018859365411e-05
6.410871421677545e-01,3.518201126449035e-02,1.660844769691648e-02,3.657650821138394e-03,1.511035103001237e-03,0.000000000000000e+00,4.916067036078841e-05
6.530299482851922e-01,3.452735647426840e-02,1.630042483674274e-02,3.589527665375815e-03,1.483069378872981e-03,0.000000000000000e+00,4.824816075384969e-05
6.651952368212859e-01,3.388469158960743e-02,1.599803884760048e-02,3.522651608816181e-03,1.455468533898378e-03,0.000000000000000e+00,4.735234887368891e-05
6.775871523988423e-01,3.325376190090865e-02,1.570118670091674e-02,3.456982451100482e-03,1.428382856579179e-03,0.000000000000000e+00,4.647292950943886e-05
6.902099168508059e-01,3.263441526205237e-02,1.540976725317103e-02,3.392548947535768e-03,1.401924460733227e-03,0.000000000000000e+00,4.560960303451310e-05
7.030678306586062e-01,3.202634965311710e-02,1.512368121142632e-02,3.329265504536986e-03,1.375811303740891e-03,0.000000000000000e+00,4.476207530450636e-05
7.161652744172988e-01,3.142943275178753e-02,1.484283109949032e-02,3.267143410606235e-03,1.350185579436270e-03,0.000000000000000e+00,4.393005755696250e-05
7.295067103280026e-01,3.084346293081680e-02,1.456712122469516e-02,3.206155842013180e-03,1.325153362578267e-03,0.000000000000000e+00,4.311326631297478e-05
7.430966837181371e-01,3.026818671772237e-02,1.429645764528463e-02,3.146289870438158e-03,1.300447803405486e-03,0.000000000000000e+00,4.231142328058615e-05
7.569398245899820e-01,2.970349007067909e-02,1.403074813839728e-02,3.087556166774154e-03,1.276203435384969e-03,0.000000000000000e+00,4.152425525995554e-05
7.710408491980842e-01,2.914906283990422e-02,1.376990216863494e-02,3.029843716669672e-03,1.252520619792367e-03,0.000000000000000e+00,4.075149405025835e-05
7.854045616560509e-01,2.860481024087549e-02,1.351383085720565e-02,2.973207298479210e-03,1.229146882786247e-03,0.000000000000000e+00,3.999287635828939e-05
8.000358555732746e-01,2.807050545453726e-02,1.326244695163061e-02,2.917593121646845e-03,1.206209511215396e-03,0.000000000000000e+00,3.924814370873683e-05
8.149397157221494e-01,2.754600549151319e-02,1.301566479600481e-02,2.863015564671645e-03,1.183803459312317e-03,0.000000000000000e+00,3.851704235609706e-05
8.301212197363457e-01,2.703110378458548e-02,1.277340030180107e-02,2.809435987534208e-03,1.161689853602279e-03,0.000000000000000e+00,3.779932319819978e-05
8.455855398407223e-01,2.652562203203982e-02,1.253557091920780e-02,2.756840160304214e-03,1.139989124634806e-03,0.000000000000000e+00,3.709474169131439e-05
8.613379446134639e-01,2.602940082096088e-02,1.230209560899030e-02,2.705205561438377e-03,1.118791112362904e-03,0.000000000000000e+00,3.640305776680836e-05
8.773838007810473e-01,2.554224141805464e-02,1.207289481486644e-02,2.654505070007857e-03,1.097869811849592e-03,0.000000000000000e+00,3.572403574932953e-05
8.937285750466443e-01,2.506401676759011e-02,1.184789043638694e-02,2.604728968970317e-03,1.077339165704484e-03,0.000000000000000e+00,3.505744427648389e-05
9.103778359525865e-01,2.459455610386306e-02,1.162700580231124e-02,2.555884309990418e-03,1.057284173866466e-03,0.000000000000000e+00,3.440305621998206e-05
9.273372557775270e-01,2.413366380513455e-02,1.141016564446967e-02,2.507927723781053e-03,1.037491006969670e-03,0.000000000000000e+00,3.376064860822712e-05
9.446126124689419e-01,2.368124236003355e-02,1.119729607210321e-02,2.460848615114688e-03,1.018067470492610e-03,0.000000000000000e+00,3.313000255031757e-05
9.622097916116346e-01,2.323708200625038e-02,1.098832454667195e-02,2.414624190210350e-03,9.990939856582251e-04,0.000000000000000e+00,3.251090316143952e-05
9.801347884329106e-01,2.280105290094974e-02,1.078317985712359e-02,2.369244893802363e-03,9.803682418792873e-04,0.000000000000000e+00,3.190313948962259e-05
9.983937098451061e-01,2.237303296642927e-02,1.058179209561376e-02,2.324708055435852e-03,9.619922368789530e-04,0.000000000000000e+00,3.130650444383451e-05
1.016992776526168e+00,2.195283210602053e-02,1.038409263366969e-02,2.280983949526642e-03,9.440420599532687e-04,0.000000000000000e+00,3.072079472338997e-05
1.035938325038992e+00,2.154033134308322e-02,1.019001409878908e-02,2.238061755738285e-03,9.263263001226720e-04,0.000000000000000e+00,3.014581074864963e-05
1.055236809990241e+00,2.113537380906106e-02,9.999490351466380e-03,2.195915382079285e-03,9.089414609227972e-04,0.000000000000000e+00,2.958135659298552e-05
1.074894806229384e+00,2.073783356211738e-02,9.812456462638368e-03,2.154543159089405e-03,8.919595321013826e-04,0.000000000000000e+00,2.902723991598979e-05
1.094919011088697e+00,2.034759859125832e-02,9.628848691541556e-03,2.113939556171495e-03,8.751994141682197e-04,0.000000000000000e+00,2.848327189790388e-05
1.115316246664991e+00,1.996449625109943e-02,9.448604463973711e-03,2.074078966548169e-03,8.587524124643940e-04,0.000000000000000e+00,2.794926717524579e-05
1.136093462143855e+00,1.958841543062868e-02,9.271662350952168e-03,2.034942861684009e-03,8.426866391769211e-04,0.000000000000000e+00,2.742504377761354e-05
1.157257736167186e+00,1.921920494546000e-02,9.097962047761560e-03,1.996511704034650e-03,8.268307515811112e-04,0.000000000000000e+00,2.691042306564298e-05
1.178816279244834e+00,1.885677996780617e-02,8.927444353383876e-03,1.958802254501189e-03,8.112711361870556e-04,0.000000000000000e+00,2.640522967009929e-05
1.200776436211165e+00,1.850099909683877e-02,8.760051150303809e-03,1.921780223004321e-03,7.960722353020756e-04,0.000000000000000e+00,2.590929143208069e-05
1.223145688727393e+00,1.815173314132203e-02,8.595725384682470e-03,1.885439062582470e-03,7.810719374102772e-04,0.000000000000000e+00,2.542243934431468e-05
1.245931657830527e+00,1.780885632031999e-02,8.434411046892696e-03,1.849762496329478e-03,7.663519759417888e-04,0.000000000000000e+00,2.494450749352615e-05
1.269142106529799e+00,1.747224849427084e-02,8.276053152409365e-03,1.814733171869959e-03,7.519733218126500e-04,0.000000000000000e+00,2.447533300385792e-05
1.292784942451465e+00,1.714184025256574e-02,8.120597723048092e-03,1.780349551976948e-03,7.377825971760408e-04,0.000000000000000e+00,2.401475598132467e-05
1.316868220532872e+00,1.681748454729787e-02,7.967991768545998e-03,1.746597501805274e-03,7.238571320308998e-04,0.000000000000000e+00,2.356261945928067e-05
1.341400145766718e+00,1.649907025114078e-02,7.818183268478154e-03,1.713468442078890e-03,7.102546125903719e-04,0.000000000000000e+00,2.311876934488331e-05
1.366389075996429e+00,1.618648258249375e-02,7.671121154503650e-03,1.680941850646419e-03,6.968299250476048e-04,0.000000000000000e+00,2.268305436653375e-05
1.391843524763614e+00,1.587963615917663e-02,7.526755292935065e-03,1.649009048210197e-03,6.836562338825182e-04,0.000000000000000e+00,2.225532602227684e-05
1.417772164208567e+00,1.557839675817034e-02,7.385036467625547e-03,1.617663745974356e-03,6.707881170525316e-04,0.000000000000000e+00,2.183543852914275e-05
1.444183828024797e+00,1.528270360149318e-02,7.245916363167531e-03,1.586891667248885e-03,6.580882789975583e-04,0.000000000000000e+00,2.142324877341298e-05
1.471087514468607e+00,1.499241970685494e-02,7.109347548397421e-03,1.556691487488286e-03,6.456259427739932e-04,0.000000000000000e+00,2.101861626179358e-05
1.498492389424724e+00,1.470746362552098e-02,6.975283460200572e-03,1.527040018043071e-03,6.334527461694219e-04,0.000000000000000e+00,2.062140307347929e-05
1.526407789529056e+00,1.442774048114255e-02,6.843678387611076e-03,1.497922831667195e-03,6.214387914354849e-04,0.000000000000000e+00,2.023147381309172e-05
1.554843225349608e+00,1.415313043329863e-02,6.714487456200846e-03,1.469352310538255e-03,6.096495722029689e-04,0.000000000000000e+00,1.984869556447593e-05
1.583808384626664e+00,1.388357916567030e-02,6.587666612752774e-03,1.441304790330223e-03,5.981339435595778e-04,0.000000000000000e+00,1.947293784533932e-05
1.613313135573329e+00,1.361896365069703e-02,6.463172610212609e-03,1.413775384207963e-03,5.867690070266813e-04,0.000000000000000e+00,1.910407256271752e-05
1.643367530237550e+00,1.335919559517667e-02,6.340962992914531e-03,1.386743117071551e-03,5.756167281826225e-04,0.000000000000000e+00,1.874197396925192e-05
1.673981807926782e+00,1.310420400417116e-02,6.220996082075281e-03,1.360208613856182e-03,5.647233298721672e-04,0.000000000000000e+00,1.838651862026392e-05
1.705166398696434e+00,1.285388638767447e-02,6.103230961551959e-03,1.334157155970217e-03,5.539725358542234e-04,0.000000000000000e+00,1.803758533161146e-05
1.736931926903319e+00,1.260816844875148e-02,5.987627463858604e-03,1.308593928624497e-03,5.434229729077144e-04,0.000000000000000e+00,1.769505513831289e-05
1.769289214825287e+00,1.236696209040987e-02,5.874146156436779e-03,1.283499347458264e-03,5.331183730232724e-04,0.000000000000000e+00,1.735881125392469e-05
1.802249286348299e+00,1.213017748614830e-02,5.762748328175524e-03,1.258860973866260e-03,5.229487261296220e-04,0.000000000000000e+00,1.702873903065866e-05
1.835823370722176e+00,1.189777484914042e-02,5.653395976175978e-03,1.234687905204854e-03,5.129695005779379e-04,0.000000000000000e+00,1.670472592022517e-05
1.870022906386329e+00,1.166958111646329e-02,5.546051792756316e-03,1.210931323644096e-03,5.032220713730283e-04,0.000000000000000e+00,1.638666143538901e-05
1.904859544866742e+00,1.144560639519746e-02,5.440679152692402e-03,1.187627138282941e-03,4.936023566988745e-04,0.000000000000000e+00,1.607443711222482e-05
1.940345154745565e+00,1.122575350035243e-02,5.337242100689987e-03,1.164755743328140e-03,4.841628362294948e-04,0.000000000000000e+00,1.576794647305898e-05
1.976491825704646e+00,1.100992856980377e-02,5.235705339084017e-03,1.142298521771399e-03,4.749426552432416e-04,0.000000000000000e+00,1.546708499008554e-05
2.013311872644403e+00,1.079807440630773e-02,5.136034215761028e-03,1.120258813394412e-03,4.658433415898215e-04,0.000000000000000e+00,1.517175004964356e-05
2.050817839879409e+00,1.059011257378505e-02,5.038194712300423e-03,1.098612048237755e-03,4.569145470811889e-04,0.000000000000000e+00,1.488184091714384e-05
2.089022505412153e+00,1.038597625996754e-02,4.942153432330656e-03,1.077373936350017e-03,4.481933065877577e-04,0.000000000000000e+00,1.459725870263288e-05
2.127938885286409e+00,1.018559529228882e-02,4.847877590096339e-03,1.056528572390627e-03,4.395864554511081e-04,0.000000000000000e+00,1.431790632698243e-05
2.167580238021700e+00,9.988894027872558e-03,4.755334999232455e-03,1.036062324401562e-03,4.311409701511684e-04,0.000000000000000e+00,1.404368848869306e-05
2.207960069130384e+00,9.795820479191674e-03,4.664494061741846e-03,1.015969761714991e-03,4.228918892500435e-04,0.000000000000000e+00,1.377451163130043e-05
2.249092135718874e+00,9.606277619160922e-03,4.575323757172251e-03,9.962477813865874e-04,4.147510698134143e-04,0.000000000000000e+00,1.351028391137314e-05
2.290990451174584e+00,9.420235440419927e-03,4.487793631989280e-03,9.768926660074992e-04,4.067629564400864e-04,0.000000000000000e+00,1.325091516709120e-05
2.333669289940187e+00,9.237618256591761e-03,4.401873789141712e-03,9.578961073101954e-04,3.989606983957415e-04,0.000000000000000e+00,1.299631688739449e-05
2.377143192376810e+00,9.058358478686050e-03,4.317534877815668e-03,9.392469934659266e-04,3.912609047482009e-04,0.000000000000000e+00,1.274640218169074e-05
2.421426969717823e+00,8.882399846834503e-03,4.234748083374168e-03,9.209359652122480e-04,3.837056249547825e-04,0.000000000000000e+00,1.250108575011254e-05
2.466535709114920e+00,8.709680329062594e-03,4.153485117478766e-03,9.029646965072469e-04,3.763262204200424e-04,0.000000000000000e+00,1.226028385431347e-05
2.512484778778195e+00,8.540142822434846e-03,4.073718208389959e-03,8.853273114226332e-04,3.690437960477866e-04,0.000000000000000e+00,1.202391428879335e-05
2.559289833211980e+00,8.373734762254960e-03,3.995420091443136e-03,8.680146576476920e-04,3.618981346426370e-04,0.000000000000000e+00,1.179189635274288e-05
2.606966818548214e+00,8.210387791289780e-03,3.918563999696960e-03,8.510223506739931e-04,3.549189061731228e-04,0.000000000000000e+00,1.156415082239811e-05
2.655531977979173e+00,8.050048778378111e-03,3.843123654751078e-03,8.343391410748384e-04,3.480314698670272e-04,0.000000000000000e+00,1.134059992389545e-05
2.705001857291403e+00,7.892668329105833e-03,3.769073257730162e-03,8.179651713791786e-04,3.412734638323647e-04,0.000000000000000e+00,1.112116730661805e-05
2.755393310502746e+00,7.738196779205377e-03,3.696387480431336e-03,8.018980246562956e-04,3.346729569311808e-04,0.000000000000000e+00,1.090577801702440e-05
2.806723505604379e+00,7.586581717569931e-03,3.625041456632186e-03,7.861312463736570e-04,3.281593337838256e-04,0.000000000000000e+00,1.069435847295067e-05
2.859009930409818e+00,7.437767775366404e-03,3.555010773556439e-03,7.706605392367710e-04,3.217682032899369e-04,0.000000000000000e+00,1.048683643837780e-05
2.912270398512887e+00,7.291708650212020e-03,3.486271463494727e-03,7.554776638906455e-04,3.155261196374148e-04,0.000000000000000e+00,1.028314099865518e-05
2.966523055356676e+00,7.148360291613099e-03,3.418799995577693e-03,7.405833534997091e-04,3.093662763929367e-04,0.000000000000000e+00,1.008320253617245e-05
3.021786384415556e+00,7.007674886974829e-03,3.352573267698907e-03,7.259713833026711e-04,3.033223619974845e-04,0.000000000000000e+00,9.886952706471476e-06
3.078079213492363e+00,6.869611629333726e-03,3.287568598585065e-03,7.116422633316516e-04,2.974194968357485e-04,0.000000000000000e+00,9.694324414790490e-06
3.135420721132888e+00,6.734109065140307e-03,3.223763720011074e-03,6.975836214029289e-04,2.915944789746603e-04,0.000000000000000e+00,9.505251793032652e-06
3.193830443159864e+00,6.601118757643513e-03,3.161136769157663e-03,6.837869007449504e-04,2.858791799697210e-04,0.000000000000000e+00,9.319670177151574e-06
3.253328279328675e+00,6.470606290003234e-03,3.099666281109244e-03,6.702555986568288e-04,2.802973632094730e-04,0.000000000000000e+00,9.137516084946253e-06
3.313934500107053e+00,6.342525668264273e-03,3.039331181489854e-03,6.569808402519347e-04,2.747892373220823e-04,0.000000000000000e+00,8.958727194258380e-06
3.375669753581081e+00,6.216830966921932e-03,2.980110779235051e-03,6.439650595375126e-04,2.693849542593882e-04,0.000000000000000e+00,8.783242321564790e-06
3.438555072489830e+00,6.093480291172697e-03,2.921984759497797e-03,6.311951911675079e-04,2.641069934323246e-04,0.000000000000000e+00,8.611001400958471e-06
3.502611881391064e+00,5.972415773852892e-03,2.864933176686364e-03,6.186642038966295e-04,2.588987911311484e-04,0.000000000000000e+00,8.441945463511168e-06
3.567862003960424e+00,5.853613356261684e-03,2.808936447632445e-03,6.063729502073254e-04,2.537888719003644e-04,0.000000000000000e+00,8.276016617011351e-06
3.634327670426595e+00,5.737025272227043e-03,2.753975344887770e-03,5.943149594777461e-04,2.487984995383582e-04,0.000000000000000e+00,8.113158026071097e-06
3.702031525144970e+00,5.622611585060038e-03,2.700030990147590e-03,5.824919176690300e-04,2.438741645280466e-04,0.000000000000000e+00,7.953313892595899e-06
3.770996634312421e+00,5.510333888395297e-03,2.647084847799537e-03,5.708946600118587e-04,2.390428515690939e-04,0.000000000000000e+00,7.796429436611432e-06
3.841246493825777e+00,5.400149232325636e-03,2.595118718596464e-03,5.595129719416196e-04,2.343246742190268e-04,0.000000000000000e+00,7.642450877441662e-06
3.912805037286697e+00,5.292017328675727e-03,2.544114733452049e-03,5.483476717752289e-04,2.296690133251825e-04,0.000000000000000e+00,7.491325415232785e-06
3.985696644155675e+00,5.185905288695278e-03,2.494055347358023e-03,5.373953555630419e-04,2.251013960640023e-04,0.000000000000000e+00,7.343001212817792e-06
4.059946148057935e+00,5.081777336414265e-03,2.444923333422095e-03,5.266540804193251e-04,2.206408469491619e-04,0.000000000000000e+00,7.197427377916626e-06
4.135578845244063e+00,4.979592393490470e-03,2.396701777025793e-03,5.161179098453037e-04,2.162394822942996e-04,0.000000000000000e+00,7.054553945667218e-06
4.212620503208251e+00,4.879314945227357e-03,2.349374070101632e-03,5.057782944885784e-04,2.119214500895768e-04,0.000000000000000e+00,6.914331861482917e-06
4.291097369467089e+00,4.780910040021336e-03,2.302923905529225e-03,4.956352245199762e-04,2.077047439935448e-04,0.000000000000000e+00,6.776712964232097e-06
4.371036180501895e+00,4.684348612378787e-03,2.257335271650227e-03,4.856853441727153e-04,2.035440689455665e-04,0.000000000000000e+00,6.641649969736075e-06
4.452464170867641e+00,4.589596192972605e-03,2.212592446902212e-03,4.759281316716929e-04,1.994622673808742e-04,0.000000000000000e+00,6.509096454581843e-06
4.535409082471555e+00,4.496611651777981e-03,2.168679994569850e-03,4.663554172618784e-04,1.954763571357350e-04,0.000000000000000e+00,6.379006840246323e-06
4.619899174024585e+00,4.405369270417007e-03,2.125582757511674e-03,4.569623399103978e-04,1.915434933748884e-04,0.000000000000000e+00,6.251336377529553e-06
4.705963230668929e+00,4.315832228669817e-03,2.083285852708427e-03,4.477466955510827e-04,1.876852829167166e-04,0.000000000000000e+00,6.126041131294351e-06
4.793630573784919e+00,4.227973619617775e-03,2.041774666135283e-03,4.387066754040458e-04,1.839178194759800e-04,0.000000000000000e+00,6.003077965510740e-06
4.882931070980594e+00,4.141762732016385e-03,2.001034847908012e-03,4.298384350549698e-04,1.802005770854924e-04,0.000000000000000e+00,5.882404528598086e-06
4.973895146267373e+00,4.057157762316188e-03,1.961052307534763e-03,4.211366241913985e-04,1.765539930238739e-04,0.000000000000000e+00,5.763979238750500e-06
5.066553790425287e+00,3.974139630875358e-03,1.921813209235629e-03,4.125978989567811e-04,1.729932863289830e-04,0.000000000000000e+00,5.647761269018350e-06
5.160938571561304e+00,3.892675651475063e-03,1.883303967356538e-03,4.042180774270089e-04,1.694801260028552e-04,0.000000000000000e+00,5.533710533133938e-06
5.257081645864352e+00,3.812735126743517e-03,1.845511241980707e-03,3.959963545363998e-04,1.660338420980889e-04,0.000000000000000e+00,5.421787671857541e-06
5.355015768560682e+00,3.734307249154135e-03,1.808421934814366e-03,3.879312339980480e-04,1.626688252442312e-04,0.000000000000000e+00,5.311954039626177e-06
5.454774305073347e+00,3.657321822174478e-03,1.772023184707702e-03,3.800120192571227e-04,1.593488222320910e-04,0.000000000000000e+00,5.204171691384201e-06
5.556391242389530e+00,3.581786858096998e-03,1.736302363604770e-03,3.722410791577630e-04,1.560921151959450e-04,0.000000000000000e+00,5.098403369683658e-06
5.659901200639672e+00,3.507667039873253e-03,1.701247072922155e-03,3.646128873827578e-04,1.529123103748827e-04,0.000000000000000e+00,4.994612492328001e-06
5.765339444892284e+00,3.434938515771742e-03,1.666845139961031e-03,3.571282009427598e-04,1.497751212430395e-04,0.000000000000000e+00,4.892763139831167e-06
5.872741897168494e+00,3.363578609516727e-03,1.633084613212781e-03,3.497828144712517e-04,1.466978376664492e-04,0.000000000000000e+00,4.792820043665575e-06
5.982145148680414e+00,3.293539460818551e-03,1.599953761322519e-03,3.425694642635918e-04,1.436933231843964e-04,0.000000000000000e+00,4.694748574469164e-06
6.093586472297486e+00,3.224823757788768e-03,1.567441068338380e-03,3.354913630186577e-04,1.407291532521099e-04,0.000000000000000e+00,4.598514730458213e-06
6.207103835245076e+00,3.157401010302856e-03,1.535535235626243e-03,3.285443817191596e-04,1.378216783531107e-04,0.000000000000000e+00,4.504085127215638e-06
6.322735912039619e+00,3.091251758717245e-03,1.504225184796113e-03,3.217279125760201e-04,1.349830586447260e-04,0.000000000000000e+00,4.411426985928723e-06
6.440522097664741e+00,3.026357229767796e-03,1.473500052644956e-03,3.150439689284368e-04,1.321826321000930e-04,0.000000000000000e+00,4.320508125084302e-06
6.560502520992832e+00,2.962685598669188e-03,1.443349190885615e-03,3.084839866936435e-04,1.294358599125500e-04,0.000000000000000e+00,4.231296951290439e-06
6.682718058456655e+00,2.900227793198121e-03,1.413762158749528e-03,3.020524533123509e-04,1.267542364310043e-04,0.000000000000000e+00,4.143762458816208e-06
6.807210347975642e+00,2.838961027507449e-03,1.384728721004194e-03,2.957463545383290e-04,1.241087683166615e-04,0.000000000000000e+00,4.057874231310593e-06
6.934021803141616e+00,2.778857121680115e-03,1.356238845298249e-03,2.895610498585003e-04,1.215140747404708e-04,0.000000000000000e+00,3.973602431164458e-06
7.063195627668791e+00,2.719903422498560e-03,1.328282696165109e-03,2.834992581490538e-04,1.189810193189578e-04,0.000000000000000e+00,3.890917790200039e-06
7.194775830112953e+00,2.662069398028983e-03,1.300850634267866e-03,2.775533876249952e-04,1.164821886841790e-04,0.000000000000000e+00,3.809791598681301e-06
7.328807238864841e+00,2.605342251087643e-03,1.273933208772988e-03,2.717238624631660e-04,1.140314050120089e-04,0.000000000000000e+00,3.730195692658798e-06
7.465335517422850e+00,2.549702521127912e-03,1.247521161579575e-03,2.660082587359821e-04,1.116389349701752e-04,0.000000000000000e+00,3.652102448473198e-06
7.604407179950239e+00,2.495124447571994e-03,1.221605418212126e-03,2.604052034633718e-04,1.092788611349137e-04,0.000000000000000e+00,3.575484765254967e-06
7.746069607122164e+00,2.441597896616544e-03,1.196177079486252e-03,2.549160102441528e-04,1.069642510531157e-04,0.000000000000000e+00,3.500316062113883e-06
7.890371062267914e+00,2.389092438339037e-03,1.171227436656604e-03,2.495296497766490e-04,1.047048065380747e-04,0.000000000000000e+00,3.426570260739168e-06
8.037360707813868e+00,2.337598905379813e-03,1.146747942935448e-03,2.442519766670312e-04,1.024760268659647e-04,0.000000000000000e+00,3.354221782502816e-06
8.187088622032766e+00,2.287093049603975e-03,1.122730229968986e-03,2.390767490536384e-04,1.002902655520590e-04,0.000000000000000e+00,3.283245532854520e-06
8.339605816105008e+00,2.237562680132503e-03,1.099166102141473e-03,2.340061109678705e-04,9.815669012878916e-05,0.000000000000000e+00,3.213616891394866e-06
8.494964251497768e+00,2.188987673339130e-03,1.076047510827500e-03,2.290364300402043e-04,9.605214132295709e-05,0.000000000000000e+00,3.145311707577456e-06
8.653216857667884e+00,2.141349774568092e-03,1.053366596271759e-03,2.241658544316283e-04,9.398829701423547e-05,0.000000000000000e+00,3.078306274281439e-06
8.814417550094545e+00,2.094632797241166e-03,1.031115631314762e-03,2.193922302094321e-04,9.197382023505125e-05,0.000000000000000e+00,3.012577326192580e-06
8.978621248647858e+00,2.048819557325388e-03,1.009287059525251e-03,2.147132785664851e-04,8.998682172008546e-05,0.000000000000000e+00,2.948102006872547e-06
9.145883896299663e+00,2.003893102158751e-03,9.878734726150552e-04,2.101281508703719e-04,8.803833990149368e-05,0.000000000000000e+00,2.884857861250662e-06
9.316262478182875e+00,1.959840625001802e-03,9.668675997971013e-04,2.056369365901846e-04,8.615696531963722e-05,0.000000000000000e+00,2.822822843506645e-06
9.489815041005892e+00,1.916641957404948e-03,9.462623243084311e-04,2.012356621969793e-04,8.457444373457463e-05,0.000000000000000e+00,2.761975283775238e-06
9.666600712828680e+00,1.874285195605546e-03,9.260506500743728e-04,1.969234354678832e-04,8.323165612433279e-05,0.000000000000000e+00,2.702293902357064e-06
9.846679723207256e+00,1.832751635559502e-03,9.062257052477048e-04,1.926978215899853e-04,8.192667044546892e-05,0.000000000000000e+00,2.643757793954980e-06
1.003011342371345e+01,1.792028409956568e-03,8.867807506670865e-04,1.885585453579053e-04,8.065690263380892e-05,0.000000000000000e+00,2.586346412804516e-06
1.021696430883691e+01,1.752102429347765e-03,8.677091624058194e-04,1.845046098649346e-04,7.942015635918124e-05,0.000000000000000e+00,2.530039578899779e-06
1.040729603727656e+01,1.712956106293020e-03,8.490044349958099e-04,1.805335065014902e-04,7.821635346138234e-05,0.000000000000000e+00,2.474817467662666e-06
1.060117345362856e+01,1.674576286102649e-03,8.306601788286515e-04,1.766435402698306e-04,7.704593277627193e-05,0.000000000000000e+00,2.420660584952249e-06
1.079866261047844e+01,1.636948677769980e-03,8.126701127887426e-04,1.728324943166950e-04,7.590678026191770e-05,0.000000000000000e+00,2.631745418506440e-06
1.099983079090472e+01,1.600059685035114e-03,7.950280558608083e-04,1.691009461004624e-04,7.479904781582916e-05,0.000000000000000e+00,2.851823947865123e-06
1.120474653140170e+01,1.563898145777026e-03,7.777279242454696e-04,1.654476675804115e-04,7.373295041171004e-05,0.000000000000000e+00,3.072915352348553e-06
1.141347964522938e+01,1.528447333872313e-03,7.607637276404798e-04,1.618698214208829e-04,7.273992453281700e-05,0.000000000000000e+00,3.294995295959283e-06
1.162610124619829e+01,1.493695320159021e-03,7.441295692867950e-04,1.583666836080441e-04,7.187303482837977e-05,0.000000000000000e+00,3.517994847534586e-06
1.184268377289747e+01,1.459627956971014e-03,7.278196431752252e-04,1.549354313452284e-04,7.118812974522308e-05,0.000000000000000e+00,3.742058749726678e-06
1.206330101337370e+01,1.426236808185354e-03,7.118282288107742e-04,1.515779699241120e-04,7.072259321306338e-05,0.000000000000000e+00,3.967005762142210e-06
1.228802813027056e+01,1.393506453527305e-03,6.961497078294823e-04,1.482911768275955e-04,7.052171361649975e-05,0.000000000000000e+00,4.192871500777545e-06
1.251694168643582e+01,1.361425229835217e-03,6.807785259833546e-04,1.450740755645710e-04,7.062567757972887e-05,0.000000000000000e+00,4.419647855918282e-06
1.275011967100576e+01,1.329979838053842e-03,6.657092294892728e-04,1.419251036045624e-04,7.106065789055262e-05,0.000000000000000e+00,4.647308074027860e-06
1.298764152597552e+01,1.299161354779041e-03,6.509364464551585e-04,1.388431866565445e-04,7.182963557590239e-05,0.000000000000000e+00,4.875825568107219e-06
1.322958817326442e+01,1.268954888857303e-03,6.364548764777271e-04,1.358272572424719e-04,7.268921831053573e-05,0.000000000000000e+00,5.105216023555432e-06
1.347604204228540e+01,1.239352884954556e-03,6.222593136575814e-04,1.328768738803530e-04,7.371477941604027e-05,0.000000000000000e+00,5.335420248088540e-06
1.372708709802813e+01,1.210342004871722e-03,6.083446129916485e-04,1.299906424416949e-04,7.512830066576563e-05,0.000000000000000e+00,5.566493544750555e-06
1.398280886966527e+01,1.181911426734321e-03,5.947057250257740e-04,1.271663948824031e-04,7.690797691509296e-05,0.000000000000000e+00,5.746030830151297e-06
1.424329447969160e+01,1.154052590952199e-03,5.813376606509697e-04,1.244065246947737e-04,7.881604148658419e-05,0.000000000000000e+00,5.706515581099426e-06
1.450863267360598e+01,1.126760622093588e-03,5.682355158088179e-04,1.217165452045743e-04,8.098343831125701e-05,0.000000000000000e+00,5.667778961497159e-06
1.477891385014634e+01,1.100046951922110e-03,5.553944574488604e-04,1.191054972134921e-04,8.357940036446358e-05,0.000000000000000e+00,5.629806391632283e-06
1.505423009208780e+01,1.073919174000684e-03,5.428097277746240e-04,1.165831004227206e-04,8.644887264172460e-05,0.000000000000000e+00,5.592583515596504e-06
1.533467519761458e+01,1.048388603080573e-03,5.304766230513602e-04,1.141589883621323e-04,8.937359925408821e-05,0.000000000000000e+00,5.556096186991031e-06
1.562034471227640e+01,1.023480024087617e-03,5.183905401352995e-04,1.118816269976365e-04,9.264302119691717e-05,0.000000000000000e+00,5.520330488367057e-06
1.591133596154005e+01,9.993603933870874e-04,5.065469196610298e-04,1.098980982276817e-04,9.633487634110052e-05,0.000000000000000e+00,5.485272728272800e-06
1.620774808394752e+01,9.763678370972787e-04,4.949412843896910e-04,1.084007475394609e-04,1.004131299463259e-04,0.000000000000000e+00,5.450909500368646e-06
1.650968206489174e+01,9.548976643069105e-04,4.835692347596605e-04,1.076017361999364e-04,1.045884753969841e-04,0.000000000000000e+00,5.417227570691673e-06
1.681724077102150e+01,9.353758090263848e-04,4.724264361212464e-04,1.077212320569017e-04,1.089211771806881e-04,0.000000000000000e+00,5.384214026269530e-06
1.713052898528742e+01,9.182569640284276e-04,4.615086455021274e-04,1.089981148542266e-04,1.135997816239710e-04,0.000000000000000e+00,5.351856117017154e-06
1.744965344264066e+01,9.040001009809106e-04,4.508116818537174e-04,1.117092693494544e-04,1.185648613111290e-04,0.000000000000000e+00,5.320141346127994e-06
1.777472286639679e+01,8.932172825947011e-04,4.403314577443176e-04,1.161557527956017e-04,1.236194936041160e-04,0.000000000000000e+00,5.289057526473282e-06
1.810584800527692e+01,8.864893137271259e-04,4.300639399726770e-04,1.226327929549561e-04,1.285220182848616e-04,0.000000000000000e+00,5.258592580534413e-06
1.844314167113902e+01,8.843976155911180e-04,4.200051816423359e-04,1.314395475742568e-04,1.334835690447103e-04,0.000000000000000e+00,5.228734739932872e-06
1.878671877741206e+01,8.875290442625844e-04,4.101513125438034e-04,1.428697575676813e-04,1.383982137237422e-04,0.000000000000000e+00,5.199472550046472e-06
1.913669637824616e+01,8.964551450635957e-04,4.004985095624317e-04,1.572321303404953e-04,1.430487869629505e-04,0.000000000000000e+00,5.170794704030306e-06
1.949319370839205e+01,9.118065999776185e-04,3.910430423838363e-04,1.748391990640672e-04,1.476870843980018e-04,0.000000000000000e+00,5.142690146497934e-06
1.985633222382349e+01,9.341806554186604e-04,3.817812418091637e-04,1.959903375579278e-04,1.525012058698076e-04,0.000000000000000e+00,5.115148282503458e-06
2.022623564311637e+01,9.641565409834066e-04,3.727094865740517e-04,2.209799422456764e-04,1.571751045171943e-04,0.000000000000000e+00,5.088159138170679e-06
2.060302998959874e+01,1.002276053141642e-03,3.638242470058438e-04,2.841695716305653e-04,1.617284530537314e-04,0.000000000000000e+00,5.061713425641417e-06
2.098684363428598e+01,1.048948747192701e-03,3.551220455616481e-04,4.410305290382692e-04,1.661168172170054e-04,0.000000000000000e+00,5.035802146377844e-06
2.137780733961587e+01,1.104408671949175e-03,3.465994624746824e-04,4.786714106853413e-04,1.701415609243619e-04,0.000000000000000e+00,5.010416777676270e-06
2.177605430399839e+01,1.168727334594646e-03,3.382531463654858e-04,6.785532128099534e-04,1.739937231098539e-04,0.000000000000000e+00,4.985548482711643e-06
2.218172020719536e+01,1.241911678644835e-03,3.300798035731960e-04,9.095783438285526e-04,1.776218896305879e-04,0.000000000000000e+00,4.961189195722480e-06
2.259494325654559e+01,1.323969827965760e-03,3.220762069536327e-04,1.167848952007642e-03,1.810802887237957e-04,0.000000000000000e+00,4.937329935073085e-06
2.301586423405105e+01,1.414874056726145e-03,3.142391733747629e-04,1.222914024638229e-03,1.846971619826482e-04,0.000000000000000e+00,4.913963308064882e-06
2.344462654434024e+01,1.514642654702351e-03,3.065655883376846e-04,1.508379995248222e-03,1.881234902228688e-04,0.000000000000000e+00,4.891081027622272e-06
2.388137626352509e+01,1.623306439717513e-03,2.990523860124443e-04,1.816533327678511e-03,1.911847545871254e-04,0.000000000000000e+00,4.868675046486328e-06
2.432626218896802e+01,1.740889483767071e-03,2.916965676385968e-04,2.145430111789465e-03,1.940796965319580e-04,0.000000000000000e+00,4.846738001059399e-06
2.477943588997601e+01,1.867421977871152e-03,2.844951717617062e-04,2.218203345040251e-03,1.970637218858428e-04,0.000000000000000e+00,4.825262445658333e-06
2.524105175943924e+01,2.002830313788091e-03,2.774453006015010e-04,2.570443359376746e-03,1.998756494698814e-04,0.000000000000000e+00,4.804240198281955e-06
2.571126706643148e+01,2.147043712516281e-03,2.705441128035756e-04,2.942130468535742e-03,2.023203496828555e-04,0.000000000000000e+00,4.783664798069837e-06
2.619024200979059e+01,2.299812732118320e-03,2.637887995118874e-04,3.027931858727939e-03,2.044782899739814e-04,0.000000000000000e+00,4.763528829846511e-06
2.667813977269699e+01,2.460945396554093e-03,2.571766227476133e-04,3.421640840648051e-03,2.066242743415193e-04,0.000000000000000e+00,4.743825312815315e-06
2.717512657826897e+01,2.630163866418616e-03,2.507048892133699e-04,3.515630382608772e-03,2.087745109730271e-04,0.000000000000000e+00,4.724547324526688e-06
2.768137174619369e+01,2.807103627308524e-03,2.443709379988306e-04,3.930569025216848e-03,2.106332585895392e-04,0.000000000000000e+00,4.705688193626663e-06
2.819704775041310e+01,2.991332516337793e-03,2.381721803039527e-04,4.362302448703175e-03,2.123397158518027e-04,0.000000000000000e+00,4.687241206743773e-06
2.872233027788453e+01,3.182322723125014e-03,2.321060509530855e-04,4.467106924924768e-03,2.141295297060399e-04,0.000000000000000e+00,4.669199922945768e-06
2.925739828843594e+01,3.379574882737098e-03,2.261700445903041e-04,4.916969543960149e-03,2.157329357786683e-04,0.000000000000000e+00,4.651557907754066e-06
2.980243407573615e+01,3.582471129346732e-03,2.203617018295642e-04,5.027665498772952e-03,2.171875321992847e-04,0.000000000000000e+00,4.634308883511002e-06
3.035762332940098e+01,3.790353218420841e-03,2.146785929093460e-04,5.498022341565592e-03,2.186170902342144e-04,0.000000000000000e+00,4.617446735958669e-06
3.092315519825629e+01,4.002600434570987e-03,2.091183575003394e-04,5.613361208902809e-03,2.197956783903378e-04,0.000000000000000e+00,4.600965300475363e-06
3.149922235477957e+01,4.218309704302817e-03,2.036786419487835e-04,6.098729693593611e-03,2.208504300227201e-04,0.000000000000000e+00,4.584858642220522e-06
3.208602106074200e+01,4.436628558314266e-03,1.983571678833588e-04,6.217096369643084e-03,2.219585757513368e-04,0.000000000000000e+00,4.569120920406848e-06
3.268375123407341e+01,4.656696322476798e-03,1.931516710201059e-04,6.718016754466221e-03,2.229060327603704e-04,0.000000000000000e+00,4.553746255137222e-06
3.329261651697275e+01,4.877643951933569e-03,1.880599527057616e-04,6.837709294013088e-03,2.237304747199079e-04,0.000000000000000e+00,4.538728875780460e-06
3.391282434528756e+01,5.098508418286975e-03,1.830798417534367e-04,6.957364141753337e-03,2.245355850669298e-04,0.000000000000000e+00,4.524063189752435e-06
3.454458601918572e+01,5.318358872894753e-03,1.782092151541302e-04,7.469327812862622e-03,2.251439271852122e-04,0.000000000000000e+00,4.509743878754116e-06
3.518811677514390e+01,5.536524021133072e-03,1.734459489367888e-04,7.587584882915419e-03,2.256470803068828e-04,0.000000000000000e+00,4.495763361766666e-06
3.584363585927699e+01,5.752307881910309e-03,1.687879966007077e-04,8.110940712720708e-03,2.261815649294639e-04,0.000000000000000e+00,4.482116826637029e-06
3.651136660203359e+01,5.965279088075884e-03,1.642333383285514e-04,8.226388701916125e-03,2.265894434577490e-04,0.000000000000000e+00,4.468797062801906e-06
3.719153649428308e+01,6.174762973736514e-03,1.597800102571401e-04,8.340016267299790e-03,2.269029277509871e-04,0.000000000000000e+00,4.455797659597065e-06
3.788437726482002e+01,6.380495252616473e-03,1.554260434574124e-04,8.872463753342474e-03,2.272261264666996e-04,0.000000000000000e+00,4.443112281054949e-06
3.859012495931242e+01,6.581753652457174e-03,1.511695316879573e-04,8.981616991398478e-03,2.275581547121887e-04,0.000000000000000e+00,4.430734663348680e-06
3.930902002072072e+01,6.778187546713797e-03,1.470085681750881e-04,9.088175303925361e-03,2.278135617914121e-04,0.000000000000000e+00,4.418658762773591e-06
4.004130737121496e+01,6.969506173679276e-03,1.429413464500376e-04,9.625252746830912e-03,2.279270101942799e-04,0.000000000000000e+00,4.406878595988745e-06
4.078723649561785e+01,7.155400862734038e-03,1.389660400071953e-04,9.726095922130364e-03,2.280282737287420e-04,0.000000000000000e+00,4.395388315300753e-06
4.154706152640248e+01,7.335374234363153e-03,1.350808627818254e-04,9.823780586921637e-03,2.281350324508154e-04,0.000000000000000e+00,4.384182133768896e-06
4.232104133027327e+01,7.509468267591851e-03,1.312840637294513e-04,1.036569357022174e-02,2.282346429686468e-04,0.000000000000000e+00,4.373254463481989e-06
4.310943959635995e+01,7.677226886202362e-03,1.275739082767698e-04,1.045670479633966e-02,2.282269598711692e-04,0.000000000000000e+00,4.362599769716390e-06
4.391252492605448e+01,7.838636474743034e-03,1.239487738713860e-04,1.054428763696229e-02,2.281688540467907e-04,0.000000000000000e+00,4.352212706600176e-06
4.473057092452150e+01,7.993644811770236e-03,1.204069370802962e-04,1.062837242137766e-02,2.281208549114117e-04,0.000000000000000e+00,4.342087940763349e-06
4.556385629391372e+01,8.142055063410231e-03,1.169467713697874e-04,1.117135100949839e-02,2.280806699557703e-04,0.000000000000000e+00,4.332220354502887e-06
4.641266492832338e+01,8.283952438445799e-03,1.135667021784716e-04,1.124840282353945e-02,2.280464063974354e-04,0.000000000000000e+00,4.322604719938066e-06
4.727728601050307e+01,8.419072965281183e-03,1.102651651829836e-04,1.132190693140129e-02,2.280080193491866e-04,0.000000000000000e+00,4.313236235265020e-06
4.815801411038803e+01,8.547173731388575e-03,1.070406637146296e-04,1.139175362300545e-02,2.278901183882138e-04,0.000000000000000e+00,4.304109933589416e-06
4.905514928545398e+01,8.668072095593960e-03,1.038915485747833e-04,1.145783578005357e-02,2.277296256394019e-04,0.000000000000000e+00,4.295221108050248e-06
4.996899718294439e+01,8.781626479970913e-03,1.008164591477578e-04,1.199423936347270e-02,2.275758133044748e-04,0.000000000000000e+00,4.286565079653413e-06
5.089986914400228e+01,8.887777639398988e-03,9.781387755117786e-05,1.205256664711981e-02,2.274282399269802e-04,0.000000000000000e+00,4.278137222860277e-06
5.184808230974177e+01,8.986596892959643e-03,9.488238591034313e-05,1.210709520904885e-02,2.272873445340792e-04,0.000000000000000e+00,4.269933081148283e-06
5.281395972929571e+01,9.078192713452846e-03,9.202058107277792e-05,1.215777839944990e-02,2.271454290334633e-04,0.000000000000000e+00,4.261948291572829e-06
5.379783046987608e+01,9.162675623498543e-03,8.922707520468898e-05,1.220465710654375e-02,2.269563195550660e-04,0.000000000000000e+00,4.254178602795903e-06
5.480002972888475e+01,9.240093997396278e-03,8.650051821735729e-05,1.224775474480072e-02,2.267426748755470e-04,0.000000000000000e+00,4.246619693096808e-06
5.582089894811273e+01,9.310699706041516e-03,8.383955611318767e-05,1.228721251926534e-02,2.265342621932568e-04,0.000000000000000e+00,4.239267647588471e-06
5.686078593006682e+01,9.374457244538335e-03,8.124289574426151e-05,1.255449078916321e-02,2.263320180364305e-04,0.000000000000000e+00,4.232117950326334e-06
5.792004495646329e+01,9.431542512555721e-03,7.870930327319949e-05,1.258666606045123e-02,2.261355535748871e-04,0.000000000000000e+00,4.225167157452931e-06
5.899903690892911e+01,9.481928927853786e-03,7.623736827410215e-05,1.261522749884860e-02,2.259449086148035e-04,0.000000000000000e+00,4.218411171380702e-06
6.009812939195152e+01,9.525668676581910e-03,7.382598920736960e-05,1.264018507386427e-02,2.257594421502506e-04,0.000000000000000e+00,4.211846250887461e-06
6.121769685811815e+01,9.562798155970723e-03,7.147392584179297e-05,1.266156313368621e-02,2.255790907564105e-04,0.000000000000000e+00,4.205468553732791e-06
6.235812073569027e+01,9.593323879128811e-03,6.917997871643813e-05,1.267935762612261e-02,2.254040420326029e-04,0.000000000000000e+00,4.199274609975789e-06
6.351978955855250e+01,9.617170902699408e-03,6.694293228386207e-05,1.269361192700693e-02,2.252350574407174e-04,0.000000000000000e+00,4.193260833310847e-06
6.470309909858338e+01,9.634408284053070e-03,6.476168197867568e-05,1.270427164239758e-02,2.250649957713276e-04,0.000000000000000e+00,4.187423769626914e-06
6.590845250049193e+01,9.644880171004839e-03,6.263508476161014e-05,1.271129442614064e-02,2.248891651683574e-04,0.000000000000000e+00,4.181760181430222e-06
6.713626041916605e+01,9.648716559110454e-03,6.056204943526204e-05,1.271474493234733e-02,2.247166999277013e-04,0.000000000000000e+00,4.176266361230938e-06
6.838694115957949e+01,9.645899876189190e-03,5.854145599152449e-05,1.271459802377296e-02,2.245500016932616e-04,0.000000000000000e+00,4.170939402114603e-06
6.966092081930532e+01,9.636366771638758e-03,5.657226715198592e-05,1.271087932476122e-02,2.243868123187881e-04,0.000000000000000e+00,4.165776001576793e-06
7.095863343368411e+01,9.620134628226732e-03,5.465342486085535e-05,1.270354738651604e-02,2.242236680709678e-04,0.000000000000000e+00,4.160772985428407e-06
7.228052112369657e+01,9.597207245633845e-03,5.278390682629347e-05,1.269259104985363e-02,2.240552737154881e-04,0.000000000000000e+00,4.155927254819303e-06
7.362703424659085e+01,9.567619343402878e-03,5.096269509357508e-05,1.267808110793016e-02,2.238883262126355e-04,0.000000000000000e+00,4.151235790583699e-06
7.499863154931586e+01,9.531321405150690e-03,4.918876565837418e-05,1.265997112523257e-02,2.237262589499473e-04,0.000000000000000e+00,4.146695485788960e-06
7.639578032481299e+01,9.488426073672642e-03,4.746127002696521e-05,1.263830116836991e-02,2.235679511270423e-04,0.000000000000000e+00,4.142303381475881e-06
7.781895657121922e+01,9.438833344549079e-03,4.577914480719919e-05,1.261303950236399e-02,2.234135440032495e-04,0.000000000000000e+00,4.138056433817186e-06
7.926864515403622e+01,9.382537205702540e-03,4.414147774000242e-05,1.258416249405238e-02,2.232632992675447e-04,0.000000000000000e+00,4.133951694958271e-06
8.074533997132036e+01,9.319556754388893e-03,4.254737070149351e-05,1.255167751579445e-02,2.231169124346241e-04,0.000000000000000e+00,4.129985860540724e-06
8.224954412195007e+01,9.249753606944976e-03,4.099591938253844e-05,1.228404455264393e-02,2.229745220165177e-04,0.000000000000000e+00,4.126155809457909e-06
8.378177007702787e+01,9.173070034799627e-03,3.948625019524226e-05,1.224425532857149e-02,2.228359239018319e-04,0.000000000000000e+00,4.122457173001572e-06
8.534253985447548e+01,9.089366144259295e-03,3.801749810628411e-05,1.220075940777725e-02,2.226963840375383e-04,0.000000000000000e+00,4.118885895318551e-06
8.693238519688136e+01,8.998553472018313e-03,3.658881908684746e-05,1.215346519370462e-02,2.225114758143437e-04,0.000000000000000e+00,4.115437984706682e-06
8.855184775266149e+01,8.900540588949018e-03,3.519937707319854e-05,1.210237055376643e-02,2.222924781071123e-04,0.000000000000000e+00,4.112109495556233e-06
9.020147926059487e+01,8.795163176179868e-03,3.384837998497332e-05,1.204739292843383e-02,2.220767753389886e-04,0.000000000000000e+00,4.108896543343158e-06
9.188184173779688e+01,8.682305786348756e-03,3.253501813633256e-05,1.198850959962106e-02,2.218638947494759e-04,0.000000000000000e+00,4.105795337117200e-06
9.359350767119422e+01,8.561825649407542e-03,3.125851057690417e-05,1.145155010937841e-02,2.216543613319070e-04,0.000000000000000e+00,4.102802135856239e-06
9.533706021256698e+01,8.433662279943605e-03,3.001808859885343e-05,1.138469223538073e-02,2.214411675502543e-04,0.000000000000000e+00,4.099913262964637e-06
9.711309337722409e+01,8.297811751782352e-03,2.881303014258073e-05,1.131381707450858e-02,2.211514641945773e-04,0.000000000000000e+00,4.097125144251124e-06
9.892221224637983e+01,8.154293668640913e-03,2.764260404514483e-05,1.123893698497079e-02,2.208044651749983e-04,0.000000000000000e+00,4.094434223809925e-06
1.007650331733005e+02,8.003108957391170e-03,2.650605097314272e-05,1.116007251520513e-02,2.204594998681912e-04,0.000000000000000e+00,4.091837083297992e-06
1.026421839932916e+02,7.844514130229232e-03,2.540271101413575e-05,1.061492079278586e-02,2.201171141860541e-04,0.000000000000000e+00,4.089330275848332e-06
1.045543042375960e+02,7.678570212878021e-03,2.433191081770006e-05,1.052837523535438e-02,2.197779159175884e-04,0.000000000000000e+00,4.086910463044484e-06
1.065020453512783e+02,7.505594670532554e-03,2.329291844014310e-05,1.043816263441078e-02,2.194374006760753e-04,0.000000000000000e+00,4.084574399986567e-06
1.084860709151665e+02,7.325887152712930e-03,2.228513742748016e-05,9.896919638400850e-03,2.189999235123327e-04,0.000000000000000e+00,4.082318807829961e-06
1.105070568719296e+02,7.139694756100760e-03,2.130790756642436e-05,9.799765680671486e-03,2.184823140981818e-04,0.000000000000000e+00,4.080140599336628e-06
1.125656917563660e+02,6.947419103358975e-03,2.036058717921014e-05,9.699426456827450e-03,2.179653352931687e-04,0.000000000000000e+00,4.078036727435239e-06
1.146626769299817e+02,6.749408683779428e-03,1.944258075131409e-05,9.596057182904634e-03,2.174519996110847e-04,0.000000000000000e+00,4.076004063389267e-06
1.167987268199401e+02,6.546058206746092e-03,1.855328513176674e-05,9.056545583617865e-03,2.168751777505477e-04,0.000000000000000e+00,4.074039640850808e-06
1.189745691624607e+02,6.337667528508879e-03,1.769210059998721e-05,8.947654149685430e-03,2.161422087028940e-04,0.000000000000000e+00,4.072140629677867e-06
1.211909452507540e+02,6.124563588461992e-03,1.685846872072547e-05,8.836312491748034e-03,2.153778097403676e-04,0.000000000000000e+00,4.070304167232017e-06
1.234486101875748e+02,5.907155694500556e-03,1.605181248310450e-05,8.301797607593852e-03,2.146157523991772e-04,0.000000000000000e+00,4.068527436014307e-06
1.257483331424794e+02,5.685934963360424e-03,1.527161105530144e-05,8.186233562615318e-03,2.138419517312594e-04,0.000000000000000e+00,4.066807829153386e-06
1.280908976138763e+02,5.461451898266630e-03,1.451730107989861e-05,7.662622663868166e-03,2.129149208791564e-04,0.000000000000000e+00,4.065142643930435e-06
1.304771016959585e+02,5.234184013086670e-03,1.378837426777488e-05,7.543909814106503e-03,2.119178956540602e-04,0.000000000000000e+00,4.063529356816244e-06
1.329077583506076e+02,5.004618730759141e-03,1.308432018012043e-05,7.424050446992409e-03,2.109347334608769e-04,0.000000000000000e+00,4.061965523817301e-06
1.353836956843644e+02,4.773376776503974e-03,1.240462897317458e-05,6.910593064492310e-03,2.097628103202377e-04,0.000000000000000e+00,4.060448754642519e-06
1.379057572305582e+02,4.541245338032057e-03,1.174881935414149e-05,6.789586403737788e-03,2.084460619654678e-04,0.000000000000000e+00,4.058976814567977e-06
1.404748022366925e+02,4.309108704892465e-03,1.111642575856017e-05,6.286963193032334e-03,2.071101652216910e-04,0.000000000000000e+00,4.057547635205972e-06
1.430917059571842e+02,4.077765237725242e-03,1.050697229695239e-05,6.166520360078030e-03,2.055774316591622e-04,0.000000000000000e+00,4.056159614096541e-06
1.457573599515563e+02,3.847930915701177e-03,9.920008044352454e-06,5.678597214419199e-03,2.039618825418853e-04,0.000000000000000e+00,4.054811712935797e-06
1.484726723881853e+02,3.620605465661205e-03,9.355097221138821e-06,5.560318013023177e-03,2.023777642842808e-04,0.000000000000000e+00,4.053503176906700e-06
1.512385683537074e+02,3.396528757261979e-03,8.811800174455146e-06,5.086581389839143e-03,2.005574826490285e-04,0.000000000000000e+00,4.052233257830800e-06
1.540559901681892e+02,3.176496945245335e-03,8.289699555924623e-06,4.972129056433522e-03,1.985545999690127e-04,0.000000000000000e+00,4.051001234223536e-06
1.569258977061681e+02,2.961260766012257e-03,7.788386165586167e-06,4.518159322314381e-03,1.965276129567307e-04,0.000000000000000e+00,4.049806401615521e-06
1.598492687236751e+02,2.751496422403904e-03,7.307450437290058e-06,4.409033131330538e-03,1.942629291221525e-04,0.000000000000000e+00,4.048648069164209e-06
1.628270991913489e+02,2.547852021747056e-03,6.846505540877484e-06,3.972722767059411e-03,1.919214559698806e-04,0.000000000000000e+00,4.047525564241663e-06
1.658604036337553e+02,2.350909553144163e-03,6.405160698785046e-06,3.870159051800568e-03,1.899650636917902e-04,0.000000000000000e+00,4.046438222918744e-06
1.689502154750284e+02,2.161161175755106e-03,5.983039850293030e-06,3.454154895094961e-03,1.873879950388710e-04,0.000000000000000e+00,4.045385406690383e-06
1.720975873909506e+02,1.979037167588244e-03,5.579769583868666e-06,3.359164880164039e-03,1.845983695164984e-04,0.000000000000000e+00,4.044366483710402e-06
1.753035916675909e+02,1.804900583848363e-03,5.194984908541874e-06,2.964513844005245e-03,1.818648367646530e-04,0.000000000000000e+00,4.043380836088136e-06
1.785693205666251e+02,1.638968253590588e-03,4.828317147498355e-06,2.587695320507758e-03,1.789918688540274e-04,0.000000000000000e+00,4.042427862112856e-06
1.818958866974613e+02,1.481568589693471e-03,4.479392259366790e-06,2.543505882632874e-03,1.757702943919064e-04,0.000000000000000e+00,4.041506966473684e-06
1.852844233962971e+02,1.408807902036293e-03,4.147828883904792e-06,2.274299983293395e-03,1.721937543663928e-04,0.000000000000000e+00,4.040617563719804e-06
1.887360851122392e+02,1.537403464011334e-03,3.833241054157503e-06,2.047268062896008e-03,1.685698269026581e-04,0.000000000000000e+00,4.039759081916552e-06
1.922520478006157e+02,1.640195634114564e-03,3.535228678635511e-06,2.105044093288720e-03,1.649745836093956e-04,0.000000000000000e+00,4.038930941423374e-06
1.958335093236145e+02,1.648123873977563e-03,3.253389685931728e-06,1.865933175959454e-03,1.610910625231828e-04,0.000000000000000e+00,4.038132549900048e-06
1.994816898583871e+02,1.821010270851725e-03,2.987315536843362e-06,1.731471951149053e-03,1.568382614098066e-04,0.000000000000000e+00,4.037363299968665e-06
2.031978323127528e+02,2.038036343534079e-03,2.736583699729186e-06,1.637434550331944e-03,1.525472611470175e-04,0.000000000000000e+00,4.036622561460392e-06
2.069832027486487e+02,2.115849944679466e-03,2.500766617774814e-06,1.677583518011211e-03,1.483434550738831e-04,0.000000000000000e+00,4.035909691201779e-06
2.108390908134674e+02,2.406006264205715e-03,2.279426782312322e-06,1.542501622634967e-03,1.438484541035693e-04,0.000000000000000e+00,4.035224023901004e-06
2.147668101794303e+02,2.531036780352571e-03,2.072139281441030e-06,1.551750933096638e-03,1.391812343121812e-04,0.000000000000000e+00,4.034564879771049e-06
2.187676989911456e+02,2.910699119888486e-03,1.878433386094837e-06,1.505100709443626e-03,1.342486157028698e-04,0.000000000000000e+00,4.033931560235184e-06
2.228431203215044e+02,3.096661170418868e-03,1.697857205261770e-06,1.560763139678516e-03,1.289636731725373e-04,0.000000000000000e+00,4.033323352174025e-06
2.269944626360694e+02,3.311327337507254e-03,1.529945979791195e-06,1.664865631847138e-03,1.235626525161098e-04,0.000000000000000e+00,4.032739527929774e-06
2.312231402661148e+02,3.562209593392352e-03,1.374226566216154e-06,1.786510913093716e-03,1.179719839549384e-04,0.000000000000000e+00,4.032179343305827e-06
2.355305938904783e+02,3.858501927945814e-03,1.230218413642248e-06,1.931369429294744e-03,1.123511198599968e-04,0.000000000000000e+00,4.031642041061503e-06
2.399182910263895e+02,3.821865762815248e-03,1.097440593033662e-06,2.109228924368610e-03,1.068829277812216e-04,0.000000000000000e+00,4.031126853378700e-06
2.443877265294422e+02,4.190608369697747e-03,9.753811884305140e-07,2.092161747947981e-03,1.009089116471961e-04,0.000000000000000e+00,4.030632996554838e-06
2.489404231028805e+02,4.677481670764948e-03,8.635557187046596e-07,2.331184582021320e-03,9.502648893486600e-05,0.000000000000000e+00,4.030159689928332e-06
2.535779318163725e+02,4.657045013145492e-03,7.614535386885700e-07,2.319578645720648e-03,8.918121278003922e-05,0.000000000000000e+00,4.029706140235043e-06
2.583018326344477e+02,4.640924399797166e-03,6.685620804064251e-07,2.517175460890857e-03,8.328308599310657e-05,0.000000000000000e+00,4.029271583217919e-06
2.631137349547798e+02,5.045949262404999e-03,5.843708777193992e-07,2.509961167879567e-03,7.725138377722273e-05,0.000000000000000e+00,4.028855260885562e-06
2.680152781564956e+02,5.036707883925731e-03,5.083573482447366e-07,2.504494895859761e-03,7.140009393823969e-05,0.000000000000000e+00,4.028456434619185e-06
2.730081321587002e+02,5.030014418472809e-03,4.400053801276705e-07,2.500475569970990e-03,6.583596045759952e-05,0.000000000000000e+00,4.028074383466671e-06
2.780939979894050e+02,5.025387863789360e-03,3.788096898437368e-07,2.497626970221844e-03,6.057955347815007e-05,0.000000000000000e+00,4.027708403930644e-06
2.832746083650558e+02,5.022382985016454e-03,3.242756093273124e-07,2.495721627235934e-03,5.536473659118762e-05,0.000000000000000e+00,4.027357812799844e-06
2.885517282808561e+02,5.020549290257328e-03,2.758913371839068e-07,2.494534704464180e-03,5.034440905858521e-05,0.000000000000000e+00,4.027021935391465e-06
2.939271556120879e+02,4.602056344024668e-03,2.332019168331959e-07,2.286978470934232e-03,4.571976358024696e-05,0.000000000000000e+00,4.026700130197610e-06
2.994027217266340e+02,4.601355642664140e-03,1.957593414757163e-07,2.286576739493538e-03,4.149517680503864e-05,0.000000000000000e+00,4.026391755088700e-06
3.049802921089123e+02,4.088694069720363e-03,1.630937938007058e-07,2.033081919776714e-03,3.747367276213316e-05,0.000000000000000e+00,4.026096210557693e-06
3.106617669954312e+02,4.088418044455007e-03,1.347741447248412e-07,2.032937370667574e-03,6.698571774532633e-05,0.000000000000000e+00,4.025812876286005e-06
3.164490820221865e+02,3.688782994473644e-03,1.103683695599639e-07,1.834832215330920e-03,6.324077856369753e-05,0.000000000000000e+00,4.025541210326101e-06
3.223442088841181e+02,3.349419200856121e-03,8.949495986713102e-08,1.666453596890755e-03,5.959379335863620e-05,0.000000000000000e+00,4.025280656207656e-06
3.283491560068519e+02,3.048751479043705e-03,7.177971172737607e-08,1.517808200532776e-03,5.628220034712827e-05,0.000000000000000e+00,3.959457915477703e-06
3.344659692309549e+02,2.777222463175687e-03,5.687247043494163e-08,1.383033953523589e-03,5.335851434949930e-05,0.000000000000000e+00,3.687050296432934e-06
3.406967325089383e+02,2.526979281127635e-03,4.445686667686956e-08,1.258767655345799e-03,5.081067380587004e-05,0.000000000000000e+00,3.414657455535474e-06
3.470435686152443e+02,2.293864410370821e-03,3.422250354166110e-08,1.143376176298400e-03,4.858253644459579e-05,0.000000000000000e+00,3.142255586524831e-06
3.535086398694592e+02,1.870373089866915e-03,2.589030868409430e-08,1.035607765128370e-03,4.640047016728238e-05,0.000000000000000e+00,2.869894262087279e-06
3.600941488730001e+02,1.675943385581049e-03,1.920248008726490e-08,9.335955690555910e-04,4.438252882323104e-05,0.000000000000000e+00,2.597524967182245e-06
3.668023392595243e+02,1.492059727967615e-03,1.391784486081447e-08,7.458567042668118e-04,4.269040385300633e-05,0.000000000000000e+00,2.325169386561617e-06
3.736354964593186e+02,1.151981059845892e-03,9.823030959771060e-09,6.589195106330470e-04,4.129102324531034e-05,0.000000000000000e+00,2.052821885427061e-06
3.805959484779282e+02,8.479759075527624e-04,6.712340836103737e-09,4.988285901612716e-04,4.015213403255594e-05,0.000000000000000e+00,1.780478220880327e-06
3.876860666892911e+02,5.786474798620849e-04,4.412588393565467e-09,3.556699717929024e-04,3.923809458882185e-05,0.000000000000000e+00,1.508141172647086e-06
3.949082666436472e+02,3.446392901926937e-04,2.766677825244661e-09,2.289358313393585e-04,3.849833699070383e-05,0.000000000000000e+00,1.235814655396798e-06
4.022650088904982e+02,1.525589974186338e-04,1.632352526395731e-09,1.219422766154668e-04,3.788841822585090e-05,0.000000000000000e+00,9.635000853471410e-07
4.097587998168984e+02,1.626762736092683e-05,8.840590274330375e-10,3.816051729066390e-05,3.736143318329058e-05,0.000000000000000e+00,6.911925208310830e-07
4.173921925013623e+02,1.567930965374866e-18,4.223426427176166e-10,2.330905033069166e-18,3.685596447974943e-05,0.000000000000000e+00,4.188950469733256e-07
4.251677875836789e+02,5.156146935831811e-20,1.617888037786084e-10,3.073668197455245e-19,3.635667679262021e-05,0.000000000000000e+00,1.466075324264971e-07
4.330882341509306e+02,0.000000000000000e+00,2.384194342724263e-11,0.000000000000000e+00,3.585707166412123e-05,0.000000000000000e+00,1.916693977752611e-10
4.411562306400173e+02,0.000000000000000e+00,0.000000000000000e+00,0.000000000000000e+00,3.535763296258364e-05,0.000000000000000e+00,9.553264483472683e-11
4.493745257569933e+02,0.000000000000000e+00,0.000000000000000e+00,0.000000000000000e+00,3.485819154247482e-05,0.000000000000000e+00,1.545107403784109e-11
4.577459194135314e+02,0.000000000000000e+00,0.000000000000000e+00,0.000000000000000e+00,3.435875330718354e-05,0.000000000000000e+00,0.000000000000000e+00
4.662732636808316e+02,0.000000000000000e+00,0.000000000000000e+00,0.000000000000000e+00,3.763067332205087e-07,0.000000000000000e+00,0.000000000000000e+00
4.749594637613004e+02,0.000000000000000e+00,0.000000000000000e+00,0.000000000000000e+00,4.206912248902187e-08,0.000000000000000e+00,0.000000000000000e+00
4.838074789783317e+02,0.000000000000000e+00,0.000000000000000e+00,0.000000000000000e+00,6.854638812381485e-23,0.000000000000000e+00,0.000000000000000e+00
4.928203237845260e+02,0.000000000000000e+00,0.000000000000000e+00,0.000000000000000e+00,1.119989472015471e-23,0.000000000000000e+00,0.000000000000000e+00
5.020010687886916e+02,0.000000000000000e+00,0.000000000000000e+00,0.000000000000000e+00,1.372257090814462e-24,0.000000000000000e+00,0.000000000000000e+00
5.113528418019789e+02,0.000000000000000e+00,0.000000000000000e+00,0.000000000000000e+00,0.000000000000000e+00,0.000000000000000e+00,0.000000000000000e+00
5.208788289035012e+02,0.000000000000000e+00,0.000000000000000e+00,0.000000000000000e+00,0.000000000000000e+00,0.000000000000000e+00,0.000000000000000e+00
5.305822755258088e+02,0.000000000000000e+00,0.000000000000000e+00,0.000000000000000e+00,0.000000000000000e+00,0.000000000000000e+00,0.000000000000000e+00
5.404664875605832e+02,0.000000000000000e+00,0.000000000000000e+00,0.000000000000000e+00,0.000000000000000e+00,0.000000000000000e+00,0.000000000000000e+00
5.505348324849298e+02,0.000000000000000e+00,0.000000000000000e+00,0.000000000000000e+00,0.000000000000000e+00,0.000000000000000e+00,0.000000000000000e+00
5.607907405086523e+02,0.000000000000000e+00,0.000000000000000e+00,0.000000000000000e+00,0.000000000000000e+00,0.000000000000000e+00,0.000000000000000e+00
5.712377057428990e+02,0.000000000000000e+00,0.000000000000000e+00,0.000000000000000e+00,0.000000000000000e+00,0.000000000000000e+00,0.000000000000000e+00
5.818792873905812e+02,0.000000000000000e+00,0.000000000000000e+00,0.000000000000000e+00,0.000000000000000e+00,0.000000000000000e+00,0.000000000000000e+00
5.927191109589661e+02,0.000000000000000e+00,0.000000000000000e+00,0.000000000000000e+00,0.000000000000000e+00,0.000000000000000e+00,0.000000000000000e+00
6.037608694948606e+02,0.000000000000000e+00,0.000000000000000e+00,0.000000000000000e+00,0.000000000000000e+00,0.000000000000000e+00,0.000000000000000e+00
6.150083248428043e+02,0.000000000000000e+00,0.000000000000000e+00,0.000000000000000e+00,0.000000000000000e+00,0.000000000000000e+00,0.000000000000000e+00
6.264653089267026e+02,0.000000000000000e+00,0.000000000000000e+00,0.000000000000000e+00,0.000000000000000e+00,0.000000000000000e+00,0.000000000000000e+00
6.381357250553333e+02,0.000000000000000e+00,0.000000000000000e+00,0.000000000000000e+00,0.000000000000000e+00,0.000000000000000e+00,0.000000000000000e+00
6.500235492521757e+02,0.000000000000000e+00,0.000000000000000e+00,0.000000000000000e+00,0.000000000000000e+00,0.000000000000000e+00,0.000000000000000e+00
6.621328316100116e+02,0.000000000000000e+00,0.000000000000000e+00,0.000000000000000e+00,0.000000000000000e+00,0.000000000000000e+00,0.000000000000000e+00
6.744676976707619e+02,0.000000000000000e+00,0.000000000000000e+00,0.000000000000000e+00,0.000000000000000e+00,0.000000000000000e+00,0.000000000000000e+00
6.870323498310274e+02,0.000000000000000e+00,0.000000000000000e+00,0.000000000000000e+00,0.000000000000000e+00,0.000000000000000e+00,0.000000000000000e+00
6.998310687738144e+02,0.000000000000000e+00,0.000000000000000e+00,0.000000000000000e+00,0.000000000000000e+00,0.000000000000000e+00,0.000000000000000e+00
7.128682149269310e+02,0.000000000000000e+00,0.000000000000000e+00,0.000000000000000e+00,0.000000000000000e+00,0.000000000000000e+00,0.000000000000000e+00
7.261482299485526e+02,0.000000000000000e+00,0.000000000000000e+00,0.000000000000000e+00,0.000000000000000e+00,0.000000000000000e+00,0.000000000000000e+00
7.396756382404614e+02,0.000000000000000e+00,0.000000000000000e+00,0.000000000000000e+00,0.000000000000000e+00,0.000000000000000e+00,0.000000000000000e+00
7.534550484894759e+02,0.000000000000000e+00,0.000000000000000e+00,0.000000000000000e+00,0.000000000000000e+00,0.000000000000000e+00,0.000000000000000e+00
7.674911552375961e+02,0.000000000000000e+00,0.000000000000000e+00,0.000000000000000e+00,0.000000000000000e+00,0.000000000000000e+00,0.000000000000000e+00
7.817887404814013e+02,0.000000000000000e+00,0.000000000000000e+00,0.000000000000000e+00,0.000000000000000e+00,0.000000000000000e+00,0.000000000000000e+00
7.963526753012359e+02,0.000000000000000e+00,0.000000000000000e+00,0.000000000000000e+00,0.000000000000000e+00,0.000000000000000e+00,0.000000000000000e+00
8.111879215207534e+02,0.000000000000000e+00,0.000000000000000e+00,0.000000000000000e+00,0.000000000000000e+00,0.000000000000000e+00,0.000000000000000e+00
8.262995333973719e+02,0.000000000000000e+00,0.000000000000000e+00,0.000000000000000e+00,0.000000000000000e+00,0.000000000000000e+00,0.000000000000000e+00
8.416926593442214e+02,0.000000000000000e+00,0.000000000000000e+00,0.000000000000000e+00,0.000000000000000e+00,0.000000000000000e+00,0.000000000000000e+00
8.573725436841701e+02,0.000000000000000e+00,0.000000000000000e+00,0.000000000000000e+00,0.000000000000000e+00,0.000000000000000e+00,0.000000000000000e+00
8.733445284365254e+02,0.000000000000000e+00,0.000000000000000e+00,0.000000000000000e+00,0.000000000000000e+00,0.000000000000000e+00,0.000000000000000e+00
8.896140551370206e+02,0.000000000000000e+00,0.000000000000000e+00,0.000000000000000e+00,0.000000000000000e+00,0.000000000000000e+00,0.000000000000000e+00
9.061866666917051e+02,0.000000000000000e+00,0.000000000000000e+00,0.000000000000000e+00,0.000000000000000e+00,0.000000000000000e+00,0.000000000000000e+00
9.230680092653708e+02,0.000000000000000e+00,0.000000000000000e+00,0.000000000000000e+00,0.000000000000000e+00,0.000000000000000e+00,0.000000000000000e+00
9.402638342051586e+02,0.000000000000000e+00,0.000000000000000e+00,0.000000000000000e+00,0.000000000000000e+00,0.000000000000000e+00,0.000000000000000e+00
9.577800000000000e+02,0.000000000000000e+00,0.000000000000000e+00,0.000000000000000e+00,0.000000000000000e+00,0.000000000000000e+00,0.000000000000000e+00
