# energy,pi0_pi0_pi0,pi_pi_pi0,pi_e_nu,pi_mu_nu,pi_pi,pi0_pi0
4.976110000000000e-04,0.000000000000000e+00,9.854972168122622e+00,3.644060402428504e+01,2.180336171343356e+01,1.730549197997585e-01,0.000000000000000e+00
5.115805449837005e-04,0.000000000000000e+00,9.585861769832702e+00,3.544552485741823e+01,2.120797675881922e+01,1.683293135379791e-01,0.000000000000000e+00
5.259422601305442e-04,0.000000000000000e+00,9.324099871897015e+00,3.447761795760275e+01,2.062884976590998e+01,1.637327476979298e-01,0.000000000000000e+00
5.407071549212998e-04,0.000000000000000e+00,9.069485811473289e+00,3.353614134156636e+01,2.006553678442370e+01,1.592616986194697e-01,0.000000000000000e+00
5.558865479083561e-04,0.000000000000000e+00,8.821824405146895e+00,3.262037328710566e+01,1.951760598686804e+01,1.549127388617707e-01,0.000000000000000e+00
5.714920753923541e-04,0.000000000000000e+00,8.580925799306190e+00,3.172961177982465e+01,1.898463733750796e+01,1.506825345758933e-01,0.000000000000000e+00
5.875357003424096e-04,0.000000000000000e+00,8.346605324603424e+00,3.086317397498054e+01,1.846622227037229e+01,1.465678429491045e-01,0.000000000000000e+00
6.040297215667460e-04,0.000000000000000e+00,8.118683354389997e+00,3.002039567402516e+01,1.796196337605322e+01,1.425655097189873e-01,0.000000000000000e+00
6.209867831407848e-04,0.000000000000000e+00,7.896985167017236e+00,2.920063081543984e+01,1.747147409705786e+01,1.386724667554274e-01,0.000000000000000e+00
6.384198840999047e-04,0.000000000000000e+00,7.681340811897388e+00,2.840325097947438e+01,1.699437843147914e+01,1.348857297086306e-01,0.000000000000000e+00
6.563423884043167e-04,0.000000000000000e+00,7.471584979221929e+00,2.762764490640934e+01,1.653031064475803e+01,1.312023957213637e-01,0.000000000000000e+00
6.747680351836755e-04,0.000000000000000e+00,7.267556873237542e+00,2.687321802797358e+01,1.607891498931695e+01,1.276196412036663e-01,0.000000000000000e+00
6.937109492693003e-04,0.000000000000000e+00,7.069100088982388e+00,2.613939201155669e+01,1.563984543184877e+01,1.241347196683285e-01,0.000000000000000e+00
7.131856520220590e-04,0.000000000000000e+00,6.876062492388397e+00,2.542560431686782e+01,1.521276538805281e+01,1.207449596254735e-01,0.000000000000000e+00
7.332070724642363e-04,0.000000000000000e+00,6.688296103657479e+00,2.473130776470044e+01,1.479734746461417e+01,1.174477625346328e-01,0.000000000000000e+00
7.537905587238977e-04,0.000000000000000e+00,6.505656983822413e+00,2.405597011747284e+01,1.439327320822889e+01,1.142406008127431e-01,0.000000000000000e+00
7.749518898005471e-04,0.000000000000000e+00,6.328005124405292e+00,2.339907367122242e+01,1.400023286148219e+01,1.111210158965380e-01,0.000000000000000e+00
7.967072876610695e-04,0.000000000000000e+00,6.155204340089132e+00,2.276011485874167e+01,1.361792512539309e+01,1.080866163578495e-01,0.000000000000000e+00
8.190734296752607e-04,0.000000000000000e+00,5.987122164320136e+00,2.213860386355061e+01,1.324605692844291e+01,1.051350760703737e-01,0.000000000000000e+00
8.420674614004483e-04,0.000000000000000e+00,5.823629747760827e+00,2.153406424441094e+01,1.288434320191103e+01,1.022641324264972e-01,0.000000000000000e+00
8.657070097250311e-04,0.000000000000000e+00,5.664601759515989e+00,2.094603257009289e+01,1.253250666134530e+01,9.947158460281449e-02,0.000000000000000e+00
8.900101963809914e-04,0.000000000000000e+00,5.509916291055857e+00,2.037405806411578e+01,1.219027759399984e+01,9.675529187300903e-02,0.000000000000000e+00
9.149956518357469e-04,0.000000000000000e+00,5.359454762762825e+00,1.981770225918936e+01,1.185739365207727e+01,9.411317196680422e-02,0.000000000000000e+00
9.406825295740007e-04,0.000000000000000e+00,5.213101833030027e+00,1.927653866109107e+01,1.153359965161663e+01,9.154319947372488e-02,0.000000000000000e+00
9.670905207805157e-04,0.000000000000000e+00,5.070745309842168e+00,1.875015242172200e+01,1.121864737687316e+01,8.904340429044760e-02,0.000000000000000e+00
9.942398694350956e-04,0.000000000000000e+00,4.932276064770748e+00,1.823814002109022e+01,1.091229539003967e+01,8.661187011054811e-02,0.000000000000000e+00
1.022151387831317e-03,0.000000000000000e+00,4.797587949317824e+00,1.774010895797836e+01,1.061430884616395e+01,8.424673295548915e-02,0.000000000000000e+00
1.050846472530935e-03,0.000000000000000e+00,4.666577713544099e+00,1.725567744905790e+01,1.032445931311994e+01,8.194617974572113e-02,0.000000000000000e+00
1.080347120766171e-03,0.000000000000000e+00,4.539144926919062e+00,1.678447413621966e+01,1.004252459649512e+01,7.970844691080275e-02,0.000000000000000e+00
1.110675947302471e-03,0.000000000000000e+00,4.415191901332375e+00,1.632613780189607e+01,9.768288569259436e+00,7.753181903747280e-02,0.000000000000000e+00
1.141856201774651e-03,0.000000000000000e+00,4.294623616207632e+00,1.588031709215712e+01,9.501541006085535e+00,7.541462755464025e-02,0.000000000000000e+00
1.173911786509733e-03,0.000000000000000e+00,4.177347645660944e+00,1.544667024736750e+01,9.242077422193063e+00,7.335524945428137e-02,0.000000000000000e+00
1.206867274850111e-03,0.000000000000000e+00,4.063274087648637e+00,1.502486484019876e+01,8.989698916593673e+00,7.135210604726604e-02,0.000000000000000e+00
1.240747929991125e-03,0.000000000000000e+00,3.952315495049628e+00,1.461457752079529e+01,8.744212019616375e+00,6.940366175315739e-02,0.000000000000000e+00
1.275579724347448e-03,0.000000000000000e+00,3.844386808629776e+00,1.421549376889913e+01,8.505428544596580e+00,6.750842292305853e-02,0.000000000000000e+00
1.311389359463168e-03,0.000000000000000e+00,3.739405291836687e+00,1.382730765274327e+01,8.273165443614893e+00,6.566493669460306e-02,0.000000000000000e+00
1.348204286480792e-03,0.000000000000000e+00,3.637290467375109e+00,1.344972159452888e+01,8.047244667175319e+00,6.387178987821203e-02,0.000000000000000e+00
1.386052727184899e-03,0.000000000000000e+00,3.537964055514186e+00,1.308244614230651e+01,7.827493027715060e+00,6.212760787376351e-02,0.000000000000000e+00
1.424963695636542e-03,0.000000000000000e+00,3.441349914079384e+00,1.272519974808641e+01,7.613742066841507e+00,6.043105361684409e-02,0.000000000000000e+00
1.464967020415003e-03,0.000000000000000e+00,3.347373980083017e+00,1.237770855200809e+01,7.405827926194495e+00,5.878082655377522e-02,0.000000000000000e+00
1.506093367483950e-03,0.000000000000000e+00,3.255964212948613e+00,1.203970617240319e+01,7.203591221834855e+00,5.717566164462734e-02,0.000000000000000e+00
1.548374263699508e-03,0.000000000000000e+00,3.167050539285703e+00,1.171093350159132e+01,7.006876922063050e+00,5.561432839345917e-02,0.000000000000000e+00
1.591842120978296e-03,0.000000000000000e+00,3.080564799172547e+00,1.139113850725182e+01,6.815534228574116e+00,5.409562990503709e-02,0.000000000000000e+00
1.636530261143918e-03,0.000000000000000e+00,2.996440693905764e+00,1.108007603921953e+01,6.629416460857908e+00,5.261840196731329e-02,0.000000000000000e+00
1.682472941470997e-03,0.000000000000000e+00,2.914613735176694e+00,1.077750764155620e+01,6.448380943755934e+00,5.118151215895731e-02,0.000000000000000e+00
1.729705380946285e-03,0.000000000000000e+00,2.835021195635626e+00,1.048320136975373e+01,6.272288898088726e+00,4.978385898125885e-02,0.000000000000000e+00
1.778263787267043e-03,0.000000000000000e+00,2.757602060805903e+00,1.019693161292881e+01,6.101005334269663e+00,4.842437101373454e-02,0.000000000000000e+00
1.828185384597312e-03,0.000000000000000e+00,2.682296982311142e+00,9.918478920872998e+00,5.934398948824027e+00,4.710200609279319e-02,0.000000000000000e+00
1.879508442103430e-03,0.000000000000000e+00,2.609048232379614e+00,9.647629835825343e+00,5.772342023733589e+00,4.581575051282791e-02,0.000000000000000e+00
1.932272303290599e-03,0.000000000000000e+00,2.537799659591001e+00,9.384176728838847e+00,5.614710328529914e+00,4.456461824912460e-02,0.000000000000000e+00
1.986517416163059e-03,0.000000000000000e+00,2.468496645831517e+00,9.127917640615070e+00,5.461383025061051e+00,4.334765020198955e-02,0.000000000000000e+00
2.042285364230915e-03,0.000000000000000e+00,2.401086064424482e+00,8.878656126685188e+00,5.312242574858819e+00,4.216391346151788e-02,0.000000000000000e+00
2.099618898387471e-03,0.000000000000000e+00,2.335516239404165e+00,8.636201106818424e+00,5.167174649035483e+00,4.101250059243827e-02,0.000000000000000e+00
2.158561969681416e-03,0.000000000000000e+00,2.271736905901767e+00,8.400366718542839e+00,5.026068040640960e+00,3.989252893848649e-02,0.000000000000000e+00
2.219159763009075e-03,0.000000000000000e+00,2.209699171613095e+00,8.170972174665810e+00,4.888814579413145e+00,3.880313994577382e-02,0.000000000000000e+00
2.281458731752480e-03,0.000000000000000e+00,2.149355479318435e+00,7.947841624685230e+00,4.755309048856196e+00,3.774349850463243e-02,0.000000000000000e+00
2.345506633389850e-03,0.000000000000000e+00,2.090659570425896e+00,7.730804019985124e+00,4.625449105583114e+00,3.671279230943242e-02,0.000000000000000e+00
2.411352566105781e-03,0.000000000000000e+00,2.033566449510237e+00,7.519692982712234e+00,4.499135200860788e+00,3.571023123588023e-02,0.000000000000000e+00
2.479047006429199e-03,0.000000000000000e+00,1.978032349820038e+00,7.314346678233198e+00,4.376270504297389e+00,3.473504673532082e-02,0.000000000000000e+00
2.548641847927924e-03,0.000000000000000e+00,1.924014699726744e+00,7.114607691074502e+00,4.256760829613606e+00,3.378649124557959e-02,0.000000000000000e+00
2.620190440989513e-03,0.000000000000000e+00,1.871472090089886e+00,6.920322904250082e+00,4.140514562440846e+00,3.286383761789219e-02,0.000000000000000e+00
2.693747633718907e-03,0.000000000000000e+00,1.820364242513430e+00,6.731343381884061e+00,4.027442590090965e+00,3.196637855948282e-02,0.000000000000000e+00
2.769369813984159e-03,0.000000000000000e+00,1.770651978468957e+00,6.547524255038716e+00,3.917458233243817e+00,3.109342609136405e-02,0.000000000000000e+00
2.847114952642580e-03,0.000000000000000e+00,1.722297189261963e+00,6.368724610660027e+00,3.810477179500121e+00,3.024431102094198e-02,0.000000000000000e+00
2.927042647980317e-03,0.000000000000000e+00,1.675262806818308e+00,6.194807383555843e+00,3.706417418748845e+00,2.941838242902334e-02,0.000000000000000e+00
3.009214171399559e-03,0.000000000000000e+00,1.629512775268358e+00,6.025639251323657e+00,3.605199180299421e+00,2.861500717082991e-02,0.000000000000000e+00
3.093692514388268e-03,0.000000000000000e+00,1.585012023307091e+00,5.861090532147651e+00,3.506744871730734e+00,2.783356939063944e-02,0.000000000000000e+00
3.180542436808564e-03,0.000000000000000e+00,1.541726437308942e+00,5.701035085386470e+00,3.410979019409869e+00,2.707347004967926e-02,0.000000000000000e+00
3.269830516540655e-03,0.000000000000000e+00,1.499622835176806e+00,5.545350214875690e+00,3.317828210635165e+00,2.633412646691224e-02,0.000000000000000e+00
3.361625200520496e-03,0.000000000000000e+00,1.458668940905114e+00,5.393916574870692e+00,3.227221037359078e+00,2.561497187236185e-02,0.000000000000000e+00
3.455996857210184e-03,0.000000000000000e+00,1.418833359837533e+00,5.246618078558008e+00,3.139088041447852e+00,2.491545497263461e-02,0.000000000000000e+00
3.553017830541410e-03,0.000000000000000e+00,1.380085554600271e+00,5.103341809064822e+00,3.053361661435894e+00,2.423503952830670e-02,0.000000000000000e+00
3.652762495373256e-03,0.000000000000000e+00,1.342395821692577e+00,4.963977932898566e+00,2.969976180734161e+00,2.357320394285059e-02,0.000000000000000e+00
3.755307314506861e-03,0.000000000000000e+00,1.305735268716474e+00,4.828419615750189e+00,2.888867677252792e+00,2.292944086278680e-02,0.000000000000000e+00
3.860730897300696e-03,0.000000000000000e+00,1.270075792228269e+00,4.696562940596511e+00,2.809973974399353e+00,2.230325678875422e-02,0.000000000000000e+00
3.969114059931353e-03,0.000000000000000e+00,1.235390056194857e+00,4.568306828038959e+00,2.733234593415176e+00,2.169417169720054e-02,0.000000000000000e+00
4.080539887346043e-03,0.000000000000000e+00,1.201651471038327e+00,4.443552958817583e+00,2.658590707013221e+00,2.110171867240334e-02,0.000000000000000e+00
4.195093796954284e-03,0.000000000000000e+00,1.168834173252775e+00,4.322205698440957e+00,2.585985094281959e+00,2.052544354853939e-02,0.000000000000000e+00
4.312863604107655e-03,0.000000000000000e+00,1.136913005577724e+00,4.204172023874165e+00,2.515362096820636e+00,1.996490456152760e-02,0.000000000000000e+00
4.433939589417758e-03,0.000000000000000e+00,1.105863497712928e+00,4.089361452228704e+00,2.446667576072366e+00,1.941967201037926e-02,0.000000000000000e+00
4.558414567964020e-03,0.000000000000000e+00,1.075661847559802e+00,3.977685971399623e+00,2.379848871822300e+00,1.888932792779549e-02,0.000000000000000e+00
4.686383960444349e-03,0.000000000000000e+00,1.046284902975086e+00,3.869059972596749e+00,2.314854761829090e+00,1.837346575975969e-02,0.000000000000000e+00
4.817945866323282e-03,0.000000000000000e+00,1.017710144022741e+00,3.763400184718213e+00,2.251635422558648e+00,1.787169005387908e-02,0.000000000000000e+00
4.953201139033565e-03,0.000000000000000e+00,9.899156657105063e-01,3.660625610516070e+00,2.190142390990170e+00,1.738361615623678e-02,0.000000000000000e+00
5.092253463288949e-03,0.000000000000000e+00,9.628801611978416e-01,3.560657464504963e+00,2.130328527465083e+00,1.690886991652166e-02,0.000000000000000e+00
5.235209434567361e-03,0.000000000000000e+00,9.365829054624216e-01,3.463419112566344e+00,2.072147979550474e+00,1.644708740121022e-02,0.000000000000000e+00
5.382178640825431e-03,0.000000000000000e+00,9.110037394126381e-01,3.368836013201878e+00,2.015556146889292e+00,1.599791461458049e-02,0.000000000000000e+00
5.533273746507022e-03,0.000000000000000e+00,8.861230544339315e-01,3.276835660391015e+00,1.960509647010360e+00,1.556100722734410e-02,0.000000000000000e+00
5.688610578910160e-03,0.000000000000000e+00,8.619217773571139e-01,3.187347528008932e+00,1.906966282072008e+00,1.513603031268839e-02,0.000000000000000e+00
5.848308216978537e-03,0.000000000000000e+00,8.383813558371573e-01,3.100303015762240e+00,1.854885006513824e+00,1.472265808952648e-02,0.000000000000000e+00
6.012489082585667e-03,0.000000000000000e+00,8.154837441312391e-01,3.015635396601011e+00,1.804225895591733e+00,1.432057367275832e-02,0.000000000000000e+00
6.181279034381724e-03,0.000000000000000e+00,7.932113892651390e-01,2.933279765566791e+00,1.754950114772270e+00,1.392946883035111e-02,0.000000000000000e+00
6.354807464274954e-03,0.000000000000000e+00,7.715472175773818e-01,2.853172990037402e+00,1.707019889962588e+00,1.354904374705313e-02,0.000000000000000e+00
6.533207396621601e-03,0.000000000000000e+00,7.504746216308213e-01,2.775253661330400e+00,1.660398478553398e+00,1.317900679455980e-02,0.000000000000000e+00
6.716615590200428e-03,0.000000000000000e+00,7.299774474816247e-01,2.699462047628091e+00,1.615050141252622e+00,1.281907430795569e-02,0.000000000000000e+00
6.905172643050000e-03,0.000000000000000e+00,7.100399822958918e-01,2.625740048187979e+00,1.570940114688174e+00,1.246897036826113e-02,0.000000000000000e+00
7.099023100249106e-03,0.000000000000000e+00,6.906469423044249e-01,2.554031148803585e+00,1.528034584758864e+00,1.212842659091672e-02,0.000000000000000e+00
7.298315564722886e-03,0.000000000000000e+00,6.717834610864183e-01,2.484280378481489e+00,1.486300660713002e+00,1.179718192004369e-02,0.000000000000000e+00
7.503202811159643e-03,0.000000000000000e+00,6.534350781730771e-01,2.416434267301373e+00,1.445706349934836e+00,1.147498242832232e-02,0.000000000000000e+00
7.713841903125701e-03,0.000000000000000e+00,6.355877279624338e-01,2.350440805426762e+00,1.406220533419479e+00,1.116158112233489e-02,0.000000000000000e+00
7.930394313468052e-03,0.000000000000000e+00,6.182277289368590e-01,2.286249403235031e+00,1.367812941917524e+00,1.085673775322418e-02,0.000000000000000e+00
8.153026048097058e-03,0.000000000000000e+00,6.013417731750156e-01,2.223810852536156e+00,1.330454132731095e+00,1.056021863252221e-02,0.000000000000000e+00
8.381907773244166e-03,0.000000000000000e+00,5.849169161501983e-01,2.163077288850427e+00,1.294115467143494e+00,1.027179645300807e-02,0.000000000000000e+00
8.617214946292123e-03,0.000000000000000e+00,5.689405668072497e-01,2.104002154716243e+00,1.258769088465190e+00,9.991250114457536e-03,0.000000000000000e+00
8.859127950278056e-03,0.000000000000000e+00,5.534004779104417e-01,2.046540163999839e+00,1.224387900679281e+00,9.718364554150882e-03,0.000000000000000e+00
9.107832232172481e-03,0.000000000000000e+00,5.382847366549224e-01,1.990647267179598e+00,1.190945547670084e+00,9.452930582008912e-03,0.000000000000000e+00
9.363518445040232e-03,0.000000000000000e+00,5.235817555345335e-01,1.936280617578333e+00,1.158416393018924e+00,9.194744720230932e-03,0.000000000000000e+00
9.626382594192287e-03,0.000000000000000e+00,5.092802634590019e-01,1.883398538517652e+00,1.126775500351630e+00,8.943609047311646e-03,0.000000000000000e+00
9.896626187440588e-03,0.000000000000000e+00,4.953692971136826e-01,1.831960491369228e+00,1.095998614222681e+00,8.699331046317413e-03,0.000000000000000e+00
1.017445638957101e-02,0.000000000000000e+00,4.818381925552423e-01,1.781927044478472e+00,1.066062141521321e+00,8.461723457305573e-03,0.000000000000000e+00
1.046008618115281e-02,0.000000000000000e+00,4.686765770368387e-01,1.733259842936810e+00,1.036943133385443e+00,8.230604133773738e-03,0.000000000000000e+00
1.075373452180646e-02,0.000000000000000e+00,4.558743610565226e-01,1.685921579179370e+00,1.008619267609316e+00,8.005795903028922e-03,0.000000000000000e+00
1.105562651805483e-02,0.000000000000000e+00,4.434217306227738e-01,1.639875964385547e+00,9.810688315317114e-01,7.787126430369575e-03,0.000000000000000e+00
1.136599359588663e-02,0.000000000000000e+00,4.313091397312394e-01,1.595087700660523e+00,9.542707053912952e-01,7.574428086976291e-03,0.000000000000000e+00
1.168507367816414e-02,0.000000000000000e+00,4.195273030469050e-01,1.551522453976420e+00,9.282043461365278e-01,7.367537821410028e-03,0.000000000000000e+00
1.201311136701140e-02,0.000000000000000e+00,4.080671887860947e-01,1.509146827852335e+00,9.028497716776599e-01,7.166297034619250e-03,0.000000000000000e+00
1.235035813132262e-02,0.000000000000000e+00,3.969200117928353e-01,1.467928337753084e+00,8.781875455687561e-01,6.970551458360215e-03,0.000000000000000e+00
1.269707249953458e-02,0.000000000000000e+00,3.860772268042869e-01,1.427835386187038e+00,8.541987621079991e-01,6.780151036937196e-03,0.000000000000000e+00
1.305352025781074e-02,0.000000000000000e+00,3.755305219000674e-01,1.388837238483941e+00,8.308650318448552e-01,6.594949812171990e-03,0.000000000000000e+00
1.341997465378899e-02,0.000000000000000e+00,3.652718121304570e-01,1.350903999234168e+00,8.081684674829912e-01,6.414805811514488e-03,0.000000000000000e+00
1.379671660604935e-02,0.000000000000000e+00,3.552932333185930e-01,1.314006589371337e+00,7.860916701681323e-01,6.239580939208616e-03,0.000000000000000e+00
1.418403491946199e-02,0.000000000000000e+00,3.455871360319082e-01,1.278116723880722e+00,7.646177161503578e-01,6.069140870430142e-03,0.000000000000000e+00
1.458222650658085e-02,0.000000000000000e+00,3.361460797181867e-01,1.243206890116377e+00,7.437301438106013e-01,5.903354948315236e-03,0.000000000000000e+00
1.499159661525247e-02,0.000000000000000e+00,3.269628270017455e-01,1.209250326710343e+00,7.234129410414122e-01,5.742096083800811e-03,0.000000000000000e+00
1.541245906261450e-02,0.000000000000000e+00,3.180303381353687e-01,1.176221003057773e+00,7.036505329723112e-01,5.585240658199933e-03,0.000000000000000e+00
1.584513647566332e-02,0.000000000000000e+00,3.093417656037400e-01,1.144093599362253e+00,6.844277700303197e-01,5.432668428437517e-03,0.000000000000000e+00
1.628996053857523e-02,0.000000000000000e+00,3.008904488742369e-01,1.112843487226017e+00,6.657299163265210e-01,5.284262434873756e-03,0.000000000000000e+00
1.674727224697061e-02,0.000000000000000e+00,2.926699092910652e-01,1.082446710770174e+00,6.475426383597421e-01,5.139908911644583e-03,0.000000000000000e+00
1.721742216931625e-02,0.000000000000000e+00,2.846738451088149e-01,1.052879968270485e+00,6.298519940287012e-01,4.999497199450397e-03,0.000000000000000e+00
1.770077071566597e-02,0.000000000000000e+00,2.768961266616349e-01,1.024120594294602e+00,6.126444219441974e-01,4.862919660726290e-03,0.000000000000000e+00
1.819768841394568e-02,0.000000000000000e+00,2.693307916643210e-01,9.961465423270751e-01,5.959067310331481e-01,4.730071597128641e-03,0.000000000000000e+00
1.870855619399472e-02,0.000000000000000e+00,2.619720406417149e-01,9.689363678688229e-01,5.796260904265043e-01,4.600851169274912e-03,0.000000000000000e+00
1.923376567958106e-02,0.000000000000000e+00,2.548142324829116e-01,9.424692119980856e-01,5.637900196232951e-01,4.475159318675062e-03,0.000000000000000e+00
1.977371948861435e-02,0.000000000000000e+00,2.478518801168660e-01,9.167247853802868e-01,5.483863789232583e-01,4.352899691794756e-03,0.000000000000000e+00
2.032883154178696e-02,0.000000000000000e+00,2.410796463060848e-01,8.916833527145230e-01,5.334033601207222e-01,4.233978566192153e-03,0.000000000000000e+00
2.089952737987950e-02,0.000000000000000e+00,2.344923395551780e-01,8.673257176047708e-01,5.188294774526097e-01,4.118304778671656e-03,0.000000000000000e+00
2.148624448997416e-02,0.000000000000000e+00,2.280849101311346e-01,8.436332078442124e-01,5.046535587936184e-01,4.005789655399539e-03,0.000000000000000e+00
2.208943264082590e-02,0.000000000000000e+00,2.218524461922713e-01,8.205876611013923e-01,4.908647370918348e-01,3.896346943927884e-03,0.000000000000000e+00
2.270955422764861e-02,0.000000000000000e+00,2.157901700228861e-01,7.981714109972424e-01,4.774524420382095e-01,3.789892747074709e-03,0.000000000000000e+00
2.334708462658057e-02,0.000000000000000e+00,2.098934343707314e-01,7.763672735622910e-01,4.644063919635130e-01,3.686345458609619e-03,0.000000000000000e+00
2.400251255910071e-02,0.000000000000000e+00,2.041577188844989e-01,7.551585340636859e-01,4.517165859565599e-01,3.585625700695668e-03,0.000000000000000e+00
2.467634046667550e-02,0.000000000000000e+00,1.985786266485835e-01,7.345289341919232e-01,4.393732961976545e-01,3.487656263039463e-03,0.000000000000000e+00
2.536908489592312e-02,0.000000000000000e+00,1.931518808124730e-01,7.144626595974660e-01,4.273670605013883e-01,3.392362043702885e-03,0.000000000000000e+00
2.608127689459059e-02,0.000000000000000e+00,1.878733213121763e-01,6.949443277676938e-01,4.156886750630659e-01,3.299669991531037e-03,0.000000000000000e+00
2.681346241864721e-02,0.000000000000000e+00,1.827389016811794e-01,6.759589762348944e-01,4.043291874032032e-01,3.209509050152304e-03,0.000000000000000e+00
2.756620275080639e-02,0.000000000000000e+00,1.777446859484836e-01,6.574920511062544e-01,3.932798895046872e-01,3.121810103507571e-03,0.000000000000000e+00
2.834007493079679e-02,0.000000000000000e+00,1.728868456213475e-01,6.395293959070589e-01,3.825323111373385e-01,3.036505922866869e-03,0.000000000000000e+00
2.913567219771254e-02,0.000000000000000e+00,1.681616567504202e-01,6.220572407285432e-01,3.720782133647549e-01,2.953531115292799e-03,0.000000000000000e+00
2.995360444478164e-02,0.000000000000000e+00,1.635654970750166e-01,6.050621916720835e-01,3.619095822284647e-01,2.872822073511283e-03,0.000000000000000e+00
3.079449868690120e-02,0.000000000000000e+00,1.590948432463447e-01,5.885312205816297e-01,3.520186226045425e-01,2.794316927151141e-03,0.000000000000000e+00
3.165899954129786e-02,0.000000000000000e+00,1.547462681265588e-01,5.724516550565106e-01,3.423977522279814e-01,2.717955495315171e-03,0.000000000000000e+00
3.254776972168198e-02,0.000000000000000e+00,1.505164381615648e-01,5.568111687369584e-01,3.330395958802393e-01,2.643679240446363e-03,0.000000000000000e+00
3.346149054627421e-02,0.000000000000000e+00,1.464021108255671e-01,5.415977718549005e-01,3.239369797355044e-01,2.571431223453850e-03,0.000000000000000e+00
3.440086246009415e-02,0.000000000000000e+00,1.424001321353952e-01,5.267998020427784e-01,3.150829258613447e-01,2.501156060064241e-03,0.000000000000000e+00
3.536660557191118e-02,0.000000000000000e+00,1.385074342327064e-01,5.124059153933481e-01,3.064706468695274e-01,2.432799878364843e-03,0.000000000000000e+00
3.635946020626937e-02,0.000000000000000e+00,1.347210330322108e-01,4.984050777636056e-01,2.980935407129060e-01,2.366310277506241e-03,0.000000000000000e+00
3.738018747100939e-02,0.000000000000000e+00,1.310380259341146e-01,4.847865563161756e-01,2.899451856243880e-01,2.301636287532573e-03,0.000000000000000e+00
3.842956984072274e-02,0.000000000000000e+00,1.274555895990297e-01,4.715399112916729e-01,2.820193351941007e-01,2.238728330308702e-03,0.000000000000000e+00
3.950841175658522e-02,0.000000000000000e+00,1.239709777836431e-01,4.586549880057383e-01,2.743099135809857e-01,2.177538181514344e-03,0.000000000000000e+00
4.061754024302983e-02,0.000000000000000e+00,1.205815192354869e-01,4.461219090646040e-01,2.668110108551481e-01,2.118018933676017e-03,0.000000000000000e+00
4.175780554173158e-02,0.000000000000000e+00,1.172846156451949e-01,4.339310667932285e-01,2.595168784673898e-01,2.060124960208439e-03,0.000000000000000e+00
4.293008176339035e-02,0.000000000000000e+00,1.140777396546768e-01,4.220731158701932e-01,2.524219248424557e-01,2.003811880437867e-03,0.000000000000000e+00
4.413526755781136e-02,0.000000000000000e+00,1.109584329196823e-01,4.105389661637162e-01,2.455207110926140e-01,1.949036525580519e-03,0.000000000000000e+00
4.537428680279692e-02,0.000000000000000e+00,1.079243042252706e-01,3.993197757632891e-01,2.388079468482842e-01,1.895756905650007e-03,0.000000000000000e+00
4.664808931237771e-02,0.000000000000000e+00,1.049730276527392e-01,3.884069442015978e-01,2.322784862025169e-01,1.843932177268433e-03,0.000000000000000e+00
4.795765156492628e-02,0.000000000000000e+00,1.021023407966096e-01,3.777921058615308e-01,2.259273237662167e-01,1.793522612356448e-03,0.000000000000000e+00
4.930397745171110e-02,0.000000000000000e+00,9.931004303029921e-02,3.674671235632184e-01,2.197495908310836e-01,1.744489567678289e-03,0.000000000000000e+00
5.068809904646493e-02,0.000000000000000e+00,9.659399381915387e-02,3.574240823261892e-01,2.137405516373328e-01,1.696795455218433e-03,0.000000000000000e+00
5.211107739655738e-02,0.000000000000000e+00,9.395211107954506e-02,3.476552833018634e-01,2.078955997433297e-01,1.650403713367176e-03,0.000000000000000e+00
5.357400333637850e-02,0.000000000000000e+00,9.138236958277449e-02,3.381532378717249e-01,2.022102544943589e-01,1.605278778893030e-03,0.000000000000000e+00
5.507799832355615e-02,0.000000000000000e+00,8.888279940256411e-02,3.289106619066594e-01,1.966801575878206e-01,1.561386059680477e-03,0.000000000000000e+00
5.662421529864939e-02,0.000000000000000e+00,8.645148440493845e-02,3.199204701830436e-01,1.913010697322174e-01,1.518691908212149e-03,0.000000000000000e+00
5.821383956897545e-02,0.000000000000000e+00,8.408656077934515e-02,3.111757709513196e-01,1.860688673973773e-01,1.477163595775134e-03,0.000000000000000e+00
5.984808971724941e-02,0.000000000000000e+00,8.178621560988404e-02,3.026698606528771e-01,1.809795396534135e-01,1.436769287371619e-03,0.000000000000000e+00
6.152821853573143e-02,0.000000000000000e+00,7.954868548555293e-02,2.943962187812060e-01,1.760291850960057e-01,1.397478017314648e-03,0.000000000000000e+00
6.325551398659944e-02,0.000000000000000e+00,7.737225514844186e-02,2.863485028833687e-01,1.712140088556383e-01,1.359259665490268e-03,0.000000000000000e+00
6.503130018928163e-02,0.000000000000000e+00,7.525525617884191e-02,2.785205436979707e-01,1.665303196885111e-01,1.322084934267897e-03,0.000000000000000e+00
6.685693843550757e-02,0.000000000000000e+00,7.319606571625817e-02,2.709063404258918e-01,1.619745271468825e-01,1.285925326041177e-03,0.000000000000000e+00
6.873382823285391e-02,0.000000000000000e+00,7.119310521534929e-02,2.635000561301644e-01,1.575431388266870e-01,1.250753121382129e-03,0.000000000000000e+00
7.066340837758710e-02,0.000000000000000e+00,6.924483923583684e-02,2.562960132614590e-01,1.532327576903069e-01,1.216541357791837e-03,0.000000000000000e+00
7.264715805762291e-02,0.000000000000000e+00,6.734977426545963e-02,2.492886893057608e-01,1.490400794624542e-01,1.183263809031388e-03,0.000000000000000e+00
7.468659798645083e-02,0.000000000000000e+00,6.550645757506847e-02,2.424727125508885e-01,1.449618900971592e-01,1.150894965017217e-03,0.000000000000000e+00
7.678329156889029e-02,0.000000000000000e+00,6.371347610498544e-02,2.358428579686197e-01,1.409950633139313e-01,1.119410012265446e-03,0.000000000000000e+00
7.893884609957429e-02,0.000000000000000e+00,6.196945538177239e-02,2.293940432092588e-01,1.371365582011961e-01,1.088784814870227e-03,0.000000000000000e+00
8.115491399507790e-02,0.000000000000000e+00,6.027305846457980e-02,2.231213247055822e-01,1.333834168851769e-01,1.058995896001499e-03,0.000000000000000e+00
8.343319406063630e-02,0.000000000000000e+00,5.862298492026729e-02,2.170198938831724e-01,1.297327622624319e-01,1.030020419907996e-03,0.000000000000000e+00
8.577543279242461e-02,0.000000000000000e+00,5.701796982651006e-02,2.110850734742327e-01,1.261817957943073e-01,1.001836174411683e-03,0.000000000000000e+00
8.818342571639563e-02,0.000000000000000e+00,5.545678280212813e-02,2.053123139320640e-01,1.227277953616188e-01,9.744215538802240e-04,0.000000000000000e+00
9.065901876470453e-02,0.000000000000000e+00,5.393822706389333e-02,1.996971899434459e-01,1.193681131779129e-01,9.477555426644090e-04,0.000000000000000e+00
9.320410969077265e-02,0.000000000000000e+00,5.246113850909305e-02,1.942353970362578e-01,1.161001737597132e-01,9.218176989878637e-04,0.000000000000000e+00
9.582064952407827e-02,0.000000000000000e+00,5.102438482314542e-02,1.889227482797314e-01,1.129214719521904e-01,8.965881392766705e-04,0.000000000000000e+00
9.851064406578657e-02,0.000000000000000e+00,4.962686461158348e-02,1.837551710748113e-01,1.098295710087474e-01,8.720475229169121e-04,0.000000000000000e+00
1.012761554263681e-01,0.000000000000000e+00,4.826750655574174e-02,1.787287040321582e-01,1.068221007230437e-01,8.481770374284219e-04,0.000000000000000e+00
1.041193036063820e-01,0.000000000000000e+00,4.694526859149888e-02,1.738394939354066e-01,1.038967556120287e-01,8.249583840434151e-04,0.000000000000000e+00
1.070422681216378e-01,0.000000000000000e+00,4.565913711044598e-02,1.690837927873433e-01,1.010512931485916e-01,8.023737636789028e-04,0.000000000000000e+00
1.100472896739800e-01,0.000000000000000e+00,4.440812618286906e-02,1.644579549367479e-01,9.828353204247202e-02,7.804058632921737e-04,0.000000000000000e+00
1.131366718689778e-01,0.000000000000000e+00,4.319127680194907e-02,1.599584342836878e-01,9.559135056811296e-02,7.590378426088550e-04,0.000000000000000e+00
1.163127829818347e-01,0.000000000000000e+00,4.200765614860118e-02,1.555817815611303e-01,9.297268493817674e-02,7.382533212133966e-04,0.000000000000000e+00
1.195780577728747e-01,0.000000000000000e+00,4.085635687638856e-02,1.513246416907829e-01,9.042552772147389e-02,7.180363659920725e-04,0.000000000000000e+00
1.229349993539926e-01,0.000000000000000e+00,3.973649641596366e-02,1.471837512111393e-01,8.794792630409518e-02,6.983714789188801e-04,0.000000000000000e+00
1.263861811075046e-01,0.000000000000000e+00,3.864721629850271e-02,1.431559357757554e-01,8.553798139256415e-02,6.792435851749643e-04,0.000000000000000e+00
1.299342486588638e-01,0.000000000000000e+00,3.758768149761582e-02,1.392381077198419e-01,8.319384555786610e-02,6.606380215924757e-04,0.000000000000000e+00
1.335819219047593e-01,0.000000000000000e+00,3.655707978922709e-02,1.354272636933030e-01,8.091372181923362e-02,6.425405254139795e-04,0.000000000000000e+00
1.373319970981489e-01,0.000000000000000e+00,3.555462112893518e-02,1.317204823584121e-01,7.869586226660623e-02,6.249372233588281e-04,0.000000000000000e+00
1.411873489918249e-01,0.000000000000000e+00,3.457953704637608e-02,1.281149221503553e-01,7.653856672070670e-02,6.078146209880894e-04,0.000000000000000e+00
1.451509330421589e-01,0.000000000000000e+00,3.363108005612428e-02,1.246078190989276e-01,7.444018142970600e-02,5.911595923598907e-04,0.000000000000000e+00
1.492257876747103e-01,0.000000000000000e+00,3.270852308468084e-02,1.211964847097132e-01,7.239909780148024e-02,5.749593699672506e-04,0.000000000000000e+00
1.534150366134397e-01,0.000000000000000e+00,3.181115891310846e-02,1.178783039031222e-01,7.041375117048476e-02,5.592015349506741e-04,0.000000000000000e+00
1.577218912753091e-01,0.000000000000000e+00,3.093829963488730e-02,1.146507330097083e-01,6.848261959830293e-02,5.438740075780223e-04,0.000000000000000e+00
1.621496532321083e-01,0.000000000000000e+00,3.008927612857487e-02,1.115112978202268e-01,6.660422270694780e-02,5.289650379843434e-04,0.000000000000000e+00
1.667017167413904e-01,0.000000000000000e+00,2.926343754486660e-02,1.084575916889401e-01,6.477712054402400e-02,5.144631971645823e-04,0.000000000000000e+00
1.713815713484610e-01,0.000000000000000e+00,2.846015080766315e-02,1.054872736887162e-01,6.299991247887836e-02,5.003573682122465e-04,0.000000000000000e+00
1.761928045614117e-01,0.000000000000000e+00,2.767880012876286e-02,1.025980668165070e-01,6.127123612889489e-02,4.866367377973307e-04,0.000000000000000e+00
1.811391046012522e-01,0.000000000000000e+00,2.691878653580617e-02,9.978775624782747e-02,5.958976631510896e-02,4.732907878769471e-04,0.000000000000000e+00
1.862242632292456e-01,0.000000000000000e+00,2.617952741311136e-02,9.705418763890281e-02,5.795421404634196e-02,4.603092876323276e-04,0.000000000000000e+00
1.914521786536182e-01,0.000000000000000e+00,2.546045605504854e-02,9.439526547517632e-02,5.636332553107605e-02,4.476822856259973e-04,0.000000000000000e+00
1.968268585178680e-01,0.000000000000000e+00,2.476102123161029e-02,9.180895146491712e-02,5.481588121631317e-02,4.354001021731227e-04,0.000000000000000e+00
2.023524229729662e-01,0.000000000000000e+00,2.408068676584553e-02,8.929326297669200e-02,5.331069485267959e-02,4.234533219211755e-04,0.000000000000000e+00
2.080331078358041e-01,0.000000000000000e+00,2.341893112283266e-02,8.684627151950687e-02,5.184661258506135e-02,4.118327866322316e-04,0.000000000000000e+00
2.138732678363093e-01,0.000000000000000e+00,2.277524700987721e-02,8.446610126445028e-02,5.042251206807163e-02,4.005295881623648e-04,0.000000000000000e+00
2.198773799557165e-01,0.000000000000000e+00,2.214914098762711e-02,8.215092760670784e-02,4.903730160567340e-02,3.895350616327618e-04,0.000000000000000e+00
2.260500468585574e-01,0.000000000000000e+00,2.154013309180768e-02,7.989897576684292e-02,4.768991931429679e-02,3.788407787873139e-04,0.000000000000000e+00
2.323960004209954e-01,0.000000000000000e+00,2.094775646528634e-02,7.770851943027333e-02,4.637933230881017e-02,3.684385415316004e-04,0.000000000000000e+00
2.389201053582117e-01,0.000000000000000e+00,2.037155700018511e-02,7.557787942390048e-02,4.510453591072101e-02,3.583203756483105e-04,0.000000000000000e+00
2.456273629536268e-01,0.000000000000000e+00,1.981109298976611e-02,7.350542242887523e-02,4.386455287799858e-02,3.484785246842784e-04,0.000000000000000e+00
2.525229148928090e-01,0.000000000000000e+00,1.926593478982375e-02,7.148955972851592e-02,4.265843265592972e-02,3.389054440044577e-04,0.000000000000000e+00
2.596120472050176e-01,0.000000000000000e+00,1.873566448932359e-02,6.952874599041657e-02,4.148525064843138e-02,3.295937950082630e-04,0.000000000000000e+00
2.669001943153930e-01,0.000000000000000e+00,1.821987559003575e-02,6.762147808181347e-02,4.034410750926334e-02,3.205364395038575e-04,0.000000000000000e+00
2.743929432109106e-01,0.000000000000000e+00,1.771817269491681e-02,6.576629391730018e-02,3.923412845259590e-02,3.117264342360634e-04,0.000000000000000e+00
2.820960377232803e-01,0.000000000000000e+00,1.723017120500194e-02,6.396177133800954e-02,3.815446258240562e-02,3.031570255637102e-04,0.000000000000000e+00
2.900153829320863e-01,0.000000000000000e+00,1.675549702457413e-02,6.220652702140155e-02,3.710428224018356e-02,2.948216442823289e-04,0.000000000000000e+00
2.981570496915327e-01,0.000000000000000e+00,1.629378627438535e-02,6.049921542082325e-02,3.608278237045735e-02,2.867139005882359e-04,0.000000000000000e+00
3.065272792842736e-01,0.000000000000000e+00,1.584468501270892e-02,5.883852773402569e-02,3.508917990363937e-02,2.788275791801333e-04,0.000000000000000e+00
3.151324882058870e-01,0.000000000000000e+00,1.540784896401007e-02,5.722319089984938e-02,3.412271315572916e-02,2.711566344944813e-04,0.000000000000000e+00
3.239792730836686e-01,0.000000000000000e+00,1.498294325502591e-02,5.565196662230694e-02,3.318264124440871e-02,2.636951860709815e-04,0.000000000000000e+00
3.330744157335073e-01,0.000000000000000e+00,1.456964215805320e-02,5.412365042131675e-02,3.226824352108393e-02,2.564375140446254e-04,0.000000000000000e+00
3.424248883587289e-01,0.000000000000000e+00,1.416762884124657e-02,5.263707070935812e-02,3.137881901843621e-02,2.493780547608443e-04,0.000000000000000e+00
3.520378588948823e-01,0.000000000000000e+00,1.377659512573605e-02,5.119108789334195e-02,3.051368591306108e-02,2.425113965104079e-04,0.000000000000000e+00
3.619206965045767e-01,0.000000000000000e+00,1.339624124937757e-02,4.978459350100636e-02,2.967218100278146e-02,2.358322753807924e-04,0.000000000000000e+00
3.720809772265725e-01,0.000000000000000e+00,1.302627563695546e-02,4.841650933116941e-02,2.885365919823534e-02,2.293355712208459e-04,0.000000000000000e+00
3.825264897834610e-01,0.000000000000000e+00,1.266641467666067e-02,4.708578662718662e-02,2.805749302834772e-02,2.230163037156526e-04,0.000000000000000e+00
3.932652415523875e-01,0.000000000000000e+00,1.231638250267324e-02,4.579140527297911e-02,2.728307215930770e-02,2.168696285685867e-04,0.000000000000000e+00
4.043054647033867e-01,0.000000000000000e+00,1.197591078368270e-02,4.453237301101746e-02,2.652980292668236e-02,2.108908337876318e-04,0.000000000000000e+00
4.156556225100471e-01,0.000000000000000e+00,1.164473851718378e-02,4.330772468166016e-02,2.579710788030798e-02,2.050753360731146e-04,0.000000000000000e+00
4.273244158373291e-01,0.000000000000000e+00,1.132261182939020e-02,4.211652148326507e-02,2.508442534161051e-02,1.994186773040879e-04,0.000000000000000e+00
4.393207898115243e-01,0.000000000000000e+00,1.100928378061274e-02,4.095785025250509e-02,2.439120897301512e-02,1.939165211206644e-04,0.000000000000000e+00
4.516539406774556e-01,0.000000000000000e+00,1.070451417595274e-02,3.983082276433787e-02,2.371692735911547e-02,1.885646495996858e-04,0.000000000000000e+00
4.643333228481863e-01,0.000000000000000e+00,1.040806938116547e-02,3.873457505109146e-02,2.306106359928069e-02,1.833589600211731e-04,0.000000000000000e+00
4.773686561526326e-01,0.000000000000000e+00,1.011972214355270e-02,3.766826674014512e-02,2.242311491138871e-02,1.782954617230851e-04,0.000000000000000e+00
4.907699332866451e-01,0.000000000000000e+00,9.839251417746660e-03,3.663108040969642e-02,2.180259224638120e-02,1.733702730419665e-04,0.000000000000000e+00
5.045474274732596e-01,0.000000000000000e+00,9.566442196252190e-03,3.562222096212184e-02,2.119901991334532e-02,1.685796183371469e-04,0.000000000000000e+00
5.187117003380040e-01,0.000000000000000e+00,9.301085344616896e-03,3.464091501444920e-02,2.061193521483420e-02,1.639198250962032e-04,0.000000000000000e+00
5.332736100052812e-01,0.000000000000000e+00,9.042977441103156e-03,3.368641030547605e-02,2.004088809214720e-02,1.593873211194706e-04,0.000000000000000e+00
5.482443194220533e-01,0.000000000000000e+00,8.791920620738768e-03,3.275797511907792e-02,1.948544078029711e-02,1.549786317814384e-04,0.000000000000000e+00
5.636353049151887e-01,0.000000000000000e+00,8.547722423627020e-03,3.185489772326587e-02,1.894516747240076e-02,1.506903773669369e-04,0.000000000000000e+00
5.794583649890510e-01,0.000000000000000e+00,8.310195647399486e-03,3.097648582456177e-02,1.841965399323454e-02,1.465192704800661e-04,0.000000000000000e+00
5.957256293700556e-01,0.000000000000000e+00,8.079158203698769e-03,3.012206603727437e-02,1.790849748170574e-02,1.424621135238849e-04,0.000000000000000e+00
6.124495683051440e-01,0.000000000000000e+00,7.854432978580841e-03,2.929098336726798e-02,1.741130608199502e-02,1.385157962489239e-04,0.000000000000000e+00
6.296430021212913e-01,0.000000000000000e+00,7.635847696730153e-03,2.848260070982903e-02,1.692769864313410e-02,1.346772933686452e-04,0.000000000000000e+00
6.473191110533800e-01,0.000000000000000e+00,7.423234789383297e-03,2.769629836124498e-02,1.645730442678778e-02,1.309436622400177e-04,0.000000000000000e+00
6.654914453479785e-01,0.000000000000000e+00,7.216431265859891e-03,2.693147354372081e-02,1.599976282301629e-02,1.273120406074310e-04,0.000000000000000e+00
6.841739356507580e-01,0.000000000000000e+00,7.015278588602291e-03,2.618753994326974e-02,1.555472307380010e-02,1.237796444082170e-04,0.000000000000000e+00
7.033809036855262e-01,0.000000000000000e+00,6.819622551628159e-03,2.546392726022275e-02,1.512184400411495e-02,1.203437656380958e-04,0.000000000000000e+00
7.231270732330458e-01,0.000000000000000e+00,6.629313162302821e-03,2.476008077201328e-02,1.470079376035110e-02,1.170017702749088e-04,0.000000000000000e+00
7.434275814180760e-01,0.000000000000000e+00,6.444204526340552e-03,2.407546090790096e-02,1.429124955587581e-02,1.137510962590471e-04,0.000000000000000e+00
7.642979903132641e-01,0.000000000000000e+00,6.264154735946783e-03,2.340954283530901e-02,1.389289742354431e-02,1.105892515290255e-04,0.000000000000000e+00
7.857542988688092e-01,0.000000000000000e+00,6.089025761015265e-03,2.276181605745746e-02,1.350543197496900e-02,1.075138121106945e-04,0.000000000000000e+00
8.078129551770175e-01,0.000000000000000e+00,5.918683343296876e-03,2.213178402198436e-02,1.312855616636254e-02,1.045224202586262e-04,0.000000000000000e+00
8.304908690811750e-01,0.000000000000000e+00,5.752996893458728e-03,2.151896374025396e-02,1.276198107077496e-02,1.016127826482461e-04,0.000000000000000e+00
8.538054251383802e-01,0.000000000000000e+00,5.591839390954798e-03,2.092288541706088e-02,1.240542565655022e-02,9.878266861732611e-05,0.000000000000000e+00
8.777744959462974e-01,0.000000000000000e+00,5.435087286631051e-03,2.034309209044547e-02,1.205861657183211e-02,9.602990845548667e-05,0.000000000000000e+00
9.024164558440223e-01,0.000000000000000e+00,5.282620407990553e-03,1.977913928134470e-02,1.172128793495423e-02,9.335239174039861e-05,0.000000000000000e+00
9.277501949975882e-01,0.000000000000000e+00,5.134321867045662e-03,1.923059465280946e-02,1.139318113055312e-02,9.074806571940440e-05,0.000000000000000e+00
9.537951338808839e-01,0.000000000000000e+00,4.990077970686801e-03,1.869703767852736e-02,1.107404461124819e-02,8.821493373532098e-05,0.000000000000000e+00
9.805712381631125e-01,0.000000000000000e+00,4.849778133498839e-03,1.817805932039617e-02,1.076363370473602e-02,8.575105369521112e-05,0.000000000000000e+00
1.008099034014174e+00,0.000000000000000e+00,4.713314792958349e-03,1.767326171490131e-02,1.046171042615052e-02,8.335453658095305e-05,0.000000000000000e+00
1.036399623839732e+00,0.000000000000000e+00,4.580583326946477e-03,1.718225786805616e-02,1.016804329554943e-02,8.102354500046009e-05,0.000000000000000e+00
1.065494702458010e+00,0.000000000000000e+00,4.451481973514249e-03,1.670467135867159e-02,9.882407160374791e-03,7.875629177844165e-05,0.000000000000000e+00
1.095406573730714e+00,0.000000000000000e+00,4.325911752838665e-03,1.624013604972700e-02,9.604583022767990e-03,7.655103858562256e-05,0.000000000000000e+00
1.126158167660859e+00,0.000000000000000e+00,4.203776391309604e-03,1.578829580762125e-02,9.334357871593674e-03,7.440609460536595e-05,0.000000000000000e+00
1.157773057970558e+00,0.000000000000000e+00,4.084982247689379e-03,1.534880422908840e-02,9.071524519049093e-03,7.231981523667948e-05,0.000000000000000e+00
1.190275480172312e+00,0.000000000000000e+00,3.969438241288090e-03,1.492132437556834e-02,8.815881441732183e-03,7.029060083260503e-05,0.000000000000000e+00
1.223690350147579e+00,0.000000000000000e+00,3.857055782099722e-03,1.450552851482890e-02,8.567232626046540e-03,6.831689547302559e-05,0.000000000000000e+00
1.258043283246942e+00,0.000000000000000e+00,3.747748702845242e-03,1.410109786964080e-02,8.325387417824244e-03,6.639718577094367e-05,0.000000000000000e+00
1.293360613926450e+00,0.000000000000000e+00,3.641433192870546e-03,1.370772237331290e-02,8.090160376051293e-03,6.452999971131680e-05,0.000000000000000e+00
1.329669415935233e+00,0.000000000000000e+00,3.538027733848390e-03,1.332510043189976e-02,7.861371130582887e-03,6.271390552155509e-05,0.000000000000000e+00
1.366997523069838e+00,0.000000000000000e+00,3.437453037234961e-03,1.295293869289935e-02,7.638844243739501e-03,6.094751057281462e-05,0.000000000000000e+00
1.405373550511217e+00,0.000000000000000e+00,3.339631983432925e-03,1.259095182026307e-02,7.422409075677024e-03,5.922946031124045e-05,0.000000000000000e+00
1.444826916760695e+00,0.000000000000000e+00,3.244489562614270e-03,1.223886227554562e-02,7.211899653427757e-03,5.755843721833826e-05,0.000000000000000e+00
1.485387866191778e+00,0.000000000000000e+00,3.151952817157328e-03,1.189640010502634e-02,7.007154543511177e-03,5.593315979967450e-05,0.000000000000000e+00
1.527087492235030e+00,0.000000000000000e+00,3.061950785653787e-03,1.156330273263908e-02,6.808016728016817e-03,5.435238160112775e-05,0.000000000000000e+00
1.569957761213860e+00,0.000000000000000e+00,2.974414448442526e-03,1.123931475855090e-02,6.614333484063571e-03,5.281489025193300e-05,0.000000000000000e+00
1.614031536849420e+00,0.000000000000000e+00,2.889276674628437e-03,1.092418776323570e-02,6.425956266542902e-03,5.131950653378414e-05,0.000000000000000e+00
1.659342605453468e+00,0.000000000000000e+00,2.806472170545339e-03,1.061768011689150e-02,6.242740594055461e-03,4.986508347527615e-05,0.000000000000000e+00
1.705925701828455e+00,0.000000000000000e+00,2.725937429623394e-03,1.031955679405561e-02,6.064545937953410e-03,4.845050547099115e-05,0.000000000000000e+00
1.753816535894710e+00,0.000000000000000e+00,2.647610683622347e-03,1.002958919327490e-02,5.891235614402897e-03,4.707468742454933e-05,0.000000000000000e+00
1.803051820065156e+00,0.000000000000000e+00,2.571431855192976e-03,9.747554961692615e-03,5.722676679383473e-03,4.573657391496390e-05,0.000000000000000e+00
1.853669297388493e+00,0.000000000000000e+00,2.497342511730276e-03,9.473237824417197e-03,5.558739826543605e-03,4.443513838565923e-05,0.000000000000000e+00
1.905707770482484e+00,0.000000000000000e+00,2.425285820482655e-03,9.206427418541569e-03,5.399299287833339e-03,4.316938235552522e-05,0.000000000000000e+00
1.959207131279457e+00,0.000000000000000e+00,2.355206504882627e-03,8.946919131685735e-03,5.244232736837703e-03,4.193833465140133e-05,0.000000000000000e+00
2.014208391606894e+00,0.000000000000000e+00,2.287050802065181e-03,8.694513944938101e-03,5.093421194735969e-03,4.074105066139710e-05,0.000000000000000e+00
2.070753714626480e+00,0.000000000000000e+00,2.220766421541107e-03,8.449018280075212e-03,4.946748938814412e-03,3.957661160847415e-05,0.000000000000000e+00
2.128886447155786e+00,0.000000000000000e+00,2.156302504993262e-03,8.210243850941984e-03,4.804103413461743e-03,3.844412384372843e-05,0.000000000000000e+00
2.188651152897285e+00,0.000000000000000e+00,2.093609587164760e-03,7.978007518878479e-03,4.665375143578575e-03,3.734271815882815e-05,0.000000000000000e+00
2.250093646600253e+00,0.000000000000000e+00,2.032639557808778e-03,7.752131152081726e-03,4.530457650333880e-03,3.627154911707592e-05,0.000000000000000e+00
2.313261029181668e+00,0.000000000000000e+00,1.973345624670562e-03,7.532441488794638e-03,4.399247369203422e-03,3.522979440257942e-05,0.000000000000000e+00
2.378201723833104e+00,0.000000000000000e+00,1.915682277472925e-03,7.318770004216497e-03,4.271643570226640e-03,3.421665418702740e-05,0.000000000000000e+00
2.444965513141219e+00,0.000000000000000e+00,1.859605252877368e-03,7.110952781032869e-03,4.147548280420426e-03,3.323135051358300e-05,0.000000000000000e+00
2.513603577250380e+00,0.000000000000000e+00,1.805071500393600e-03,6.908830383465029e-03,4.026866208289593e-03,3.227312669741777e-05,0.000000000000000e+00
2.584168533096592e+00,0.000000000000000e+00,1.752039149211048e-03,6.712247734742234e-03,3.909504670375717e-03,3.134124674242423e-05,0.000000000000000e+00
2.656714474742893e+00,0.000000000000000e+00,1.700467475926553e-03,6.521053997902258e-03,3.795373519787348e-03,3.043499477365634e-05,0.000000000000000e+00
2.731297014847049e+00,0.000000000000000e+00,1.650316873143210e-03,6.335102459828722e-03,3.684385076656354e-03,2.955367448506019e-05,0.000000000000000e+00
2.807973327293422e+00,0.000000000000000e+00,1.601548818915888e-03,6.154250418435695e-03,3.576454060466352e-03,2.869660860206832e-05,0.000000000000000e+00
2.886802191021632e+00,0.000000000000000e+00,1.554125847019681e-03,5.978359072912955e-03,3.471497524200938e-03,2.786313835864400e-05,0.000000000000000e+00
2.967844035085613e+00,0.000000000000000e+00,1.508011518018110e-03,5.807293416947364e-03,3.369434790260611e-03,2.705262298837202e-05,0.000000000000000e+00
3.051160984977671e+00,0.000000000000000e+00,1.463170391108513e-03,5.640922134838138e-03,3.270188668284223e-03,2.626443922920433e-05,0.000000000000000e+00
3.136816910252950e+00,0.000000000000000e+00,1.419567996722693e-03,5.479117500426274e-03,3.173683254769218e-03,2.549798084147998e-05,0.000000000000000e+00
3.224877473490927e+00,0.000000000000000e+00,1.377170809861364e-03,5.321755278760232e-03,3.079842528234593e-03,2.475265813884878e-05,0.000000000000000e+00
3.315410180631351e+00,0.000000000000000e+00,1.335946224141641e-03,5.168714630422512e-03,2.988594283800538e-03,2.402789753174003e-05,0.000000000000000e+00
3.408484432723346e+00,0.000000000000000e+00,1.295862526537207e-03,5.019878018443418e-03,2.899868290364790e-03,2.332314108302601e-05,0.000000000000000e+00
3.504171579127206e+00,0.000000000000000e+00,1.256888872791436e-03,4.875131117730815e-03,2.813596236136436e-03,2.263784607554272e-05,0.000000000000000e+00
3.602544972209803e+00,0.000000000000000e+00,1.218995263484207e-03,4.734362726946230e-03,2.729711675617868e-03,2.197148459113781e-05,0.000000000000000e+00
3.703680023575405e+00,0.000000000000000e+00,1.182152520733662e-03,4.597464682760006e-03,2.648149977994082e-03,2.132354310092790e-05,0.000000000000000e+00
3.807654261875143e+00,0.000000000000000e+00,1.146332265514656e-03,4.464331776419787e-03,2.568848276889573e-03,2.069352206645571e-05,0.000000000000000e+00
3.914547392239310e+00,0.000000000000000e+00,1.111506895576117e-03,4.334861672568801e-03,2.491745421454340e-03,2.008093555144866e-05,0.000000000000000e+00
4.024441357378176e+00,0.000000000000000e+00,1.077649563940001e-03,4.208954830251733e-03,2.416781928741538e-03,1.948531084388923e-05,0.000000000000000e+00
4.137420400398043e+00,0.000000000000000e+00,1.044734157965015e-03,4.086514426049829e-03,2.343899937340542e-03,1.890618808811827e-05,0.000000000000000e+00
4.253571129380807e+00,0.000000000000000e+00,1.012735278958667e-03,3.967446279283049e-03,2.273043162230182e-03,1.834311992670163e-05,0.000000000000000e+00
4.372982583776419e+00,0.000000000000000e+00,9.816282223217162e-04,3.851658779228113e-03,2.204156850818168e-03,1.779567115180109e-05,0.000000000000000e+00
4.495746302659252e+00,0.000000000000000e+00,9.513889582094750e-04,3.739062814293721e-03,2.137187740133648e-03,1.726341836580010e-05,0.000000000000000e+00
4.621956394900588e+00,0.000000000000000e+00,9.219941126948801e-04,3.629571703101719e-03,2.072084015141158e-03,1.674594965094605e-05,0.000000000000000e+00
4.751709611311129e+00,0.000000000000000e+00,8.934209494186304e-04,3.523101127422604e-03,2.008795268145136e-03,1.624286424778035e-05,0.000000000000000e+00
4.885105418808743e+00,0.000000000000000e+00,8.656473517121519e-04,3.419569066915980e-03,1.947272459255448e-03,1.575377224213967e-05,0.000000000000000e+00
5.022246076668336e+00,0.000000000000000e+00,8.386518051795379e-04,3.318895735628213e-03,1.887467877885455e-03,1.527829426052221e-05,0.000000000000000e+00
5.163236714912328e+00,0.000000000000000e+00,8.124133807250218e-04,3.221003520201259e-03,1.829335105255300e-03,1.481606117362519e-05,0.000000000000000e+00
5.308185414901800e+00,0.000000000000000e+00,7.869117180129687e-04,3.125816919748506e-03,1.772832021562411e-03,1.436671380787182e-05,0.000000000000000e+00
5.457203292190070e+00,0.000000000000000e+00,7.621270093477833e-04,3.033262487355198e-03,1.717915399126135e-03,1.392990266476001e-05,0.000000000000000e+00
5.610404581702265e+00,0.000000000000000e+00,7.380399839615325e-04,2.943268773162898e-03,1.664538522938110e-03,1.350528764787804e-05,0.000000000000000e+00
5.767906725306101e+00,0.000000000000000e+00,7.146318926975274e-04,2.855766268999338e-03,1.612659790806405e-03,1.309253779744865e-05,0.000000000000000e+00
5.929830461841170e+00,0.000000000000000e+00,6.918844930785032e-04,2.770687354516917e-03,1.562238718926890e-03,1.269133103227840e-05,0.000000000000000e+00
6.096299919675517e+00,0.000000000000000e+00,6.697800347485207e-04,2.687966244805331e-03,1.513235909918244e-03,1.230135389900827e-05,0.000000000000000e+00
6.267442711860664e+00,0.000000000000000e+00,6.483012452781170e-04,2.607538939445827e-03,1.465613021706933e-03,1.192230132857996e-05,0.000000000000000e+00
6.443390033957850e+00,0.000000000000000e+00,6.274313163227301e-04,2.529343172977000e-03,1.419332737245947e-03,1.155387639985545e-05,0.000000000000000e+00
6.624276764610711e+00,0.000000000000000e+00,6.071538901248702e-04,2.453318366744462e-03,1.374358735052794e-03,1.119579011035090e-05,0.000000000000000e+00
6.810241568941224e+00,0.000000000000000e+00,5.874530463510626e-04,2.379405582109534e-03,1.330655660554301e-03,1.084776115407511e-05,0.000000000000000e+00
7.001427004848384e+00,0.000000000000000e+00,5.683132892550670e-04,2.307547474994983e-03,1.288189098227740e-03,1.050951570649337e-05,0.000000000000000e+00
7.197979632290954e+00,0.000000000000000e+00,5.497195351594745e-04,2.237688251749196e-03,1.246925544530234e-03,1.018078721667528e-05,0.000000000000000e+00
7.400050125638264e+00,0.000000000000000e+00,5.316571002483418e-04,2.169773626313853e-03,1.206832381610891e-03,9.861316206726973e-06,0.000000000000000e+00
7.607793389174925e+00,0.000000000000000e+00,5.141116886642073e-04,2.103750778684535e-03,1.167877851803109e-03,9.550850078659591e-06,0.000000000000000e+00
7.821368675848205e+00,0.000000000000000e+00,4.970693809034763e-04,2.039568314658500e-03,1.130031032897642e-03,9.249142928905064e-06,0.000000000000000e+00
8.040939709349024e+00,0.000000000000000e+00,4.805166225049220e-04,1.977176226869747e-03,1.093261814200865e-03,8.955955370762913e-06,0.000000000000000e+00
8.266674809620067e+00,0.000000000000000e+00,4.644402130268676e-04,1.916525857118386e-03,1.057540873386951e-03,8.671054365150081e-06,0.000000000000000e+00
8.498747021887501e+00,0.000000000000000e+00,4.488272953094689e-04,1.857569860005826e-03,1.022839654157676e-03,8.394213060134302e-06,0.000000000000000e+00
8.737334249314845e+00,0.000000000000000e+00,4.336653450195378e-04,1.800262167006632e-03,9.891303447296981e-04,8.125210639869224e-06,0.000000000000000e+00
8.982619389380959e+00,0.000000000000000e+00,4.189421604763881e-04,1.744557949055360e-03,9.563858571737412e-04,7.863832183722900e-06,0.000000000000000e+00
9.234790474086516e+00,0.000000000000000e+00,4.046458527584133e-04,1.690413581001167e-03,9.245798074905742e-04,7.609868531665857e-06,0.000000000000000e+00
9.494040814096683e+00,0.000000000000000e+00,3.907648360914393e-04,1.637786609494635e-03,8.936864956112928e-04,7.363115916240766e-06,0.000000000000000e+00
9.760569146930186e+00,0.000000000000000e+00,3.772878185214451e-04,1.586635722221360e-03,8.636808856916800e-04,7.123375663890630e-06,0.000000000000000e+00
1.003457978930861e+01,0.000000000000000e+00,3.642037928759407e-04,1.536920718383960e-03,8.345385878500775e-04,6.890454382915933e-06,0.000000000000000e+00
1.031628279378254e+01,0.000000000000000e+00,3.515020280202887e-04,1.488602480987319e-03,8.062358410801673e-04,6.664163870444714e-06,0.000000000000000e+00
1.060589410975490e+01,0.000000000000000e+00,3.391720604174994e-04,1.441642950414859e-03,7.787494976517410e-04,6.444321022789452e-06,0.000000000000000e+00
1.090363574902450e+01,0.000000000000000e+00,3.272036860026769e-04,1.396005100074546e-03,7.520570087585093e-04,6.230747741197386e-06,0.000000000000000e+00
1.120973595597710e+01,0.000000000000000e+00,3.155869523863261e-04,1.351652915861002e-03,7.261364114927158e-04,6.023270919456428e-06,0.000000000000000e+00
1.152442938255414e+01,0.000000000000000e+00,3.043121514043378e-04,1.308551382510795e-03,7.009663178903093e-04,5.821722495107254e-06,0.000000000000000e+00
1.184795726813358e+01,0.000000000000000e+00,2.933698120367025e-04,1.266666502861382e-03,6.765259060388839e-04,5.625939309828306e-06,0.000000000000000e+00
1.218056762446041e+01,0.000000000000000e+00,2.827506937221299e-04,1.225965324869377e-03,6.527949158167504e-04,5.435763547698079e-06,0.000000000000000e+00
1.252251542576887e+01,0.000000000000000e+00,2.724457801018698e-04,1.186415920624174e-03,6.297536589714448e-04,5.251044316794291e-06,0.000000000000000e+00
1.287406280424196e+01,0.000000000000000e+00,2.624462732335894e-04,1.147987350091733e-03,6.073830607602981e-04,5.071641703425361e-06,0.000000000000000e+00
1.323547925095806e+01,0.000000000000000e+00,2.527435881869978e-04,1.110649621541969e-03,5.856647171390243e-04,4.897422424699717e-06,0.000000000000000e+00
1.360704182247897e+01,0.000000000000000e+00,2.433293466165582e-04,1.074373656269338e-03,5.645808991883587e-04,4.728256787780663e-06,0.000000000000000e+00
1.398903535323736e+01,0.000000000000000e+00,2.341953694521861e-04,1.039131256665106e-03,5.441156760667679e-04,4.564018574332973e-06,0.000000000000000e+00
1.438175267388670e+01,0.000000000000000e+00,2.253336710563534e-04,1.004895070691630e-03,5.242535510028062e-04,4.404584923158789e-06,0.000000000000000e+00
1.478549483578086e+01,0.000000000000000e+00,2.167364546788210e-04,9.716385594951603e-04,5.049765131877678e-04,4.249836052498361e-06,0.000000000000000e+00
1.520057134175583e+01,0.000000000000000e+00,2.083961090561174e-04,9.393359734346243e-04,4.862693012417388e-04,4.099656211813721e-06,0.000000000000000e+00
1.562730038338997e+01,0.000000000000000e+00,2.003052047351657e-04,9.079671145863787e-04,4.681172005388822e-04,3.953932525118806e-06,0.000000000000000e+00
1.606600908492507e+01,0.000000000000000e+00,1.924564936931707e-04,8.775085014414175e-04,4.505060018886820e-04,3.812553994520479e-06,0.000000000000000e+00
1.651703375403487e+01,0.000000000000000e+00,1.848429066104099e-04,8.479308923094063e-04,4.334219639691456e-04,3.675414429610239e-06,0.000000000000000e+00
1.698072013963384e+01,0.000000000000000e+00,1.774575566077238e-04,8.192110545574223e-04,4.168518072939518e-04,3.542409202007543e-06,0.000000000000000e+00
1.745742369692306e+01,0.000000000000000e+00,1.702937422816204e-04,7.913266797237451e-04,4.007878427242161e-04,3.413437162198098e-06,0.000000000000000e+00
1.794750985987706e+01,0.000000000000000e+00,1.633449652704317e-04,7.642560291290216e-04,3.852137433298458e-04,3.288399483074935e-06,0.000000000000000e+00
1.845135432138004e+01,0.000000000000000e+00,1.566049794862948e-04,7.379778961763271e-04,3.701159660308660e-04,3.167199953336360e-06,0.000000000000000e+00
1.896934332122673e+01,0.000000000000000e+00,1.500678185692620e-04,7.124716016155931e-04,3.554827997900024e-04,3.049744692973646e-06,0.000000000000000e+00
1.950187394220805e+01,0.000000000000000e+00,1.437278005140967e-04,6.877168441740282e-04,3.413029614887045e-04,2.935942654991948e-06,0.000000000000000e+00
2.004935441450900e+01,0.000000000000000e+00,1.375795355729521e-04,6.636936246220614e-04,3.275653871234589e-04,2.825703999367348e-06,1.634042716026306e-05
2.061220442865185e+01,0.000000000000000e+00,1.316179056964453e-04,6.403820908560021e-04,3.142593137844258e-04,2.718941627494329e-06,1.634042716026306e-05
2.119085545722493e+01,0.000000000000000e+00,1.258380636488263e-04,6.177622660527434e-04,3.013744509614209e-04,2.615569442225567e-06,1.634042716026306e-05
2.178575108564311e+01,0.000000000000000e+00,1.202354243058378e-04,5.958136188608891e-04,2.889006317991604e-04,2.515501168893257e-06,1.634042716026306e-05
2.239734735219388e+01,0.000000000000000e+00,1.148056435157315e-04,5.745143024163998e-04,2.768284016443245e-04,2.418646913287707e-06,1.634042716026306e-05
2.302611309762969e+01,0.000000000000000e+00,1.095446166022185e-04,5.538394419523335e-04,2.651473125217882e-04,2.324914807754742e-06,1.634042716026306e-05
2.367253032457425e+01,0.000000000000000e+00,1.044484628578404e-04,5.337561350561856e-04,2.538479575053989e-04,2.234216451056224e-06,1.634042716026306e-05
2.433709456701896e+01,0.000000000000000e+00,9.951350681216864e-05,5.142047930144291e-04,2.429235722061289e-04,2.146464897253872e-06,1.634042716026306e-05
2.502031527019180e+01,0.000000000000000e+00,9.473629131664768e-05,4.949488899780590e-04,2.323627619854242e-04,2.061575210832047e-06,1.634042716026306e-05
2.572271618109075e+01,0.000000000000000e+00,9.011352547479284e-05,4.751435133026417e-04,2.221556071100639e-04,1.979466593668289e-06,1.634042716026306e-05
2.644483574998032e+01,0.000000000000000e+00,8.564210856936386e-05,4.576411360000752e-04,2.122934197973494e-04,1.900058304923862e-06,1.634042716026306e-05
2.718722754315997e+01,0.000000000000000e+00,8.131911274227585e-05,4.406821284221691e-04,2.027671095759860e-04,1.823273137998598e-06,1.634042716026306e-05
2.795046066731975e+01,7.304744778656122e-05,7.714173505016423e-05,4.242519541475024e-04,1.935714434772464e-04,1.749035003840326e-06,1.634042716026306e-05
2.873512020580926e+01,6.389757825631162e-04,7.750024752218122e-05,4.083363628053751e-04,1.846977805509752e-04,1.677271500063204e-06,1.634042716026306e-05
2.954180766715374e+01,1.008356751790223e-03,9.216085318444569e-05,3.929214217681630e-04,1.761342596720958e-04,1.607907665859959e-06,1.634042716026306e-05
3.037114144616211e+01,1.871472152267260e-03,1.528962116472783e-04,3.779934855898640e-04,1.678731536464311e-04,1.540877405212600e-06,1.634042716026306e-05
3.122375729797907e+01,2.354340441565021e-03,1.958449916319793e-04,3.635391853875452e-04,1.599062907012542e-04,1.476111327803149e-06,1.634042716026306e-05
3.210030882544589e+01,2.866256946599118e-03,3.159256619865934e-04,3.495511686902312e-04,1.522254383371274e-04,1.413543860385656e-06,1.634042716026306e-05
3.300146798014252e+01,3.966068346869853e-03,3.906572792524248e-04,3.360164016761379e-04,1.448234493308873e-04,1.353110739301479e-06,1.634042716026306e-05
3.392792557749618e+01,4.549513342351681e-03,5.794862667357161e-04,3.229158817481356e-04,1.376960172357821e-04,1.294749142204074e-06,1.634042716026306e-05
3.488039182635015e+01,5.152896198129622e-03,6.910882655216759e-04,3.102367687374210e-04,1.308328417794583e-04,1.238398498802584e-06,1.634042716026306e-05
3.585959687339954e+01,5.774706149340070e-03,8.162612922974163e-04,2.979661554417123e-04,1.242268930546385e-04,1.183999822167343e-06,1.634042716026306e-05
3.686629136291113e+01,6.413620364382628e-03,9.542927557422133e-04,2.860908443025346e-04,1.178701636490436e-04,1.131495253989803e-06,1.634042716026306e-05
3.790124701215601e+01,7.068470639651642e-03,1.107288687462694e-03,2.745967115092545e-04,1.117608060416673e-04,1.080829323901968e-06,1.634042716026306e-05
3.896525720299717e+01,7.738217558140689e-03,1.274708037277754e-03,2.634679548737672e-04,1.058874301939140e-04,1.031947254328359e-06,1.634042716026306e-05
4.005913759008412e+01,8.421930598707737e-03,1.456602133131564e-03,2.526846282054750e-04,1.002421976293952e-04,9.847960916398811e-07,1.634042716026306e-05
4.118372672612204e+01,9.118771900011093e-03,1.654651575334105e-03,2.422165831708072e-04,9.481841830673960e-05,9.393248371741644e-07,1.634042716026306e-05
4.233988670469363e+01,9.827983384058478e-03,1.868804408421750e-03,2.319967927499792e-04,8.961207599383515e-05,8.954828892022887e-07,1.634042716026306e-05
4.352850382112795e+01,9.827983384058478e-03,2.099196302103338e-03,2.216443967894999e-04,8.461571198531225e-05,8.532220970824227e-07,1.634042716026306e-05
4.475048925192112e+01,1.054887608178996e-02,2.346576582363302e-03,2.102816895992803e-04,7.982217016102570e-05,8.124953110786234e-07,1.634042716026306e-05
4.600677975323110e+01,1.128082120719672e-02,2.344607647763358e-03,2.014196861695964e-04,7.522700889714362e-05,7.732555276325676e-07,1.634042716026306e-05
4.729833837898086e+01,1.128082120719672e-02,2.610592125330042e-03,1.928691793407214e-04,7.082923886335296e-05,7.354597394456489e-07,1.634042716026306e-05
4.862615521912196e+01,1.202324313908162e-02,2.893113710285607e-03,1.846094406259044e-04,6.661673672868943e-05,6.990631655740944e-07,1.634042716026306e-05
4.999124815862275e+01,1.202324313908162e-02,2.891438095612883e-03,1.766279378266813e-04,6.258474406211311e-05,6.640247246678956e-07,1.634042716026306e-05
5.139466365776417e+01,1.277561292817250e-02,3.192177988615259e-03,1.689106140679910e-04,5.872904879885173e-05,6.303032282993604e-07,1.634042716026306e-05
5.283747755434059e+01,1.277561292817250e-02,3.190684916362739e-03,1.614373147746134e-04,5.504196865616282e-05,5.978589988975924e-07,1.634042716026306e-05
5.432079588838189e+01,1.353744327975062e-02,3.510436439617938e-03,1.541682672176817e-04,5.152100939989723e-05,5.666536296480641e-07,1.634042716026306e-05
5.584575575002715e+01,1.353744327975062e-02,3.509116446044712e-03,1.469466406135512e-04,4.816135920193367e-05,5.366496633653464e-07,1.634042716026306e-05
5.741352615120146e+01,1.353744327975062e-02,3.507878942958803e-03,1.384292423109626e-04,4.495727949018764e-05,5.078110950403195e-07,1.634042716026306e-05
5.902530892176347e+01,1.353744327975062e-02,3.506722497985143e-03,1.321488459221889e-04,4.190714579615455e-05,4.801027971744684e-07,1.634042716026306e-05
6.068233963081007e+01,1.392286345695908e-02,3.666524609206366e-03,1.260977935076630e-04,3.900135913603044e-05,4.534906225523569e-07,1.634042716026306e-05
6.238588853384636e+01,1.392286345695908e-02,3.665521817016293e-03,1.202488117340011e-04,3.623954384297207e-05,4.279417895848125e-07,1.634042716026306e-05
6.413726154654439e+01,1.392286345695908e-02,3.664591149969420e-03,1.145713995612077e-04,3.361435262172144e-05,4.034244010967617e-07,1.634042716026306e-05
6.593780124583938e+01,1.392286345695908e-02,3.663731271439362e-03,1.089577726833726e-04,3.112371537006442e-05,3.799074730484843e-07,1.634042716026306e-05
6.778888789912891e+01,1.392286345695908e-02,3.662939819260687e-03,1.021552387184292e-04,2.876283212385278e-05,3.573612143601582e-07,1.634042716026306e-05
6.969194052236655e+01,1.392286345695908e-02,3.662213135354641e-03,9.726577942868347e-05,2.653060984951421e-05,3.357581239215696e-07,1.634042716026306e-05
7.164841796785826e+01,1.392286345695908e-02,3.661549563423008e-03,9.254576767871906e-05,2.441852291899119e-05,3.150663907683637e-07,1.634042716026306e-05
7.365982004259745e+01,1.392286345695908e-02,3.660946416807748e-03,8.795484769308460e-05,2.242375724834515e-05,2.952628411846873e-07,1.634042716026306e-05
7.572768865799449e+01,1.392286345695908e-02,3.660400782421230e-03,8.314700248840821e-05,2.054279990280742e-05,2.763202453067252e-07,1.634042716026306e-05
7.785360901188442e+01,1.353744327975062e-02,3.499028259334052e-03,7.798979441657446e-05,1.877622747415429e-05,2.582133477031035e-07,1.634042716026306e-05
8.003921080371568e+01,1.353744327975062e-02,3.498589132609422e-03,7.406140758349825e-05,1.711765786830717e-05,2.409179367558510e-07,1.634042716026306e-05
8.228616948385432e+01,1.353744327975062e-02,3.498199345705866e-03,7.021234063608954e-05,1.556095011041099e-05,2.244106757164506e-07,1.634042716026306e-05
8.459620753795903e+01,1.353744327975062e-02,3.176698625472684e-03,6.539529517835457e-05,1.410227681494668e-05,2.086689330463712e-07,1.634042716026306e-05
8.697109580741444e+01,1.277561292817250e-02,3.176398249127081e-03,6.201833201591639e-05,1.274276990770461e-05,1.936708950867745e-07,1.634042716026306e-05
8.941265484683156e+01,1.277561292817250e-02,3.176138006092390e-03,5.869819834402444e-05,1.147806899599067e-05,1.793955847119940e-07,1.634042716026306e-05
9.192275631965870e+01,1.202324313908162e-02,2.873591055733070e-03,5.430793187440134e-05,1.030028115179252e-05,1.658227214239205e-07,1.634042716026306e-05
9.450332443297052e+01,1.202324313908162e-02,2.589108480824166e-03,5.142849479245186e-05,9.209046373503400e-06,1.529326534314173e-07,1.634042716026306e-05
9.715633741253812e+01,1.128082120719672e-02,2.588950300598732e-03,4.854331350931058e-05,8.202407832115735e-06,1.407065164184034e-07,1.634042716026306e-05
9.988382901930733e+01,1.128082120719672e-02,2.320967083802414e-03,4.508474602297323e-05,7.274389360969771e-06,1.291260537734780e-07,1.634042716026306e-05
1.026878901084502e+02,1.054887608178996e-02,2.071409981878831e-03,4.244641677354193e-05,6.421164560771325e-06,1.181742023814815e-07,1.634042716026306e-05
1.055706702321841e+02,9.827983384058478e-03,2.071325685905856e-03,3.903453601731746e-05,5.642906271448088e-06,1.078339986221956e-07,1.634042716026306e-05
1.085343792875867e+02,9.118771900011093e-03,1.838691899732215e-03,3.682237992156367e-05,4.932474136572142e-06,9.808998827987105e-08,1.634042716026306e-05
1.115812892106710e+02,9.118771900011093e-03,1.622203658675634e-03,3.403640541102757e-05,4.286944317580047e-06,8.892657071924130e-08,1.634042716026306e-05
1.147137357180187e+02,8.421930598707737e-03,1.421721072261452e-03,3.149750658289490e-05,3.706761701146649e-06,8.032875204454806e-08,1.634042716026306e-05
1.179341200973055e+02,7.738217558140689e-03,1.237291758285131e-03,2.913842042268532e-05,3.183274019162989e-06,7.228193280860022e-08,1.634042716026306e-05
1.212449110480932e+02,7.068470639651642e-03,1.067230935850183e-03,2.722765828484667e-05,2.715838284131373e-06,6.477169670474792e-08,1.634042716026306e-05
1.246486465742996e+02,6.413620364382628e-03,9.114832421885623e-04,2.462897711880728e-05,2.300343352076512e-06,5.778383578244156e-08,1.634042716026306e-05
1.281479359297943e+02,5.774706149340070e-03,7.705858999242303e-04,2.274352107891270e-05,1.932397508922480e-06,5.130366662562464e-08,1.634042716026306e-05
1.317454616186150e+02,5.152896198129622e-03,5.277274738743721e-04,2.079708619681182e-05,1.608889516169849e-06,4.531573969284015e-08,1.634042716026306e-05
1.354439814513350e+02,4.549513342351681e-03,4.253632412217815e-04,1.896021497099078e-05,1.326440757001421e-06,3.979895907513027e-08,1.634042716026306e-05
1.392463306591618e+02,3.404304252147156e-03,3.356640471251933e-04,1.742841383311257e-05,1.079992514809570e-06,3.472810127467645e-08,1.634042716026306e-05
1.431554240673831e+02,2.866256946599118e-03,1.905131964438576e-04,1.538990462272159e-05,8.701301909485458e-07,3.007871674746374e-08,1.634042716026306e-05
1.471742583298293e+02,2.354340441565021e-03,1.340076787565450e-04,1.412311910450210e-05,6.894869701465355e-07,2.582704897830568e-08,1.634042716026306e-05
1.513059142260642e+02,1.421266753557935e-03,5.062977027551690e-05,1.233717755815600e-05,5.372162744142550e-07,2.195023539016139e-08,1.634042716026306e-05
1.555535590230661e+02,1.008356751790223e-03,2.294739774370984e-05,1.117674853453818e-05,4.117254736439466e-07,1.842666014055349e-08,1.634042716026306e-05
1.599204489032082e+02,3.221769081653995e-04,0.000000000000000e+00,9.765011010344948e-06,3.080975337645449e-07,1.523502070321276e-08,1.634042716026306e-05
1.644099314604004e+02,7.304744778656122e-05,0.000000000000000e+00,8.266221901054160e-06,2.242674146856370e-07,1.235531841257250e-08,1.634042716026306e-05
1.690254482663057e+02,0.000000000000000e+00,0.000000000000000e+00,7.543487527191296e-06,1.580102209977289e-07,9.768738993002152e-09,1.634042716026306e-05
1.737705375085979e+02,0.000000000000000e+00,0.000000000000000e+00,6.340835692160342e-06,1.071712629482355e-07,7.457130727343895e-09,1.634042716026306e-05
1.786488367032865e+02,0.000000000000000e+00,0.000000000000000e+00,5.222991535854798e-06,6.951478641163743e-08,5.403896643341610e-09,1.634042716026306e-05
1.836640854831814e+02,0.000000000000000e+00,0.000000000000000e+00,4.206135382456833e-06,4.239670711024098e-08,3.593695884085368e-09,1.634042716026306e-05
1.888201284646422e+02,0.000000000000000e+00,0.000000000000000e+00,3.641596761778793e-06,2.381679347054815e-08,2.012884235131603e-09,1.634042716026306e-05
1.941209181948028e+02,0.000000000000000e+00,0.000000000000000e+00,2.963785115451182e-06,1.205477127538579e-08,6.497479847793790e-10,1.634042716026306e-05
1.995705181815384e+02,0.000000000000000e+00,0.000000000000000e+00,2.264596070906805e-06,5.256028860683150e-09,1.979604653005686e-10,1.634042716026306e-05
2.051731060084904e+02,0.000000000000000e+00,0.000000000000000e+00,1.660251533043189e-06,1.816487554367007e-09,9.257250288412422e-11,1.634042716026306e-05
2.109329765375410e+02,0.000000000000000e+00,0.000000000000000e+00,1.156919185181823e-06,4.215832661765407e-10,3.424632337993506e-11,1.634042716026306e-05
2.168545452011899e+02,0.000000000000000e+00,0.000000000000000e+00,7.233370177901410e-07,6.685765567050818e-11,8.217539206441391e-12,1.634042716026306e-05
2.229423513873632e+02,0.000000000000000e+00,0.000000000000000e+00,3.327599518969419e-07,7.605498834496690e-12,0.000000000000000e+00,1.634042716026306e-05
2.292010619192400e+02,0.000000000000000e+00,0.000000000000000e+00,1.717346036830749e-07,0.000000000000000e+00,0.000000000000000e+00,0.000000000000000e+00
2.356354746327712e+02,0.000000000000000e+00,0.000000000000000e+00,7.087786839031287e-08,0.000000000000000e+00,0.000000000000000e+00,0.000000000000000e+00
2.422505220546290e+02,0.000000000000000e+00,0.000000000000000e+00,2.684795495999700e-09,0.000000000000000e+00,0.000000000000000e+00,0.000000000000000e+00
2.490512751834124e+02,0.000000000000000e+00,0.000000000000000e+00,0.000000000000000e+00,0.000000000000000e+00,0.000000000000000e+00,0.000000000000000e+00
2.560429473769987e+02,0.000000000000000e+00,0.000000000000000e+00,0.000000000000000e+00,0.000000000000000e+00,0.000000000000000e+00,0.000000000000000e+00
2.632308983490275e+02,0.000000000000000e+00,0.000000000000000e+00,0.000000000000000e+00,0.000000000000000e+00,0.000000000000000e+00,0.000000000000000e+00
2.706206382775799e+02,0.000000000000000e+00,0.000000000000000e+00,0.000000000000000e+00,0.000000000000000e+00,0.000000000000000e+00,0.000000000000000e+00
2.782178320291978e+02,0.000000000000000e+00,0.000000000000000e+00,0.000000000000000e+00,0.000000000000000e+00,0.000000000000000e+00,0.000000000000000e+00
2.860283035014915e+02,0.000000000000000e+00,0.000000000000000e+00,0.000000000000000e+00,0.000000000000000e+00,0.000000000000000e+00,0.000000000000000e+00
2.940580400876513e+02,0.000000000000000e+00,0.000000000000000e+00,0.000000000000000e+00,0.000000000000000e+00,0.000000000000000e+00,0.000000000000000e+00
3.023131972662979e+02,0.000000000000000e+00,0.000000000000000e+00,0.000000000000000e+00,0.000000000000000e+00,0.000000000000000e+00,0.000000000000000e+00
3.108001033201791e+02,0.000000000000000e+00,0.000000000000000e+00,0.000000000000000e+00,0.000000000000000e+00,0.000000000000000e+00,0.000000000000000e+00
3.195252641873424e+02,0.000000000000000e+00,0.000000000000000e+00,0.000000000000000e+00,0.000000000000000e+00,0.000000000000000e+00,0.000000000000000e+00
3.284953684484898e+02,0.000000000000000e+00,0.000000000000000e+00,0.000000000000000e+00,0.000000000000000e+00,0.000000000000000e+00,0.000000000000000e+00
3.377172924543473e+02,0.000000000000000e+00,0.000000000000000e+00,0.000000000000000e+00,0.000000000000000e+00,0.000000000000000e+00,0.000000000000000e+00
3.471981055969719e+02,0.000000000000000e+00,0.000000000000000e+00,0.000000000000000e+00,0.000000000000000e+00,0.000000000000000e+00,0.000000000000000e+00
3.569450757290479e+02,0.000000000000000e+00,0.000000000000000e+00,0.000000000000000e+00,0.000000000000000e+00,0.000000000000000e+00,0.000000000000000e+00
3.669656747353143e+02,0.000000000000000e+00,0.000000000000000e+00,0.000000000000000e+00,0.000000000000000e+00,0.000000000000000e+00,0.000000000000000e+00
3.772675842604039e+02,0.000000000000000e+00,0.000000000000000e+00,0.000000000000000e+00,0.000000000000000e+00,0.000000000000000e+00,0.000000000000000e+00
3.878587015974758e+02,0.000000000000000e+00,0.000000000000000e+00,0.000000000000000e+00,0.000000000000000e+00,0.000000000000000e+00,0.000000000000000e+00
3.987471457421703e+02,0.000000000000000e+00,0.000000000000000e+00,0.000000000000000e+00,0.000000000000000e+00,0.000000000000000e+00,0.000000000000000e+00
4.099412636165087e+02,0.000000000000000e+00,0.000000000000000e+00,0.000000000000000e+00,0.000000000000000e+00,0.000000000000000e+00,0.000000000000000e+00
4.214496364675234e+02,0.000000000000000e+00,0.000000000000000e+00,0.000000000000000e+00,0.000000000000000e+00,0.000000000000000e+00,0.000000000000000e+00
4.332810864455127e+02,0.000000000000000e+00,0.000000000000000e+00,0.000000000000000e+00,0.000000000000000e+00,0.000000000000000e+00,0.000000000000000e+00
4.454446833669779e+02,0.000000000000000e+00,0.000000000000000e+00,0.000000000000000e+00,0.000000000000000e+00,0.000000000000000e+00,0.000000000000000e+00
4.579497516674077e+02,0.000000000000000e+00,0.000000000000000e+00,0.000000000000000e+00,0.000000000000000e+00,0.000000000000000e+00,0.000000000000000e+00
4.708058775492557e+02,0.000000000000000e+00,0.000000000000000e+00,0.000000000000000e+00,0.000000000000000e+00,0.000000000000000e+00,0.000000000000000e+00
4.840229163305837e+02,0.000000000000000e+00,0.000000000000000e+00,0.000000000000000e+00,0.000000000000000e+00,0.000000000000000e+00,0.000000000000000e+00
4.976110000000000e+02,0.000000000000000e+00,0.000000000000000e+00,0.000000000000000e+00,0.000000000000000e+00,0.000000000000000e+00,0.000000000000000e+00
