# energy,pi_pi_pi0,pi0_a,pi_pi,eta_a,e_e,mu_mu
7.826599999999999e-04,4.892769199434806e+01,0.000000000000000e+00,9.380831318537685e-01,6.200606764014865e-03,5.995336779513688e-03,4.759023094263508e-03
8.046317893634648e-04,4.759161512962776e+01,0.000000000000000e+00,9.124668692030521e-01,6.031289036893514e-03,5.831623934264943e-03,4.629068626092804e-03
8.272203976876954e-04,4.629202203283772e+01,0.000000000000000e+00,8.875501005757537e-01,5.866594807731084e-03,5.672381536492251e-03,4.502662777603117e-03
8.504431410694390e-04,4.502791645491859e+01,0.000000000000000e+00,8.633137251414895e-01,5.706397824340414e-03,5.517487513302653e-03,4.379708647919886e-03
8.743178217241059e-04,4.379832935102365e+01,0.000000000000000e+00,8.397391636493454e-01,5.550575282057151e-03,5.366823125203517e-03,4.260111982205674e-03
8.988627416326808e-04,4.260231813766375e+01,0.000000000000000e+00,8.168083441852952e-01,5.399007729599536e-03,5.220272875078634e-03,4.143781099405833e-03
9.240967165717607e-04,4.143896597013610e+01,0.000000000000000e+00,7.945036883185355e-01,5.251578977498742e-03,5.077724419649767e-03,4.030626821967124e-03
9.500390905374470e-04,4.030738103968498e+01,0.000000000000000e+00,7.728080976261191e-01,5.108176009029798e-03,4.939068483355982e-03,3.920562407475517e-03
9.767097505741769e-04,3.920669588985374e+01,0.000000000000000e+00,7.517049405855508e-01,4.968688893574541e-03,4.804198774584561e-03,3.813503482160715e-03
1.004129142019834e-03,3.813606675150580e+01,0.000000000000000e+00,7.311780398253105e-01,4.833010702350493e-03,4.673011904189443e-03,3.709367976216480e-03
1.032318284178852e-03,3.709467289600322e+01,0.000000000000000e+00,7.112116597235109e-01,4.701037426440745e-03,4.545407306234580e-03,3.608076060887086e-03
1.061298786435299e-03,3.608171600604840e+01,0.000000000000000e+00,6.917904943452063e-01,4.572667897062305e-03,4.421287160901601e-03,3.509550087271798e-03
1.091092864818323e-03,3.509641956370544e+01,0.000000000000000e+00,6.728996557090801e-01,4.447803708011541e-03,4.300556319502527e-03,3.413714526800327e-03
1.121723359032627e-03,3.413802825513317e+01,0.000000000000000e+00,6.545246623745423e-01,4.326349140227467e-03,4.183122231540227e-03,3.320495913333762e-03
1.153213749967061e-03,3.320580739157233e+01,0.000000000000000e+00,6.366514283404634e-01,4.208211088414865e-03,4.068894873760508e-03,3.229822786846477e-03
1.185588177694717e-03,3.229904234614408e+01,0.000000000000000e+00,6.192662522470572e-01,4.093298989671173e-03,3.957786681141656e-03,3.141625638645945e-03
1.218871459978369e-03,3.141703800602738e+01,0.000000000000000e+00,6.023558068726146e-01,3.981524754062250e-03,3.849712479768326e-03,3.055836858088368e-03
1.253089111295395e-03,3.055911823959580e+01,0.000000000000000e+00,5.859071289170531e-01,3.872802697093956e-03,3.744589421538499e-03,2.972390680749365e-03
1.288267362396810e-03,2.972462537810474e+01,0.000000000000000e+00,5.699076090644382e-01,3.767049474027636e-03,3.642336920653323e-03,2.891223138009915e-03
1.324433180415375e-03,2.891291971153226e+01,0.000000000000000e+00,5.543449823168677e-01,3.664184015989290e-03,3.542876591841209e-03,2.812272008018947e-03
1.361614289538200e-03,2.812337899818688e+01,0.000000000000000e+00,5.392073185923050e-01,3.564127467823351e-03,3.446132190268856e-03,2.735476767994998e-03
1.399839192259710e-03,2.735539798770590e+01,0.000000000000000e+00,5.244830135791493e-01,3.466803127643471e-03,3.352029553093046e-03,2.660778547830303e-03
1.439137191231234e-03,2.660838795707965e+01,0.000000000000000e+00,5.101607798405434e-01,3.372136388033988e-03,3.260496542608520e-03,2.588120084961867e-03
1.479538411723992e-03,2.588177625934473e+01,0.000000000000000e+00,4.962296381615870e-01,3.280054678856959e-03,3.171462990948243e-03,2.517445680474790e-03
1.521073824722682e-03,2.517500588460151e+01,0.000000000000000e+00,4.826789091328338e-01,3.190487411620967e-03,3.084860646293769e-03,2.448701156404316e-03
1.563775270667393e-03,2.448753503301826e+01,0.000000000000000e+00,4.694982049636097e-01,3.103365925369001e-03,3.000623120554372e-03,2.381833814203782e-03
1.607675483862010e-03,2.381883669949550e+01,0.000000000000000e+00,4.566774215188873e-01,3.018623434043989e-03,2.918685838474927e-03,2.316792394346699e-03
1.652808117567863e-03,2.316839826967145e+01,0.000000000000000e+00,4.442067305736002e-01,2.936194975291567e-03,2.838985988133443e-03,2.253527037031927e-03
1.699207769801816e-03,2.253572112695948e+01,0.000000000000000e+00,4.320765722784734e-01,2.856017360660899e-03,2.761462472790386e-03,2.191989243961906e-03
1.746910009858609e-03,2.192032027031582e+01,0.000000000000000e+00,4.202776478315789e-01,2.778029127165321e-03,2.686055864052785e-03,2.132131841164548e-03
1.795951405577748e-03,2.132172394244498e+01,0.000000000000000e+00,4.088009123500138e-01,2.702170490165741e-03,2.612708356317327e-03,2.073908942830377e-03
1.846369551375890e-03,2.073947326815734e+01,0.000000000000000e+00,3.976375679362218e-01,2.628383297540576e-03,2.541363722457392e-03,2.017275916137125e-03
1.898203097066158e-03,2.017312190260234e+01,0.000000000000000e+00,3.867790569336569e-01,2.556610985107214e-03,2.471967270720194e-03,1.962189347034877e-03
1.951491777486539e-03,1.962223568910684e+01,0.000000000000000e+00,3.762170553666059e-01,2.486798533260717e-03,2.404465802800852e-03,1.908607006965480e-03
2.006276442960011e-03,1.908639232635718e+01,0.000000000000000e+00,3.659434665591538e-01,2.418892424796617e-03,2.338807573061379e-03,1.856487820490761e-03
2.062599090609818e-03,1.856518104466896e+01,0.000000000000000e+00,3.559504149283867e-01,2.352840603885396e-03,2.274942248863203e-03,1.805791833804693e-03
2.120502896553848e-03,1.805820229109715e+01,0.000000000000000e+00,3.462302399470882e-01,2.288592436167247e-03,2.212820871982918e-03,1.756480184105383e-03
2.180032249002803e-03,1.756506742314459e+01,0.000000000000000e+00,3.367754902712899e-01,2.226098669936526e-03,2.152395821081631e-03,1.708515069803432e-03
2.241232782287563e-03,1.708539841083438e+01,0.000000000000000e+00,3.275789180281809e-01,2.165311398386110e-03,2.093620775199131e-03,1.661859721543780e-03
2.304151411841793e-03,1.661882754691754e+01,0.000000000000000e+00,3.186334732599930e-01,2.106184022882732e-03,2.036450678244916e-03,1.616478374018856e-03
2.368836370166633e-03,1.616499716499410e+01,0.000000000000000e+00,3.099322985196074e-01,2.048671217245157e-03,1.980841704458858e-03,1.572336238551414e-03
2.435337243805014e-03,1.572355936533126e+01,0.000000000000000e+00,3.014687236137366e-01,1.992728892997797e-03,1.926751224815024e-03,1.529399476426057e-03
2.503705011353996e-03,1.529417574816845e+01,0.000000000000000e+00,2.932362604896495e-01,1.938314165573126e-03,1.874137774342869e-03,1.487635172948948e-03
2.573992082544194e-03,1.487651715430519e+01,0.000000000000000e+00,2.852285982615284e-01,1.885385321436998e-03,1.822961020340816e-03,1.447011312215914e-03
2.646252338416334e-03,1.447026341277227e+01,0.000000000000000e+00,2.774395983726325e-01,1.833901786111661e-03,1.773181731457782e-03,1.407496752569497e-03
2.720541172625645e-03,1.407510309539355e+01,0.000000000000000e+00,2.698632898895738e-01,1.783824093071962e-03,1.724761747619010e-03,1.369061202726237e-03
2.796915533905851e-03,1.369073327804950e+01,0.000000000000000e+00,2.624938649250832e-01,1.735113853490877e-03,1.677663950773101e-03,1.331675198555798e-03
2.875433969725212e-03,1.331685930846018e+01,0.000000000000000e+00,2.553256741857729e-01,1.687733726811206e-03,1.631852236437875e-03,1.295310080494215e-03
2.956156671168183e-03,1.295319458030894e+01,0.000000000000000e+00,2.483532226414668e-01,1.641647392120841e-03,1.587291486023183e-03,1.259937971573871e-03
3.039145519076991e-03,1.259946031353435e+01,0.000000000000000e+00,2.415711653127946e-01,1.596819520309693e-03,1.543947539909530e-03,1.225531756053443e-03
3.124464131488613e-03,1.225538534062138e+01,0.000000000000000e+00,2.349743031738052e-01,1.553215746986905e-03,1.501787171261793e-03,1.192065058631353e-03
3.212177912403400e-03,1.192070589872844e+01,0.000000000000000e+00,2.285575791664728e-01,1.510802646137620e-03,1.460778060558028e-03,1.159512224226859e-03
3.302354101922861e-03,1.159516542749055e+01,0.000000000000000e+00,2.223160743240269e-01,1.469547704499084e-03,1.420888770813790e-03,1.127848298313242e-03
3.395061827794919e-03,1.127851437234396e+01,0.000000000000000e+00,2.162450040001469e-01,1.429419296636450e-03,1.382088723483001e-03,1.097049007788028e-03
3.490372158406234e-03,1.097050999322133e+01,0.000000000000000e+00,2.103397142011213e-01,1.390386660699191e-03,1.344348175016887e-03,1.067090742365587e-03
3.588358157262191e-03,1.067091617847065e+01,0.000000000000000e+00,2.045956780181639e-01,1.352419874839512e-03,1.307638194063009e-03,1.037950536477832e-03
3.689094938996322e-03,1.037950326385553e+01,0.000000000000000e+00,1.990084921571521e-01,1.315489834274692e-03,1.271930639286904e-03,1.009606051669148e-03
3.792659726952080e-03,1.009604785649799e+01,0.000000000000000e+00,1.935738735631254e-01,1.279568228975790e-03,1.237198137799359e-03,9.820355594720607e-04
3.899131912381116e-03,9.820332663628703e+00,0.000000000000000e+00,1.882876561369597e-01,1.244627521965593e-03,1.203414064172749e-03,9.552179247505122e-04
4.008593115303458e-03,9.552146326013586e+00,0.000000000000000e+00,1.831457875416949e-01,1.210640928209172e-03,1.170552520030376e-03,9.291325894979745e-04
4.121127247076236e-03,9.291283255928839e+00,0.000000000000000e+00,1.781443260960732e-01,1.177582394080854e-03,1.138588314193150e-03,9.037595570779796e-04
4.236820574718887e-03,9.037543479560442e+00,0.000000000000000e+00,1.732794377529044e-01,1.145426577391909e-03,1.107496943368399e-03,8.790793768949923e-04
4.355761787044183e-03,8.790732483707179e+00,0.000000000000000e+00,1.685473931599411e-01,1.114148827963591e-03,1.077254573366011e-03,8.550731294838704e-04
4.478042062645806e-03,8.550661066669601e+00,0.000000000000000e+00,1.639445648010113e-01,1.083725168730672e-03,1.047838020827481e-03,8.317224120064746e-04
4.603755139794489e-03,8.317145193210818e+00,0.000000000000000e+00,1.594674242152186e-01,1.054132277360978e-03,1.019224735453894e-03,8.090093241443274e-04
4.732997388296438e-03,8.090005853477743e+00,0.000000000000000e+00,1.551125392920747e-01,1.025347468376824e-03,9.913927827191955e-04,7.869164543764854e-04
4.865867883368982e-03,7.869068925774814e+00,0.000000000000000e+00,1.508765716404944e-01,9.973486757646663e-04,9.643208270555055e-04,7.654268666321268e-04
5.002468481590220e-03,7.654165043084769e+00,0.000000000000000e+00,1.467562740296330e-01,9.701144360596108e-04,9.379881154975778e-04,7.445240873076032e-04
5.142903898980749e-03,7.445129463234446e+00,0.000000000000000e+00,1.427484878996080e-01,9.436238718918438e-04,9.123744617738902e-04,7.241920926380195e-04
5.287281791277462e-03,7.241801942605782e+00,0.000000000000000e+00,1.388501409401918e-01,9.178566759823381e-04,8.874602308321357e-04,7.044152964136483e-04
5.435712836460855e-03,7.044026613295427e+00,0.000000000000000e+00,1.350582447356243e-01,8.927930955755932e-04,8.632263237872823e-04,6.851785380317675e-04
5.588310819599132e-03,6.851651863628701e+00,0.000000000000000e+00,1.313698924737373e-01,8.684139172974621e-04,8.396541632806475e-04,6.664670708747681e-04
5.745192720074180e-03,6.664530221936283e+00,0.000000000000000e+00,1.277822567176348e-01,8.447004524264617e-04,8.167256792387666e-04,6.482665510056121e-04
5.906478801256278e-03,6.482518243504577e+00,0.000000000000000e+00,1.242925872382203e-01,8.216345225672652e-04,7.944232950211359e-04,6.305630261719760e-04
6.072292702696209e-03,6.305476400613113e+00,0.000000000000000e+00,1.208982089059125e-01,7.991984457154160e-04,7.727299139462200e-04,6.133429251106627e-04
6.242761534905533e-03,6.133268975574633e+00,0.000000000000000e+00,1.175965196399297e-01,7.773750227025629e-04,7.516289061853860e-04,5.965930471440678e-04
6.418015976797648e-03,5.965763956695899e+00,0.000000000000000e+00,1.143849884135729e-01,7.561475240118248e-04,7.311040960147193e-04,5.803005520607349e-04
6.598190375864355e-03,5.802832937079444e+00,0.000000000000000e+00,1.112611533139772e-01,7.354996769531890e-04,7.111397494149490e-04,5.644529502722337e-04
6.783422851164659e-03,5.644351016188731e+00,0.000000000000000e+00,1.082226196548459e-01,7.154156531891062e-04,6.917205620099799e-04,5.490380932388270e-04
6.973855399204807e-03,5.490196704101248e+00,0.000000000000000e+00,1.052670581407190e-01,6.958800566007195e-04,6.728316473347839e-04,5.340441641565792e-04
7.169634002790776e-03,5.340251828376078e+00,0.000000000000000e+00,1.023922030813690e-01,6.768779114854202e-04,6.544585254236482e-04,5.194596688987627e-04
7.370908742936499e-03,5.194401443464660e+00,0.000000000000000e+00,9.959585065495659e-02,6.583946510766998e-04,6.365871117100526e-04,5.052734272046331e-04
7.577833913913841e-03,5.052533742595188e+00,0.000000000000000e+00,9.687585721861225e-02,6.404161063774736e-04,6.192037062296389e-04,4.914745641088010e-04
7.790568141532262e-03,4.914539972063209e+00,0.000000000000000e+00,9.423013766515165e-02,6.229284952983395e-04,6.022949831180262e-04,4.780525016046461e-04
8.009274504739110e-03,4.780314347862583e+00,0.000000000000000e+00,9.165666382466235e-02,6.059184120924262e-04,5.858479803953911e-04,4.649969505353688e-04
8.234120660633488e-03,4.649753974593057e+00,0.000000000000000e+00,8.915346290973926e-02,5.893728170787472e-04,5.698500900300105e-04,4.522979027064765e-04
8.465278972989800e-03,4.522758766582105e+00,0.000000000000000e+00,8.671861600317372e-02,5.732790266461691e-04,5.542890482731228e-04,4.399456232136442e-04
8.702926644389264e-03,4.399231371160755e+00,0.000000000000000e+00,8.435025658694019e-02,5.576247035303416e-04,5.391529262577206e-04,4.279306429800816e-04
8.947245852060810e-03,4.279077094034448e+00,0.000000000000000e+00,8.204656911135086e-02,5.423978473561330e-04,5.244301208540562e-04,4.162437514976782e-04
9.198423887535489e-03,4.162203826691770e+00,0.000000000000000e+00,7.980578760328172e-02,5.275867854383168e-04,5.101093457748512e-04,4.048759897663609e-04
9.456653300221446e-03,4.048521975795411e+00,0.000000000000000e+00,7.762619431240310e-02,5.131801638334603e-04,4.961796229233919e-04,3.938186434262553e-04
9.722132045009458e-03,3.937944394501226e+00,0.000000000000000e+00,7.550611839437772e-02,4.991669386361594e-04,4.826302739778838e-04,3.830632360773852e-04
9.995063634022241e-03,3.830386315652755e+00,0.000000000000000e+00,7.344393463001597e-02,4.855363675129428e-04,4.694509122056053e-04,3.726015227817893e-04
1.027565729262388e-02,3.725765286799941e+00,0.000000000000000e+00,7.143806217940631e-02,4.722780014673564e-04,4.566314345005905e-04,3.624254837430728e-04
1.056412811980898e-02,3.624001106992290e+00,0.000000000000000e+00,6.948696337006662e-02,4.593816768299120e-04,4.441620136387341e-04,3.525273181585453e-04
1.086069725309431e-02,3.525015765298004e+00,0.000000000000000e+00,6.758914251818712e-02,4.468375074667714e-04,4.320330907443883e-04,3.428994382392439e-04
1.116559203803969e-02,3.428733381001934e+00,0.000000000000000e+00,6.574314478206084e-02,4.346358772011784e-04,4.202353679626657e-04,3.335344633932418e-04
1.147904620252771e-02,3.335080145436541e+00,0.000000000000000e+00,6.394755504682341e-02,4.227674324418384e-04,4.087598013318416e-04,3.244252145677973e-04
1.180130003593611e-02,3.243984265401244e+00,0.000000000000000e+00,6.220099683964657e-02,4.112230750125932e-04,3.975975938503845e-04,3.155647087459944e-04
1.213260057334014e-02,3.155375908126805e+00,0.000000000000000e+00,6.050213127455429e-02,3.999939551778912e-04,3.867401887333032e-04,3.069461535936658e-04
1.247320178488600e-02,3.069187147742552e+00,0.000000000000000e+00,5.884965602605238e-02,3.890714648587099e-04,3.761792628526412e-04,2.985629422524882e-04
1.282336477048065e-02,2.985351913205397e+00,0.000000000000000e+00,5.724230433078482e-02,3.784472310337291e-04,3.659067203570878e-04,2.904086482752617e-04
1.318335795994719e-02,2.903805937650736e+00,0.000000000000000e+00,5.567884401645138e-02,3.681131093206935e-04,3.559146864658173e-04,2.824770206994889e-04
1.355345731879920e-02,2.824486709126423e+00,0.000000000000000e+00,5.415807655724253e-02,3.580611777330504e-04,3.461955014317974e-04,2.747619792554788e-04
1.393394655979193e-02,2.747333422672012e+00,0.000000000000000e+00,5.267883615506692e-02,3.482837306070694e-04,3.367417146699388e-04,2.672576097053011e-04
1.432511736041229e-02,2.672286933706566e+00,0.000000000000000e+00,5.123998884586779e-02,3.387732726947936e-04,3.275460790455859e-04,2.599581593090175e-04
1.472726958647455e-02,2.599289712689289e+00,0.000000000000000e+00,4.984043163034253e-02,3.295225134182926e-04,3.186015453189694e-04,2.528580324147159e-04
1.514071152199315e-02,2.528285801018213e+00,0.000000000000000e+00,4.847909162839963e-02,3.205243612808113e-04,3.099012567413614e-04,2.459517861689647e-04
1.556576010550862e-02,2.459220768133165e+00,0.000000000000000e+00,4.715492525670456e-02,3.117719184305327e-04,3.014385437987935e-04,2.392341263444019e-04
1.600274117304812e-02,2.392041669790083e+00,0.000000000000000e+00,4.586691742868390e-02,3.032584753727855e-04,2.932069190993041e-04,2.326999032812572e-04
1.645198970790650e-02,2.326697007474743e+00,0.000000000000000e+00,4.461408077637490e-02,2.949775058266438e-04,2.852000723997983e-04,2.263441079396983e-04
1.691385009743965e-02,2.263136688924743e+00,0.000000000000000e+00,4.339545489352363e-02,2.869226617219751e-04,2.774118657687087e-04,2.201618680599738e-04
1.738867639706678e-02,2.201311989729513e+00,0.000000000000000e+00,4.221010559935164e-02,2.790877683331033e-04,2.698363288807460e-04,2.141484444274113e-04
1.787683260168412e-02,2.141175515978893e+00,0.000000000000000e+00,4.105712422242654e-02,2.714668195453534e-04,2.624676544401359e-04,2.082992272394033e-04
1.837869292469810e-02,2.082681167931649e+00,0.000000000000000e+00,3.993562690408781e-02,2.640539732508529e-04,2.553001937288303e-04,2.026097325716009e-04
1.889464208489190e-02,2.025784104676096e+00,0.000000000000000e+00,3.884475392089370e-02,2.568435468700565e-04,2.483284522762825e-04,1.970755989406028e-04
1.942507560134515e-02,1.970440709755704e+00,0.000000000000000e+00,3.778366902556983e-02,2.498300129955640e-04,2.415470856474678e-04,1.916925839605052e-04
1.997040009663319e-02,1.916608557733359e+00,0.000000000000000e+00,3.675155880595414e-02,2.430079951548909e-04,2.349508953459159e-04,1.864565610907520e-04
2.053103360853791e-02,1.864246381668646e+00,0.000000000000000e+00,3.574763206144713e-02,2.363722636889430e-04,2.285348248286212e-04,1.813635164727879e-04
2.110740591050940e-02,1.813314041483219e+00,0.000000000000000e+00,3.477111919648905e-02,2.299177317430361e-04,2.222939556297699e-04,1.764095458530941e-04
2.169995884112406e-02,1.763772493189996e+00,0.000000000000000e+00,3.382127163059911e-02,2.236394513673875e-04,2.162235035903161e-04,1.715908515902440e-04
2.230914664279150e-02,1.715583758962616e+00,0.000000000000000e+00,3.289736122452470e-02,2.175326097240908e-04,2.103188151905161e-04,1.669037397436872e-04
2.293543630997018e-02,1.668710898022191e+00,0.000000000000000e+00,3.199867972206049e-02,2.115925253976642e-04,2.045753639826076e-04,1.623446172420283e-04
2.357930794715853e-02,1.623117978319045e+00,0.000000000000000e+00,3.112453820710954e-02,2.058146448063457e-04,1.989887471209013e-04,1.579099891286314e-04
2.424125513693601e-02,1.578770048987727e+00,0.000000000000000e+00,3.027426657557029e-02,2.001945387113840e-04,1.935546819866238e-04,1.535964558824368e-04
2.492178531833632e-02,1.535633113554194e+00,0.000000000000000e+00,2.944721302164460e-02,1.947278988216498e-04,1.882690029049246e-04,1.494007108119385e-04
2.562142017584275e-02,1.493674103874607e+00,0.000000000000000e+00,2.864274353817287e-02,1.894105344909612e-04,1.831276579515307e-04,1.453195375203223e-04
2.634069603930383e-02,1.452860854785777e+00,0.000000000000000e+00,2.786024143061350e-02,1.842383695055970e-04,1.781267058466009e-04,1.413498074398232e-04
2.708016429507599e-02,1.413162079447819e+00,0.000000000000000e+00,2.709910684429383e-02,1.792074389595299e-04,1.732623129333980e-04,1.374884774334112e-04
2.784039180870827e-02,1.374547345360121e+00,0.000000000000000e+00,2.635875630457032e-02,1.743138862149886e-04,1.685307502394638e-04,1.337325874619667e-04
2.862196135949312e-02,1.336987051032233e+00,0.000000000000000e+00,2.563862226954541e-02,1.695539599460146e-04,1.639283906180436e-04,1.300792583151579e-04
2.942547208721655e-02,1.300452403291794e+00,0.000000000000000e+00,2.493815269499821e-02,1.649240112627513e-04,1.594517059675680e-04,1.265256894042802e-04
3.025153995144986e-02,1.264915395212113e+00,0.000000000000000e+00,2.425681061119543e-02,1.604204909142579e-04,1.550972645270622e-04,1.230691566153658e-04
3.110079820373527e-02,1.230348784642463e+00,0.000000000000000e+00,2.359407371125830e-02,1.560399465677065e-04,1.508617282454083e-04,1.197070102209177e-04
3.197389787302730e-02,1.196726073324646e+00,0.000000000000000e+00,2.294943395076965e-02,1.517790201618728e-04,1.467418502224439e-04,1.164366728486673e-04
3.287150826476203e-02,1.164021486579821e+00,0.000000000000000e+00,2.232239715831457e-02,1.476344453328968e-04,1.427344722199361e-04,1.132556375057987e-04
3.379431747393682e-02,1.132209953550005e+00,0.000000000000000e+00,2.171248265665576e-02,1.436030449103352e-04,1.388365222405221e-04,1.101614656571240e-04
3.474303291259397e-02,1.101267087979126e+00,0.000000000000000e+00,2.111922289425341e-02,1.396817284815893e-04,1.350450121727611e-04,1.071517853557387e-04
3.571838185211233e-02,1.071169169518870e+00,0.000000000000000e+00,2.054216308684702e-02,1.358674900228404e-04,1.313570355004919e-04,1.042242894247210e-04
3.672111198072299e-02,1.041893125545011e+00,0.000000000000000e+00,1.998086086882440e-02,1.321574055946746e-04,1.277697650747397e-04,1.013767336884841e-04
3.775199197667609e-02,1.013416513470276e+00,0.000000000000000e+00,1.943488595411067e-02,1.285486311006352e-04,1.242804509464653e-04,9.860693525242398e-05
3.881181209749835e-02,9.857175035401794e-01,0.000000000000000e+00,1.890381980631722e-02,1.250391453485659e-04,1.208864182584945e-04,9.591277082954387e-05
3.990138478579291e-02,9.587748620986598e-01,0.000000000000000e+00,1.838725531789785e-02,1.216300211017466e-04,1.175850651950116e-04,9.329217511277382e-05
4.102154529204595e-02,9.325679353106626e-01,0.000000000000000e+00,1.788479649806604e-02,1.183154330561695e-04,1.143738609870456e-04,9.074313919173630e-05
4.217315231491753e-02,9.070766333292153e-01,0.000000000000000e+00,1.739605816923417e-02,1.150875379442922e-04,1.112503439724192e-04,8.826370901274456e-05
4.335708865950739e-02,8.822814148948425e-01,0.000000000000000e+00,1.692066567174206e-02,1.119478464422456e-04,1.082121197086752e-04,8.585198388085385e-05
4.457426191410041e-02,8.581632723555216e-01,0.000000000000000e+00,1.645825457664828e-02,1.088952101373553e-04,1.052568591375317e-04,8.350611500281617e-05
4.582560514591056e-02,8.347037170956959e-01,0.000000000000000e+00,1.600847040636427e-02,1.059273114251540e-04,1.023822967994600e-04,8.122430406982248e-05
4.711207761635656e-02,8.118847653631678e-01,0.000000000000000e+00,1.557096836291692e-02,1.030364639762897e-04,9.958622909701663e-05,7.900480187894517e-05
4.843466551641763e-02,7.896889244830201e-01,0.000000000000000e+00,1.514541306363159e-02,1.002276280529173e-04,9.686651260559757e-05,7.684590699222464e-05
4.979438272263311e-02,7.680991794479854e-01,0.000000000000000e+00,1.473147828403250e-02,9.749547047785303e-05,9.422106243032049e-05,7.474596443237178e-05
5.119227157432536e-02,7.470989798749882e-01,0.000000000000000e+00,1.432884670776389e-02,9.483455425330655e-05,9.164785060777474e-05,7.270336441408623e-05
5.262940367264184e-02,7.266722273178640e-01,0.000000000000000e+00,1.393720968333987e-02,9.224813951675591e-05,8.914490455141429e-05,7.071654111001868e-05
5.410688070202888e-02,7.068032629265245e-01,0.000000000000000e+00,1.355626698753670e-02,8.973374399537585e-05,8.671030553940171e-05,6.878397145043006e-05
5.562583527476685e-02,6.874768554431101e-01,0.000000000000000e+00,1.318572659524601e-02,8.728556034438142e-05,8.434218724374412e-05,6.690417395562860e-05
5.718743179921423e-02,6.686781895259307e-01,0.000000000000000e+00,1.282530445561261e-02,8.490398746849544e-05,8.203873429959336e-05,6.507570760028889e-05
5.879286737242588e-02,6.503928543922396e-01,0.000000000000000e+00,1.247472427428526e-02,8.258918929749011e-05,7.979818091361402e-05,6.329717070878287e-05
6.044337269783037e-02,6.326068327711364e-01,0.000000000000000e+00,1.213371730161333e-02,8.033698557373009e-05,7.761880951035176e-05,6.156719988067534e-05
6.214021302866896e-02,6.153064901581317e-01,0.000000000000000e+00,1.180202212662732e-02,7.814358260373832e-05,7.549894941556554e-05,5.988446894556126e-05
6.388468913792043e-02,5.984785643631338e-01,0.000000000000000e+00,1.147938447664496e-02,7.601236886793460e-05,7.343697557551286e-05,5.824768794644250e-05
6.567813831545452e-02,5.821101553438461e-01,0.000000000000000e+00,1.116555702234943e-02,7.394001241834691e-05,7.143130731120741e-05,5.665560215086549e-05
6.752193539317880e-02,5.661887153167816e-01,0.000000000000000e+00,1.086029918819029e-02,7.192158492510140e-05,6.948040710669374e-05,5.510699108906135e-05
6.941749379896474e-02,5.507020391383142e-01,0.000000000000000e+00,1.056337696796179e-02,6.995905396845638e-05,6.758277943040991e-05,5.360066761835155e-05
7.136626664016077e-02,5.356382549483929e-01,0.000000000000000e+00,1.027456274541702e-02,6.805142230833822e-05,6.573696958873499e-05,5.213547701310119e-05
7.336974781752321e-02,5.209858150697438e-01,0.000000000000000e+00,9.993635119780606e-03,6.619423761332814e-05,6.394156261084213e-05,5.071029607952312e-05
7.542947317041869e-02,5.067334871555904e-01,0.000000000000000e+00,9.720378736026061e-03,6.438707643268132e-05,6.219518216400259e-05,4.932403229465362e-05
7.754702165417610e-02,4.928703455790961e-01,0.000000000000000e+00,9.454584119787737e-03,6.263067385044767e-05,6.049648949850932e-05,4.797562296883998e-05
7.972401655049073e-02,4.793857630579385e-01,0.000000000000000e+00,9.196047516780749e-03,6.092063963701866e-05,5.884418242141088e-05,4.666403443109781e-05
8.196212671180822e-02,4.662694025075860e-01,0.000000000000000e+00,8.944570736605897e-03,5.924899411150065e-05,5.723699429826956e-05,4.538826123671361e-05
8.426306784064259e-02,4.535112091170383e-01,0.000000000000000e+00,8.699961000819685e-03,5.762720806194429e-05,5.567369308217755e-05,4.414732539648520e-05
8.662860380480830e-02,4.411014026409545e-01,0.000000000000000e+00,8.462030795153203e-03,5.605317007644549e-05,5.415308036928839e-05,4.294027562700913e-05
8.906054798957608e-02,4.290304699022534e-01,0.000000000000000e+00,8.230597725766273e-03,5.451768434348726e-05,5.267399048013753e-05,4.176618662144027e-05
9.156076468778691e-02,4.172891574994529e-01,0.000000000000000e+00,8.005484379427002e-03,5.302299044335220e-05,5.123528956605002e-05,4.062415834016475e-05
9.413117052899239e-02,4.058684647131401e-01,0.000000000000000e+00,7.786518187509243e-03,5.157290516770856e-05,4.983587473994815e-05,3.951331532084211e-05
9.677373594871408e-02,3.947596366061529e-01,0.000000000000000e+00,7.573531293703996e-03,5.016220721528576e-05,4.847467323089495e-05,3.843280600728850e-05
9.949048669895144e-02,3.839541573121648e-01,0.000000000000000e+00,7.366360425343057e-03,4.878600494292148e-05,4.715064156172308e-05,3.738180209668516e-05
1.022835054010928e-01,3.734437435075478e-01,0.000000000000000e+00,7.164846768236568e-03,4.745028714817905e-05,4.586276474912101e-05,3.635949790461367e-05
1.051549331424232e-01,3.632203380614895e-01,0.000000000000000e+00,6.968835844928191e-03,4.615315634550540e-05,4.461005552556128e-05,3.536510974742883e-05
1.081069711174501e-01,3.532761038595139e-01,0.000000000000000e+00,6.778177396274941e-03,4.488709082677029e-05,4.339155358247595e-05,3.439787534149813e-05
1.111418823153072e-01,3.436034177956567e-01,0.000000000000000e+00,6.592725266260532e-03,4.365648849115463e-05,4.220632483409782e-05,3.345705321884530e-05
1.142619932545284e-01,3.341948649287030e-01,0.000000000000000e+00,6.412337289954264e-03,4.246283806766107e-05,4.105346070140421e-05,3.254192215875134e-05
1.174696957665237e-01,3.250432327979925e-01,0.000000000000000e+00,6.236875184529285e-03,4.129908832720934e-05,3.993207741561333e-05,3.165178063487630e-05
1.207674488291209e-01,3.161415058944526e-01,0.000000000000000e+00,6.066204443256929e-03,4.016578234502536e-05,3.884131534070028e-05,3.078594627747897e-05
1.241577804515833e-01,3.074828602826021e-01,0.000000000000000e+00,5.900194232395637e-03,3.906607334675769e-05,3.778033831441246e-05,2.994375535032118e-05
1.276432896125441e-01,2.990606583694192e-01,0.000000000000000e+00,5.738717290895607e-03,3.799687158486375e-05,3.674833300727983e-05,2.912456224185647e-05
1.312266482523450e-01,2.908684438160535e-01,0.000000000000000e+00,5.581649832842196e-03,3.695358885350139e-05,3.574450829912869e-05,2.832773897031304e-05
1.349106033213073e-01,2.828999365884836e-01,0.000000000000000e+00,5.428871452563250e-03,3.594045937682843e-05,3.476809467262018e-05,2.755267470229089e-05
1.386979788855034e-01,2.751490281433297e-01,0.000000000000000e+00,5.280265032327744e-03,3.495725365430964e-05,3.381834362334977e-05,2.679877528450502e-05
1.425916782916448e-01,2.676097767451258e-01,0.000000000000000e+00,5.135716652564831e-03,3.399768447886053e-05,3.289452708605457e-05,2.606546278831509e-05
1.465946863927448e-01,2.602764029114657e-01,0.000000000000000e+00,4.995115504534618e-03,3.306445454297554e-05,3.199593687648939e-05,2.535217506669274e-05
1.507100718362639e-01,2.531432849825271e-01,0.000000000000000e+00,4.858353805383563e-03,3.215920335726477e-05,3.112188414854276e-05,2.465836532328657e-05
1.549409894164890e-01,2.462049548115832e-01,0.000000000000000e+00,4.725326715519538e-03,3.127732811469798e-05,3.027169886617781e-05,2.398350169325500e-05
1.592906824929539e-01,2.394560935731906e-01,0.000000000000000e+00,4.595932258243089e-03,3.041801279268393e-05,2.944472928979228e-05,2.332706683554496e-05
1.637624854767498e-01,2.328915276858488e-01,0.000000000000000e+00,4.470071241573372e-03,2.958416006988684e-05,2.864034147660466e-05,2.268855753630460e-05
1.683598263866375e-01,2.265062248459958e-01,0.000000000000000e+00,4.347647182208768e-03,2.877358024299775e-05,2.785791879468266e-05,2.206748432312524e-05
1.730862294769152e-01,2.202952901703107e-01,0.000000000000000e+00,4.228566231563946e-03,2.798280362069347e-05,2.709686145024252e-05,2.146337108981761e-05
1.779453179390612e-01,2.142539624433540e-01,0.000000000000000e+00,4.112737103826622e-03,2.721456064384707e-05,2.635658602785554e-05,2.087575473143411e-05
1.829408166792188e-01,2.083776104676809e-01,0.000000000000000e+00,4.000071005978914e-03,2.646910848489754e-05,2.563652504321059e-05,2.030418478925759e-05
1.880765551736559e-01,2.026617295136184e-01,0.000000000000000e+00,3.890481569729592e-03,2.574183734380483e-05,2.493612650808879e-05,1.974822310548448e-05
1.933564704043839e-01,1.971019378659953e-01,0.000000000000000e+00,3.783884785305095e-03,2.503413901528346e-05,2.425485350721756e-05,1.920744348733755e-05
1.987846098771924e-01,1.916939734651678e-01,0.000000000000000e+00,3.680198937048512e-03,2.434770379451930e-05,2.359218378667899e-05,1.868143138035065e-05
2.043651347244059e-01,1.864336906397746e-01,0.000000000000000e+00,3.579344540777211e-03,2.367936787260235e-05,2.294760935355795e-05,1.816978355057528e-05
2.101023228947490e-01,1.813170569287098e-01,0.000000000000000e+00,3.481244282851023e-03,2.302791091283740e-05,2.232063608652180e-05,1.767210777546501e-05
2.160005724327581e-01,1.763401499898814e-01,0.000000000000000e+00,3.385822960904350e-03,2.239538900775972e-05,2.171078335703447e-05,1.718802254320108e-05
2.220644048502579e-01,1.714991545933860e-01,0.000000000000000e+00,3.293007426196709e-03,2.178119848240186e-05,2.111758366091359e-05,1.671715676022852e-05
2.282984685924871e-01,1.667903596967898e-01,0.000000000000000e+00,3.202726527537503e-03,2.118153816746817e-05,2.054058225994849e-05,1.625914946677853e-05
2.347075426015277e-01,1.622101556002807e-01,0.000000000000000e+00,3.114911056742120e-03,2.059900653583834e-05,1.997933683330474e-05,1.581364956015937e-05
2.412965399797728e-01,1.577550311795046e-01,0.000000000000000e+00,3.029493695577419e-03,2.003384837239469e-05,1.943341713844730e-05,1.538031552560303e-05
2.480705117562382e-01,1.534215711939693e-01,0.000000000000000e+00,2.946408964156054e-03,1.948250397751961e-05,1.890240468132301e-05,1.495881517446206e-05
2.550346507586085e-01,1.492064536689478e-01,0.000000000000000e+00,2.865593170739973e-03,1.894597772720989e-05,1.838589239554907e-05,1.454882538955524e-05
2.621942955939813e-01,1.451064473488795e-01,0.000000000000000e+00,2.786984362914697e-03,1.842611519902207e-05,1.788348433036197e-05,1.415003187746729e-05
2.695549347413673e-01,1.411184092203111e-01,0.000000000000000e+00,2.710522280096862e-03,1.791894614914131e-05,1.739479534708739e-05,1.376212892761241e-05
2.771222107590759e-01,1.372392821024843e-01,0.000000000000000e+00,2.636148307338704e-03,1.742494098487863e-05,1.691945082389858e-05,1.338481917787726e-05
2.849019246102198e-01,1.334660923037171e-01,0.000000000000000e+00,2.563805430393990e-03,1.694543085241661e-05,1.645708636863665e-05,1.301781338666339e-05
2.929000401096466e-01,1.297959473417879e-01,0.000000000000000e+00,2.493438192011021e-03,1.647985632663913e-05,1.600734753947298e-05,1.266083021115469e-05
3.011226884957143e-01,1.262260337265697e-01,0.000000000000000e+00,2.424992649419123e-03,1.602522756133210e-05,1.556988957319921e-05,1.231359599163945e-05
3.095761731304063e-01,1.227536148032186e-01,0.000000000000000e+00,2.358416332976124e-03,1.558357894237824e-05,1.514437712093688e-05,1.197584454172224e-05
3.182669743313990e-01,1.193760286542597e-01,0.000000000000000e+00,2.293658205945015e-03,1.515502867588371e-05,1.473048399106380e-05,1.164731694426422e-05
3.272017543397764e-01,1.160906860589656e-01,0.000000000000000e+00,2.230668625369057e-03,1.473718681453333e-05,1.432789289916043e-05,1.132776135289580e-05
3.363873624272089e-01,1.128950685084589e-01,0.000000000000000e+00,2.169399304015240e-03,1.433040366638281e-05,1.393629522478417e-05,1.101693279894933e-05
3.458308401465022e-01,1.097867262750215e-01,0.000000000000000e+00,2.109803273357021e-03,1.393563261944645e-05,1.355539077488555e-05,1.071459300366387e-05
3.555394267295509e-01,1.067632765341267e-01,0.000000000000000e+00,2.051834847567859e-03,1.355174482565629e-05,1.318488755368455e-05,1.042051019551802e-05
3.655205646368273e-01,1.038224015377572e-01,0.000000000000000e+00,1.995449588498028e-03,1.317722442265073e-05,1.282450153883092e-05,1.013445893255069e-05
3.757819052626610e-01,1.009618468376065e-01,0.000000000000000e+00,1.940604271607807e-03,1.281358246375520e-05,1.247395646367685e-05,9.856219929533842e-06
3.863313148006889e-01,9.817941955680247e-02,0.000000000000000e+00,1.887256852830933e-03,1.246061309567226e-05,1.213298360549494e-05,9.585579889864355e-06
3.971768802739609e-01,9.547298670882863e-02,0.000000000000000e+00,1.835366436342937e-03,1.211608834338831e-05,1.180132157947933e-05,9.322331342046424e-06
4.083269157343368e-01,9.284047356235285e-02,0.000000000000000e+00,1.784893243209625e-03,1.178133591381659e-05,1.147871613837189e-05,9.066272480638903e-06
4.197899686359134e-01,9.027986205071112e-02,0.000000000000000e+00,1.735798580891680e-03,1.145624260875610e-05,1.116491997756003e-05,8.817207011545828e-06
4.315748263873816e-01,8.778918922482609e-02,0.000000000000000e+00,1.688044813581994e-03,1.113957861469767e-05,1.085969254549655e-05,8.574944001531304e-06
4.436905230883211e-01,8.536654574837511e-02,0.000000000000000e+00,1.641595333353008e-03,1.083114392864607e-05,1.056279985929643e-05,8.339297731843629e-06
4.561463464546135e-01,8.301007443405264e-02,0.000000000000000e+00,1.596414532091899e-03,1.053182774470821e-05,1.027401432536888e-05,8.110087555836086e-06
4.689518449382650e-01,8.071796881980681e-02,0.000000000000000e+00,1.552467774202153e-03,1.024089519665589e-05,9.993114564947461e-06,7.887137760475618e-06
4.821168350471144e-01,7.848847178395599e-02,0.000000000000000e+00,1.509721370050519e-03,9.956974359488310e-06,9.719885244384366e-06,7.670277431632820e-06
4.956514088700201e-01,7.631987419812609e-02,0.000000000000000e+00,1.468142550139060e-03,9.681238837528606e-06,9.454116910078806e-06,7.459340323050282e-06
5.095659418133122e-01,7.421051361697337e-02,0.000000000000000e+00,1.427699439982440e-03,9.413651906300707e-06,9.195605827912889e-06,7.254164728888532e-06
5.238711005544227e-01,7.215877300369017e-02,0.000000000000000e+00,1.388361035671211e-03,9.152526552961833e-06,8.944153827072099e-06,7.054593359752072e-06
5.385778512188090e-01,7.016307949031443e-02,0.000000000000000e+00,1.350097180102347e-03,8.898563505201753e-06,8.699568148130377e-06,6.860473222100270e-06
5.536974677864208e-01,6.822190317189430e-02,0.000000000000000e+00,1.312878539858820e-03,8.652176684623801e-06,8.461661295283628e-06,6.671655500950763e-06
5.692415407341720e-01,6.633375593358129e-02,0.000000000000000e+00,1.276676582720452e-03,8.412257814181701e-06,8.230250892618131e-06,6.487995445785277e-06
5.852219859210293e-01,6.449719030975398e-02,0.000000000000000e+00,1.241463555788833e-03,8.178397106527505e-06,8.005159544303848e-06,6.309352259570554e-06
6.016510537225335e-01,6.271079837429717e-02,0.000000000000000e+00,1.207212464209517e-03,7.951452296128048e-06,7.786214698605392e-06,6.135588990809117e-06
6.185413384217624e-01,6.097321066118426e-02,0.000000000000000e+00,1.173897050475151e-03,7.730967237126093e-06,7.573248515606355e-06,5.966572428537106e-06
6.359057878639192e-01,5.928309511453730e-02,0.000000000000000e+00,1.141491774293720e-03,7.515725368579983e-06,7.366097738545727e-06,5.802173000188785e-06
6.537577133819661e-01,5.763915606735680e-02,0.000000000000000e+00,1.109971793006401e-03,7.306669940936387e-06,7.164603568667596e-06,5.642264672249172e-06
6.721108000008923e-01,5.604013324814094e-02,0.000000000000000e+00,1.079312942540074e-03,7.103822380567942e-06,6.968611543488402e-06,5.486724853618810e-06
6.909791169284596e-01,5.448480081462932e-02,0.000000000000000e+00,1.049491718879814e-03,6.905932282364369e-06,6.777971418388206e-06,5.335434301616355e-06
7.103771283404455e-01,5.297196641393304e-02,0.000000000000000e+00,1.020485260047217e-03,6.713377514281012e-06,6.592537051435403e-06,5.188277030547089e-06
7.303197044686744e-01,5.150047026832755e-02,0.000000000000000e+00,9.922713285706705e-04,6.526832296415353e-06,6.412166291356421e-06,5.045140222766997e-06
7.508221330003145e-01,5.006918428600933e-02,0.000000000000000e+00,9.648282944341867e-04,6.344782672658987e-06,6.236720868564659e-06,4.905914142174393e-06
7.719001307972004e-01,4.867701119613223e-02,0.000000000000000e+00,9.381351184916573e-04,6.167487864787458e-06,6.066066289165014e-06,4.770492050062562e-06
7.935698559441441e-01,4.732288370746181e-02,0.000000000000000e+00,9.121713363338565e-04,5.995407949005907e-06,5.900071731852874e-06,4.638770123269007e-06
8.158479201354919e-01,4.600576369000048e-02,0.000000000000000e+00,8.869170425957711e-04,5.828338629900662e-06,5.738609947628364e-06,4.510647374558357e-06
8.387514014094010e-01,4.472464137895703e-02,0.000000000000000e+00,8.623528756922520e-04,5.665079002369815e-06,5.581557162249172e-06,4.386025575177987e-06
8.622978572396195e-01,4.347853460044859e-02,0.000000000000000e+00,8.384600029702486e-04,5.506685798832181e-06,5.428792981346984e-06,4.264809179526812e-06
8.865053379947824e-01,4.226648801834205e-02,0.000000000000000e+00,8.152201062662523e-04,5.352945535040058e-06,5.280200298134965e-06,4.146905251879573e-06
9.113924007755672e-01,4.108757240165559e-02,0.000000000000000e+00,7.926153678578444e-04,5.202991728400246e-06,5.135665203635358e-06,4.032223395110229e-06
9.369781236402889e-01,3.994088391195961e-02,0.000000000000000e+00,7.706284567985923e-04,5.057020353337917e-06,4.995076899358579e-06,3.920675681359941e-06
9.632821202298664e-01,3.882554341022880e-02,0.000000000000000e+00,7.492425156257780e-04,4.915408447780356e-06,4.858327612366673e-06,3.812176584596267e-06
9.903245548033504e-01,3.774069578261435e-02,0.000000000000000e+00,7.284411474307780e-04,4.777653238193862e-06,4.725312512656170e-06,3.706642915011929e-06
1.018126157695546e+00,3.668550928461811e-02,0.000000000000000e+00,7.082084032821607e-04,4.643274936250205e-06,4.595929632796959e-06,3.603993755212781e-06
1.046708241208593e+00,3.565917490316519e-02,0.000000000000000e+00,6.885287699918381e-04,4.512827554534181e-06,4.470079789765504e-06,3.504150398145918e-06
1.076092715949652e+00,3.466090573608599e-02,0.000000000000000e+00,6.693871582148970e-04,4.386198583005502e-06,4.347666508912630e-06,3.407036286720413e-06
1.106302107627271e+00,3.368993638852983e-02,0.000000000000000e+00,6.507688908739546e-04,4.262588637692611e-06,4.228595950007430e-06,3.312576955074221e-06
1.137359574319249e+00,3.274552238584823e-02,0.000000000000000e+00,6.326596918991629e-04,4.142439711470645e-06,4.112776835300753e-06,3.220699971442248e-06
1.169288924225291e+00,3.182693960249530e-02,0.000000000000000e+00,6.150456752752042e-04,4.025907333202438e-06,4.000120379552981e-06,3.131334882581659e-06
1.202114633918019e+00,3.093348370650808e-02,0.000000000000000e+00,5.979133343868755e-04,3.912301793861772e-06,3.890540221972589e-06,3.044413159711838e-06
1.235861867106359e+00,3.006446961913856e-02,0.000000000000000e+00,5.812495316550703e-04,3.801678250371117e-06,3.783952360013201e-06,2.959868145927423e-06
1.270556493925666e+00,2.921923098922353e-02,0.000000000000000e+00,5.650414884552034e-04,3.694351999815759e-06,3.680275084978494e-06,2.877635005044138e-06
1.306225110769401e+00,2.839711968188717e-02,0.000000000000000e+00,5.492767753103264e-04,3.589979578232421e-06,3.579428919385469e-06,2.797650671838048e-06
1.342895060677527e+00,2.759750528118429e-02,0.000000000000000e+00,5.339433023514113e-04,3.488157966198610e-06,3.481336556038213e-06,2.719853803640171e-06
1.380594454297291e+00,2.681977460630113e-02,0.000000000000000e+00,5.190293100374585e-04,3.389289884275581e-06,3.385922798765298e-06,2.644184733249165e-06
1.419352191432429e+00,2.606333124094238e-02,0.000000000000000e+00,5.045233601283168e-04,3.293341026072225e-06,3.293114504775519e-06,2.570585423126076e-06
1.459197983197342e+00,2.532759507554186e-02,0.000000000000000e+00,4.904143269032588e-04,3.199703347911752e-06,3.202840528587683e-06,2.498999420835884e-06
1.500162374793187e+00,2.461200186194554e-02,0.000000000000000e+00,4.766913886185876e-04,3.108657029972255e-06,3.115031667491534e-06,2.429371815701785e-06
1.542276768923400e+00,2.391600278022324e-02,0.000000000000000e+00,4.633440191976881e-04,3.020338068402408e-06,3.029620608497952e-06,2.361649196638848e-06
1.585573449866529e+00,2.323906401727692e-02,0.000000000000000e+00,4.503619801471613e-04,2.934315271470158e-06,2.946541876737819e-06,2.295779611134796e-06
1.630085608224908e+00,2.258066635692001e-02,0.000000000000000e+00,4.377353126928079e-04,2.850504124733886e-06,2.865731785269913e-06,2.231712525346428e-06
1.675847366368079e+00,2.194030478111325e-02,0.000000000000000e+00,4.254543301294407e-04,2.769165471302167e-06,2.787128386259453e-06,2.169398785281121e-06
1.722893804590495e+00,2.131748808204940e-02,0.000000000000000e+00,4.135096103786379e-04,2.690113715799615e-06,2.710671423489786e-06,2.108790579033697e-06
1.771260988003576e+00,2.071173848478804e-02,0.000000000000000e+00,4.018919887487219e-04,2.613007165974022e-06,2.636302286170836e-06,2.049841400049701e-06
1.820985994182679e+00,2.012259128015046e-02,0.000000000000000e+00,3.905925508914156e-04,2.538102201809039e-06,2.563963964008953e-06,1.992506011387075e-06
1.872106941590241e+00,1.954959446759072e-02,0.000000000000000e+00,3.796026259497564e-04,2.465429174245939e-06,2.493601003503628e-06,1.936740410948820e-06
1.924663018796820e+00,1.899230840776884e-02,0.000000000000000e+00,3.689137798920246e-04,2.394539578413457e-06,2.425159465437672e-06,1.882501797660203e-06
1.978694514522493e+00,1.845030548455729e-02,0.000000000000000e+00,3.585178090265635e-04,2.325563063645754e-06,2.358586883528174e-06,1.829748538564610e-06
2.034242848521587e+00,1.792316977622111e-02,0.000000000000000e+00,3.484067336925340e-04,2.258670234524874e-06,2.293832224206636e-06,1.778440136813098e-06
2.091350603334472e+00,1.741049673551740e-02,0.000000000000000e+00,3.385727921217575e-04,2.193551618981404e-06,2.230845847497363e-06,1.728537200523193e-06
2.150061556930694e+00,1.691189287846816e-02,0.000000000000000e+00,3.290084344669719e-04,2.130085322822929e-06,2.169579468964200e-06,1.680001412483400e-06
2.210420716268549e+00,1.642697548156581e-02,0.000000000000000e+00,3.197063169919138e-04,2.068474275013356e-06,2.109986122696369e-06,1.632795500680392e-06
2.272474351796737e+00,1.595537228717855e-02,0.000000000000000e+00,3.106592964188180e-04,2.008660759979781e-06,2.052020125305095e-06,1.586883209626680e-06
2.336270032924628e+00,1.549672121692779e-02,0.000000000000000e+00,3.018604244290076e-04,1.950271809206912e-06,1.995637040903383e-06,1.542229272467111e-06
2.401856664488263e+00,1.505067009281699e-02,0.000000000000000e+00,2.933029423124092e-04,1.893560097259103e-06,1.940793647042113e-06,1.498799383843275e-06
2.469284524240098e+00,1.461687636589668e-02,0.000000000000000e+00,2.849802757619207e-04,1.838552962688558e-06,1.887447901576334e-06,1.456560173495503e-06
2.538605301391181e+00,1.419500685225665e-02,0.000000000000000e+00,2.768860298087051e-04,1.784901390685305e-06,1.835558910436377e-06,1.415479180582817e-06
2.609872136235355e+00,1.378473747614171e-02,0.000000000000000e+00,2.690139838945815e-04,1.732701367978052e-06,1.785086896279043e-06,1.375524828701768e-06
2.683139660885830e+00,1.338575301999328e-02,0.000000000000000e+00,2.613580870778150e-04,1.682134044396245e-06,1.735993167994874e-06,1.336666401585782e-06
2.758464041155348e+00,1.299774688122444e-02,0.000000000000000e+00,2.539124533687202e-04,1.632815259928202e-06,1.688240091048114e-06,1.298874019467237e-06
2.835903019612097e+00,1.262042083554112e-02,0.000000000000000e+00,2.466713571916024e-04,1.584811455497392e-06,1.641791058626609e-06,1.262118616085068e-06
2.915515959844293e+00,1.225348480662796e-02,0.000000000000000e+00,2.396292289696857e-04,1.538287794668059e-06,1.596610463579563e-06,1.226371916321405e-06
2.997363891967463e+00,1.189665664202177e-02,0.000000000000000e+00,2.327806508297812e-04,1.493184471672101e-06,1.552663671121604e-06,1.191606414451293e-06
3.081509559409218e+00,1.154966189500122e-02,0.000000000000000e+00,2.261203524235728e-04,1.449232696342235e-06,1.509916992282268e-06,1.157795352990214e-06
3.168017467007465e+00,1.121223361232562e-02,0.000000000000000e+00,2.196432068625041e-04,1.406558242480275e-06,1.468337658080505e-06,1.124912702124724e-06
3.256953930458855e+00,1.088411212766128e-02,0.000000000000000e+00,2.133442267633781e-04,1.365176301444384e-06,1.427893794404468e-06,1.092933139712227e-06
3.348387127155444e+00,1.056504486053800e-02,0.000000000000000e+00,2.072185604018888e-04,1.324855160734506e-06,1.388554397577259e-06,1.061832031836466e-06
3.442387148448465e+00,1.025478612068366e-02,0.000000000000000e+00,2.012614879714362e-04,1.285625065220492e-06,1.350289310589975e-06,1.031585413906097e-06
3.539026053379354e+00,9.953096917588779e-03,0.000000000000000e+00,1.954684179446930e-04,1.247580116367538e-06,1.313069199983760e-06,1.002169972284297e-06
3.638377923919135e+00,9.659744775158550e-03,0.000000000000000e+00,1.898348835355305e-04,1.210616506782592e-06,1.276865533363208e-06,9.735630264381818e-07
3.740518921758598e+00,9.374503551313425e-03,0.000000000000000e+00,1.843565392590388e-04,1.174578443766621e-06,1.241650557523831e-06,9.457425115974910e-07
3.845527346692712e+00,9.097153262405037e-03,0.000000000000000e+00,1.790291575875302e-04,1.139616961049220e-06,1.207397277176848e-06,9.186869619128681e-07
3.953483696644132e+00,8.827479912317896e-03,0.000000000000000e+00,1.738486257005598e-04,1.105713366645531e-06,1.174079434254982e-06,8.923754941048876e-07
4.064470729371696e+00,8.565275326132884e-03,0.000000000000000e+00,1.688109423271737e-04,1.072649379178291e-06,1.141671487783402e-06,8.667877915959612e-07
4.178573525911350e+00,8.310336988232588e-03,0.000000000000000e+00,1.639122146787654e-04,1.040532933311106e-06,1.110148594300366e-06,8.419040891182625e-07
4.295879555797986e+00,8.062467884734014e-03,0.000000000000000e+00,1.591486554711343e-04,1.009417458149708e-06,1.079486588812582e-06,8.177051577920418e-07
4.416478744118338e+00,7.821476350138570e-03,0.000000000000000e+00,1.545165800345535e-04,9.791201103318097e-07,1.049661966270656e-06,7.941722906699775e-07
4.540463540446233e+00,7.587175918094834e-03,0.000000000000000e+00,1.500124035109174e-04,9.496415238832080e-07,1.020651863550459e-06,7.712872887448722e-07
4.667928989713061e+00,7.359385176174701e-03,0.000000000000000e+00,1.456326381373306e-04,9.210707794666623e-07,9.924340419265691e-07,7.490324474198601e-07
4.798972805067862e+00,7.137927624568932e-03,0.000000000000000e+00,1.413738906158376e-04,8.933342922185930e-07,9.649868700243792e-07,7.273905434426836e-07
4.933695442782765e+00,6.922631538614430e-03,0.000000000000000e+00,1.372328595694131e-04,8.662996443491886e-07,9.382893072377817e-07,7.063448223086485e-07
5.072200179261328e+00,6.713329835071254e-03,0.000000000000000e+00,1.332063330848075e-04,8.400778275213037e-07,9.123208875997298e-07,6.858789861408636e-07
5.214593190208684e+00,6.509859942074619e-03,0.000000000000000e+00,1.292911863434624e-04,8.146759772288857e-07,8.870617040933112e-07,6.659771820619255e-07
5.360983632024321e+00,6.312063672693951e-03,0.000000000000000e+00,1.254843793424544e-04,7.899191903418141e-07,8.624923933912947e-07,6.466239910790628e-07
5.511483725479741e+00,6.119787102039492e-03,0.000000000000000e+00,1.217829547074973e-04,7.658795161588367e-07,8.385941210124728e-07,6.278044175164824e-07
5.666208841745308e+00,5.932880447865349e-03,0.000000000000000e+00,1.181840349389047e-04,7.425972241117058e-07,8.153485668833937e-07,6.095038790467862e-07
5.825277590832049e+00,5.751197954628339e-03,0.000000000000000e+00,1.146848190168227e-04,7.199313309155718e-07,7.927379112944468e-07,5.917081974028595e-07
5.988811912516404e+00,5.574597780972803e-03,0.000000000000000e+00,1.112825815733232e-04,6.978135718739616e-07,7.707448212394985e-07,5.744035899021922e-07
6.156937169817426e+00,5.402941890625116e-03,0.000000000000000e+00,1.079746713588164e-04,6.763269726705188e-07,7.493524371286479e-07,5.575766620078367e-07
6.329782245098288e+00,5.236095946657140e-03,0.000000000000000e+00,1.047585093428614e-04,6.554429244585879e-07,7.285443598638736e-07,5.412144013311300e-07
6.507479638865566e+00,5.073929208682312e-03,0.000000000000000e+00,1.016315872932630e-04,6.350826961667326e-07,7.083046382677044e-07,5.253041738711360e-07
6.690165571342240e+00,4.916314431979161e-03,0.000000000000000e+00,9.859146582081255e-05,6.153395096143308e-07,6.886177568552409e-07,5.098337242359813e-07
6.877980086892076e+00,4.763127769308094e-03,0.000000000000000e+00,9.563577284393997e-05,5.962168551588846e-07,6.694686239401854e-07,4.947911843600631e-07
7.071067161375635e+00,4.614248675900153e-03,0.000000000000000e+00,9.276220367461009e-05,5.775931457385571e-07,6.508425600657354e-07,4.801651060524888e-07
7.269574812520010e+00,4.469559817788149e-03,0.000000000000000e+00,8.996851903941876e-05,5.595037890352660e-07,6.327252867514940e-07,4.659446235623994e-07
7.473655213387101e+00,4.328946983558174e-03,0.000000000000000e+00,8.725254865801747e-05,5.420150903248658e-07,6.151029155477525e-07,4.521209079726189e-07
7.683464809027233e+00,4.192298999748447e-03,0.000000000000000e+00,8.461221037990856e-05,5.249813615641235e-07,5.979619373887679e-07,4.386843546364875e-07
7.899164436407635e+00,4.059507649596231e-03,0.000000000000000e+00,8.204549624395305e-05,5.084258640004399e-07,5.812892122368680e-07,4.256243797894811e-07
8.120919447707713e+00,3.930467596577570e-03,0.000000000000000e+00,7.955045500038625e-05,4.923931017047953e-07,5.650719590094422e-07,4.129306883689021e-07
8.348899837075635e+00,3.805076312390883e-03,0.000000000000000e+00,7.712518669311211e-05,4.768650472251207e-07,5.492977457811003e-07,4.005932661230800e-07
8.583280370943330e+00,3.683234013241510e-03,0.000000000000000e+00,7.476784537863736e-05,4.617350808940671e-07,5.339544802534893e-07,3.886023719359075e-07
8.824240721999907e+00,3.564843619327103e-03,0.000000000000000e+00,7.247663637210799e-05,4.470730326685933e-07,5.190304004854566e-07,3.769485303608299e-07
9.071965606926041e+00,3.449810728626291e-03,0.000000000000000e+00,7.024980902837246e-05,4.328905154983016e-07,5.045140658764639e-07,3.656225243585708e-07
9.326644927995183e+00,3.338043591279682e-03,0.000000000000000e+00,6.808566379096758e-05,4.190936880144676e-07,4.903943483963203e-07,3.546153882330261e-07
9.588473918649791e+00,3.229453073798931e-03,0.000000000000000e+00,6.598255286664159e-05,4.056999572894126e-07,4.766604240545364e-07,3.439184007599243e-07
9.857653293164475e+00,3.123952623784229e-03,0.000000000000000e+00,6.393885920814903e-05,3.927463722276445e-07,4.633017646027371e-07,3.335230785029806e-07
1.013438940051054e+01,3.021458227534357e-03,0.000000000000000e+00,6.195302752084686e-05,3.801846311743637e-07,4.503081294637923e-07,3.234211693124362e-07
1.041889438254022e+01,2.921888368517387e-03,0.000000000000000e+00,6.002352885210334e-05,3.679691724589466e-07,4.376695578814527e-07,3.136046460009895e-07
1.071138633661141e+01,2.825163970437966e-03,0.000000000000000e+00,5.814888608571890e-05,3.561510925934920e-07,4.253763612845018e-07,3.040657001922944e-07
1.101208948277799e+01,2.731208340865199e-03,0.000000000000000e+00,5.632765970200677e-05,3.447210549317563e-07,4.134191158595477e-07,2.947967363373001e-07
1.132123433567353e+01,2.639947116877391e-03,0.000000000000000e+00,5.455844239509965e-05,3.336023815564281e-07,4.017886553267735e-07,2.857903658938636e-07
1.163905788122056e+01,2.551308206484860e-03,4.341339569538832e-04,5.283987844680887e-05,3.228356444434026e-07,3.904760639130979e-07,2.770394016651670e-07
1.196580375830045e+01,2.465221725764245e-03,4.341339569538832e-04,5.117062792634045e-05,3.124370041680901e-07,3.794726695173703e-07,2.685368522926185e-07
1.230172244552343e+01,2.381619950373581e-03,4.341339569538832e-04,4.954940698559820e-05,3.023408697668956e-07,3.687700370623514e-07,2.602759168990137e-07
1.264707145324180e+01,2.300437249300211e-03,4.341339569538832e-04,4.797494391191733e-05,2.925509048769282e-07,3.583599620283868e-07,2.522499798778616e-07
1.300211552095360e+01,2.221609989271009e-03,4.341339569538832e-04,4.644600647081528e-05,2.830979697606824e-07,3.482344641638178e-07,2.444526058248898e-07
1.336712682024809e+01,2.145076478637711e-03,4.341339569538832e-04,4.496136798052664e-05,2.739496965464917e-07,3.383857813672986e-07,2.368775346078435e-07
1.374238516344847e+01,2.085998837752050e-03,4.341339569538832e-04,4.351981048089586e-05,2.650669513157181e-07,3.288063637373431e-07,2.295186765708213e-07
1.412817821811194e+01,2.135397554617595e-03,4.341339569538832e-04,4.212015048844295e-05,2.564873310834649e-07,3.194888677845273e-07,2.223701078694654e-07
1.452480172755135e+01,2.283365668763341e-03,4.341339569538832e-04,4.076123577048813e-05,2.482104941825211e-07,3.104261508019204e-07,2.154260659334528e-07
1.493255973754783e+01,2.520543411437324e-03,4.341339569538832e-04,3.944194477778381e-05,2.402109898406801e-07,3.016112653894144e-07,2.086809450528059e-07
1.535176482942777e+01,2.831928298142298e-03,4.341339569538832e-04,3.816118799213607e-05,2.328650574413076e-07,2.930374541277707e-07,2.021292920846614e-07
1.578273835968312e+01,3.201515557908833e-03,4.341339569538832e-04,3.691790328345660e-05,2.262974967179306e-07,2.846981443982867e-07,1.957658022772087e-07
1.622581070631848e+01,3.139462190009150e-03,4.341339569538832e-04,3.571105821423322e-05,2.204768197156034e-07,2.765869433441202e-07,1.895853152076135e-07
1.668132152211420e+01,3.557193259475870e-03,4.341339569538832e-04,3.453964849158645e-05,2.201547092040440e-07,2.686976329693974e-07,1.835828108308170e-07
1.714961999499913e+01,4.005740689641665e-03,4.341339569538832e-04,3.340269689153909e-05,2.300199753797863e-07,2.610241653723604e-07,1.777534056362037e-07
1.763106511573305e+01,4.475933777084154e-03,4.341339569538832e-04,3.229925537386979e-05,2.503359204833909e-07,2.535606581088861e-07,1.720923489091970e-07
1.812602595310358e+01,4.953613650926033e-03,4.341339569538832e-04,3.122839505029674e-05,2.822353880654245e-07,2.463013896828322e-07,1.665950190949357e-07
1.863488193684912e+01,4.900409894373121e-03,4.341339569538832e-04,3.018921760105883e-05,3.290987931012309e-07,2.392407951597408e-07,1.612569202612510e-07
1.915802314852402e+01,5.376166406918565e-03,4.341339569538832e-04,2.918084973836243e-05,3.915950423266142e-07,2.323734619005477e-07,1.560736786582566e-07
1.969585062052942e+01,5.841823618851980e-03,4.341339569538832e-04,2.820243519616861e-05,4.702056310801888e-07,2.256941254120182e-07,1.510410393719238e-07
2.024877664353886e+01,5.793403786222427e-03,4.341339569538832e-04,2.725315000720372e-05,5.681533130751449e-07,2.191976653107287e-07,1.461548630690936e-07
2.081722508255411e+01,6.247601586112091e-03,4.341339569538832e-04,2.633218291664528e-05,6.828337823198815e-07,2.128791013975020e-07,1.414111228314511e-07
2.140163170183415e+01,6.680670216444299e-03,4.341339569538832e-04,2.543875287847983e-05,8.184392264525399e-07,2.067335898392784e-07,1.368059010760460e-07
2.200244449894547e+01,6.636670912664505e-03,4.341339569538832e-04,2.457209571528076e-05,9.704935537517007e-07,2.007564194555038e-07,1.323353865600263e-07
2.262012404819059e+01,7.050599511703635e-03,4.341339569538832e-04,2.373146846288789e-05,1.134626103265207e-06,1.949430081061769e-07,1.279958714673010e-07
2.325514385367737e+01,7.009356734376333e-03,4.341339569538832e-04,2.291614986619062e-05,1.311076869362456e-06,1.892888991787941e-07,1.237837485749232e-07
2.390799071230061e+01,7.392909739390236e-03,4.341339569538832e-04,2.212543288102412e-05,1.500811917549416e-06,1.837897581714856e-07,1.196955084970392e-07
2.457916508691326e+01,7.354278276538823e-03,4.341339569538832e-04,2.135863579402584e-05,1.706270907657832e-06,1.784413693697340e-07,1.157277370043167e-07
2.526918148997401e+01,7.706500552137345e-03,4.341339569538832e-04,2.061509340466802e-05,1.928230136263529e-06,1.732396326141164e-07,1.118771124168178e-07
2.597856887796479e+01,7.670341810252393e-03,4.341339569538832e-04,1.989415655251985e-05,2.167052530659081e-06,1.681805601565949e-07,1.081404030683438e-07
2.670787105688143e+01,7.985493806271452e-03,4.341339569538832e-04,1.919519521295215e-05,2.420976801258902e-06,1.632602736029375e-07,1.045144648403295e-07
2.745764709910714e+01,7.951674403777136e-03,4.341339569538832e-04,1.851759552289409e-05,2.689505580568512e-06,1.584750009389307e-07,1.009962387634280e-07
2.822847177198932e+01,8.231127961656679e-03,4.341339569538832e-04,1.786076082720060e-05,2.972819582066547e-06,1.538210736380939e-07,9.758274868496994e-08
2.902093597844762e+01,8.199520332813275e-03,4.341339569538832e-04,1.722411054902193e-05,3.269979825553058e-06,1.492949238486799e-07,9.427109900054002e-08
2.983564720995178e+01,8.435724681872139e-03,4.341339569538832e-04,1.660707917048366e-05,3.578581556321457e-06,1.448930816577978e-07,9.105847244795720e-08
3.067323001221547e+01,8.406207153756000e-03,4.341339569538832e-04,1.600911578000930e-05,3.898806506151182e-06,1.406121724305608e-07,8.794212796200269e-08
3.153432646396406e+01,8.377690593400296e-03,4.341339569538832e-04,1.542968744370059e-05,4.230198989804180e-06,1.364489142222134e-07,8.491939858827842e-08
3.241959666914249e+01,8.575770803241822e-03,4.341339569538832e-04,1.486827150564688e-05,4.570565964832564e-06,1.324001152612507e-07,8.198768945463097e-08
3.332971926294168e+01,8.549172098373959e-03,4.341339569538832e-04,1.432435994541768e-05,4.919167167685387e-06,1.284626715015927e-07,7.914447579861771e-08
3.426539193203012e+01,8.523491327745688e-03,4.341339569538832e-04,1.379746075906727e-05,5.270091452248795e-06,1.246335642419370e-07,7.638730104953950e-08
3.522733194939031e+01,8.678283975460050e-03,4.341339569538832e-04,1.328709529734516e-05,5.619012032719797e-06,1.209098578104553e-07,7.371377496360348e-08
3.621627672416979e+01,8.654360486623514e-03,4.341339569538832e-04,1.279279433866076e-05,5.964860130640976e-06,1.172886973130547e-07,7.112157181082299e-08
3.723298436696795e+01,8.631277655537759e-03,4.341339569538832e-04,1.231410383498186e-05,6.305881718780976e-06,1.137673064434718e-07,6.860842861230384e-08
3.827823427099293e+01,8.609011162491359e-03,4.341339569538832e-04,1.185058072152379e-05,6.638182769884768e-06,1.103429853535106e-07,6.617214342660041e-08
3.935282770953278e+01,8.717231959114101e-03,4.341339569538832e-04,1.140179537421784e-05,6.958576442934496e-06,1.070131085817879e-07,6.381057368387128e-08
4.045758845020003e+01,8.696526733820518e-03,4.341339569538832e-04,1.096733254271373e-05,7.266391583521588e-06,1.037751230393880e-07,6.152163456659477e-08
4.159336338641951e+01,8.676568059030242e-03,4.341339569538832e-04,1.054677164686362e-05,7.559230752614753e-06,1.006265460508743e-07,5.930329743564560e-08
4.276102318664496e+01,8.657333807358492e-03,4.341339569538832e-04,1.013972920039806e-05,7.833773280314386e-06,9.756496344914427e-08,5.715358830056448e-08
4.396146296180044e+01,8.718965481448118e-03,4.341339569538832e-04,9.745814107687858e-06,8.088644026685779e-06,9.458802772265954e-08,5.507058633289424e-08
4.519560295145943e+01,8.701116596094785e-03,4.341339569538832e-04,9.364651314712367e-06,8.329689256314581e-06,9.169345621361731e-08,5.305242242148172e-08
4.646438922928664e+01,8.683929696584280e-03,4.341339569538832e-04,8.995874338314336e-06,8.558659812230641e-06,8.887902936567025e-08,5.109727776868210e-08
4.776879442828482e+01,8.667385149866128e-03,4.341339569538832e-04,8.639126817025009e-06,8.775510755505127e-06,8.614258901983473e-08,4.920338252643060e-08
4.910981848640062e+01,8.651463918647778e-03,4.341339569538832e-04,8.294063569566431e-06,8.978914294552087e-06,8.348203675727062e-08,4.736901447118011e-08
5.048848941306259e+01,8.636147343709252e-03,4.341339569538832e-04,7.960347495716940e-06,9.166494905772180e-06,8.089533228764096e-08,4.559249771672939e-08
5.190586407723774e+01,8.621417888088049e-03,4.341339569538832e-04,7.637649990243981e-06,9.337844012374656e-06,7.838049188180154e-08,4.387220146399685e-08
5.336302901761248e+01,8.622401919850534e-03,4.341339569538832e-04,7.325655148710103e-06,9.492744703632614e-06,7.593558684759462e-08,4.220653878682016e-08
5.486110127551684e+01,8.608794191574646e-03,4.341339569538832e-04,7.024046791095125e-06,9.633021958062742e-06,7.355874204756062e-08,4.059396545289101e-08
5.640122925123216e+01,8.595723140379522e-03,4.341339569538832e-04,6.732528199430248e-06,9.756375815401474e-06,7.124813445740440e-08,3.903297877895617e-08
5.798459358433804e+01,8.583171824740866e-03,4.341339569538832e-04,6.450800718720762e-06,9.861705813454138e-06,6.900199176408501e-08,3.752211651944182e-08
5.961240805877288e+01,8.571124704005667e-03,4.341339569538832e-04,6.178582756293264e-06,9.950703003012543e-06,6.681859100242570e-08,3.605995578767968e-08
6.128592053330365e+01,8.559566851913109e-03,4.341339569538832e-04,5.915595137200755e-06,1.002343847926053e-05,6.469625722916390e-08,3.464511200893446e-08
6.300641389811567e+01,8.548483824967664e-03,4.341339569538832e-04,5.661567251028532e-06,1.007764894127975e-05,6.263336223339197e-08,3.327623790445393e-08
6.477520705825772e+01,8.537861145454829e-03,4.341339569538832e-04,5.416241627115719e-06,1.011408135441888e-05,6.062832328235793e-08,3.195202250577838e-08
6.659365594469479e+01,8.527685429762401e-03,4.341339569538832e-04,5.179345743901318e-06,1.013390254602685e-05,5.867960190162181e-08,3.067119019856601e-08
6.846315455374581e+01,8.517943337580417e-03,4.341339569538832e-04,4.950648426912602e-06,1.013503464412356e-05,5.678570268858145e-08,2.943249979520262e-08
7.038513601570020e+01,8.508625451339593e-03,4.341339569538832e-04,4.729905674478431e-06,1.011874162242932e-05,5.494517215840648e-08,2.823474363548165e-08
7.236107369343496e+01,8.499717180752967e-03,4.341339569538832e-04,4.516870568490612e-06,1.008572724210241e-05,5.315659762143217e-08,2.707674671464702e-08
7.439248231187246e+01,8.491212108564454e-03,4.341339569538832e-04,4.311326882617717e-06,1.003508767968274e-05,5.141860609108687e-08,2.595736583810518e-08
7.648091911914729e+01,8.483091166431665e-03,4.341339569538832e-04,4.113048949678656e-06,9.965857399008781e-06,4.972986322143711e-08,2.487548880211461e-08
7.862798508036937e+01,8.475342429467113e-03,4.341339569538832e-04,3.921819375289444e-06,9.879713339471832e-06,4.808907227345427e-08,2.383003359977043e-08
8.083532610490064e+01,8.467954860736959e-03,4.341339569538832e-04,3.737432134968421e-06,9.777499841118612e-06,4.649497310911201e-08,2.281994765159834e-08
8.310463430808446e+01,8.460917596203810e-03,4.341339569538832e-04,3.559680219266015e-06,9.657686458418667e-06,4.494634121243816e-08,2.184420706007322e-08
8.543764930839747e+01,8.454221414478789e-03,4.341339569538832e-04,3.388367699413699e-06,9.520448003275386e-06,4.344198673664761e-08,2.090181588736992e-08
8.783615956101504e+01,8.432717866840246e-03,4.341339569538832e-04,3.223303413799401e-06,9.368071036094635e-06,4.198075357649156e-08,1.999180545564603e-08
9.030200372881497e+01,8.426687658632120e-03,4.341339569538832e-04,3.064300347797721e-06,9.199873707831166e-06,4.056151846495646e-08,1.911323366914045e-08
9.283707209186976e+01,8.420968497575988e-03,4.341339569538832e-04,2.911177983550646e-06,9.015457916157825e-06,3.918319009344526e-08,1.826518435735261e-08
9.544330799650695e+01,8.415548331986185e-03,4.341339569538832e-04,2.763761234641239e-06,8.814358199757354e-06,3.784470825456879e-08,1.744676663854247e-08
9.812270934505105e+01,8.410417806673582e-03,4.341339569538832e-04,2.621880518514188e-06,8.597125462597628e-06,3.654504300666199e-08,1.665711430275735e-08
1.008773301273855e+02,8.405573123872098e-03,4.341339569538832e-04,2.485370944956260e-06,8.363579862254227e-06,3.528319385912846e-08,1.589538521355445e-08
1.037092819955119e+02,8.401011593251635e-03,4.341339569538832e-04,2.354073198221318e-06,8.114166781951196e-06,3.405818897769094e-08,1.516076072753673e-08
1.066207358823102e+02,8.316558679402942e-03,4.341339569538832e-04,2.227832491194787e-06,7.848400587605332e-06,3.286908440860060e-08,1.445244513076271e-08
1.096139236657458e+02,8.312520581619066e-03,4.341339569538832e-04,2.106499538759889e-06,7.567893120752376e-06,3.171496332081785e-08,1.376966509101811e-08
1.126911398797936e+02,8.308726041559258e-03,4.341339569538832e-04,1.989930920585238e-06,7.272787359728434e-06,3.059493526513462e-08,1.311166912485542e-08
1.158547434733945e+02,8.305180068331712e-03,4.341339569538832e-04,1.877982730826105e-06,6.965254535905049e-06,2.950813544914594e-08,1.247772707820372e-08
1.191071596187905e+02,8.172182767231978e-03,4.341339569538832e-04,1.770523859621317e-06,6.646001161598739e-06,2.845372402690977e-08,1.186712961923456e-08
1.224508815706274e+02,8.169096882057312e-03,4.341339569538832e-04,1.667420666219233e-06,6.314807893752187e-06,2.743088540204156e-08,1.127918774202476e-08
1.258884725772463e+02,8.166222568606095e-03,4.341339569538832e-04,1.568547698641839e-06,5.973549320859347e-06,2.643882754288405e-08,1.071323227939187e-08
1.294225678456333e+02,8.163567513504643e-03,4.341339569538832e-04,1.473782880288815e-06,5.626538359540691e-06,2.547678130825498e-08,1.016861342307519e-08
1.330558765615290e+02,7.981531561162401e-03,4.341339569538832e-04,1.383007854509106e-06,5.276130886221684e-06,2.454399978211304e-08,9.644700249198888e-09
1.367911839662527e+02,7.979259781782917e-03,4.341339569538832e-04,1.296109602358569e-06,4.922771798416235e-06,2.363975761527734e-08,9.140880246668988e-09
1.406313534918264e+02,7.977182912282211e-03,4.341339569538832e-04,1.212976454911132e-06,4.569686488847008e-06,2.276335037209000e-08,8.656558845816748e-09
1.445793289560401e+02,7.749658460663346e-03,4.341339569538832e-04,1.133503756610639e-06,4.224040230176279e-06,2.191409387960179e-08,8.191158944192650e-09
1.486381368191393e+02,7.747917958541738e-03,4.341339569538832e-04,1.057589246653753e-06,3.886138442302294e-06,2.109132357648354e-08,7.744120425923218e-09
1.528108885038657e+02,7.746347682500423e-03,4.341339569538832e-04,9.851335184298471e-07,3.557965156003158e-06,2.029439385839426e-08,7.314899670445603e-09
1.571007827806280e+02,7.478168183301937e-03,4.341339569538832e-04,9.160414685545314e-07,3.240798275564392e-06,1.952267741595280e-08,6.902969045709154e-09
1.615111082196326e+02,7.476890355894473e-03,4.341339569538832e-04,8.502207049559986e-07,2.935345338494938e-06,1.877556456072346e-08,6.507816380039543e-09
1.660452457118537e+02,7.163593739512940e-03,4.341339569538832e-04,7.875827758684449e-07,2.643010840370309e-06,1.805246253370327e-08,6.128944405761061e-09
1.707066710607735e+02,7.162575786621255e-03,4.341339569538832e-04,7.280426818222820e-07,2.364904276698102e-06,1.735279478962762e-08,5.765870166303188e-09
1.754989576468844e+02,6.811551956289345e-03,4.341339569538832e-04,6.715206717346666e-07,2.101504522553585e-06,1.667600024891658e-08,5.418124376800539e-09
1.804257791669889e+02,6.810764672994695e-03,4.341339569538832e-04,6.179387127710873e-07,1.853085045166993e-06,1.602153250716903e-08,5.085250726026926e-09
1.854909124504023e+02,6.420476660646472e-03,4.341339569538832e-04,5.672214882028977e-07,1.620604511463969e-06,1.538885898962820e-08,4.766805104736500e-09
1.906982403542138e+02,6.419888434264636e-03,4.341339569538832e-04,5.192961719168441e-07,1.404426404284063e-06,1.477746003480527e-08,4.462354741922837e-09
1.960517547398296e+02,5.995909327179715e-03,4.341339569538832e-04,4.740917612892995e-07,3.644209680576761e-06,1.418682788718274e-08,4.171477225870795e-09
2.015555595330747e+02,5.995484353774834e-03,4.341339569538832e-04,4.315387646979591e-07,3.460609903523247e-06,1.361646557325145e-08,3.893759380780828e-09
2.072138738702023e+02,5.538601090073046e-03,4.341339569538832e-04,3.915683274226542e-07,3.293095428122273e-06,1.306588562751770e-08,3.628795961632354e-09
2.130310353322211e+02,5.538310411395467e-03,4.341339569538832e-04,3.541087593213637e-07,3.142138893391521e-06,1.253460862476903e-08,3.376188119024242e-09
2.190115032700234e+02,5.059574860109189e-03,4.341339569538832e-04,3.190940278074338e-07,3.006660367137376e-06,1.202216146065245e-08,3.135541570808995e-09
2.251598622228569e+02,4.558286743149745e-03,4.341339569538832e-04,2.864218848478429e-07,2.885947776200280e-06,1.152807530278016e-08,2.906464396672738e-09
2.314808254327663e+02,4.558147289279400e-03,4.341339569538832e-04,2.559791018846281e-07,2.780383918828765e-06,1.105188310651985e-08,2.688564342752611e-09
2.379792384576936e+02,4.042414192455996e-03,4.341339569538832e-04,2.276546789818850e-07,2.690185056388499e-06,1.059311654932025e-08,2.481445481830632e-09
2.446600828860152e+02,3.515017488361973e-03,4.341339569538832e-04,2.013413657428851e-07,2.615152278300623e-06,1.015130217850141e-08,2.284704014148896e-09
2.515284801553522e+02,3.514968434136811e-03,4.341339569538832e-04,1.769364188900280e-07,2.555658912880206e-06,9.725956479651646e-09,2.097922904066772e-09
2.585896954785907e+02,2.982374522382796e-03,4.341339569538832e-04,1.543424981605375e-07,2.511829395062421e-06,9.316579439174802e-09,1.920664911482957e-09
2.658491418801168e+02,2.455556897668742e-03,4.341339569538832e-04,1.334661446224002e-07,2.479686082661127e-06,8.922645966378107e-09,1.752463365108384e-09
2.733123843453607e+02,1.948624510943537e-03,4.341339569538832e-04,1.142202912809815e-07,2.458137198874040e-06,8.543594207490921e-09,1.592809686498345e-09
2.809851440868353e+02,1.470698074270664e-03,4.341339569538832e-04,9.652266948196649e-08,2.447481046589709e-06,8.178809235153889e-09,1.441136117374231e-09
2.888733029299328e+02,1.470695654395939e-03,4.341339569538832e-04,8.030003143151027e-08,2.443402725928031e-06,7.827599661046174e-09,1.296791155542543e-09
2.969829078218466e+02,1.037142754920762e-03,4.341339569538832e-04,6.548392425873791e-08,2.440700275537434e-06,7.489163059930025e-09,1.159003527510157e-09
3.053201754670704e+02,6.598317266812756e-04,4.341339569538832e-04,5.201746784272189e-08,2.439405358963244e-06,7.162533014293108e-09,1.026827417516036e-09
3.138914970930363e+02,3.547156465893700e-04,4.341339569538832e-04,3.985495403894745e-08,2.439290311441895e-06,6.846494560455923e-09,8.990555937146324e-10
3.227034433495343e+02,1.367439865821461e-04,4.341339569538832e-04,2.896729276857469e-08,2.439290306824719e-06,6.539442230020201e-09,7.740743920323264e-10
3.317627693456773e+02,1.522185488829975e-05,4.341339569538832e-04,1.934482836136142e-08,2.439290303989277e-06,6.239126441858777e-09,6.496058948423717e-10
3.410764198282660e+02,0.000000000000000e+00,4.341339569538832e-04,1.101240945589457e-08,2.439290303026315e-06,5.942163033028899e-09,5.222112730437198e-10
3.506515345055349e+02,0.000000000000000e+00,4.341339569538832e-04,4.043451094877649e-09,2.439290302703825e-06,5.642979050414953e-09,3.862266054011899e-10
3.604954535203450e+02,0.000000000000000e+00,4.341339569538832e-04,0.000000000000000e+00,2.439290302504787e-06,5.331182235997406e-09,2.311139125526144e-10
3.706157230770315e+02,0.000000000000000e+00,4.341339569538832e-04,0.000000000000000e+00,2.439290302427918e-06,4.983285304734680e-09,3.314279761748158e-11
3.810201012262108e+02,0.000000000000000e+00,4.341339569538832e-04,0.000000000000000e+00,2.439290302426531e-06,4.522476395655210e-09,7.213879196426208e-14
3.917165638119929e+02,0.000000000000000e+00,0.000000000000000e+00,0.000000000000000e+00,1.219936843232238e-19,0.000000000000000e+00,0.000000000000000e+00
4.027133105861442e+02,0.000000000000000e+00,0.000000000000000e+00,0.000000000000000e+00,1.321408352949798e-20,0.000000000000000e+00,0.000000000000000e+00
4.140187714938976e+02,0.000000000000000e+00,0.000000000000000e+00,0.000000000000000e+00,0.000000000000000e+00,0.000000000000000e+00,0.000000000000000e+00
4.256416131362263e+02,0.000000000000000e+00,0.000000000000000e+00,0.000000000000000e+00,0.000000000000000e+00,0.000000000000000e+00,0.000000000000000e+00
4.375907454135299e+02,0.000000000000000e+00,0.000000000000000e+00,0.000000000000000e+00,0.000000000000000e+00,0.000000000000000e+00,0.000000000000000e+00
4.498753283558389e+02,0.000000000000000e+00,0.000000000000000e+00,0.000000000000000e+00,0.000000000000000e+00,0.000000000000000e+00,0.000000000000000e+00
4.625047791447561e+02,0.000000000000000e+00,0.000000000000000e+00,0.000000000000000e+00,0.000000000000000e+00,0.000000000000000e+00,0.000000000000000e+00
4.754887793325324e+02,0.000000000000000e+00,0.000000000000000e+00,0.000000000000000e+00,0.000000000000000e+00,0.000000000000000e+00,0.000000000000000e+00
4.888372822637992e+02,0.000000000000000e+00,0.000000000000000e+00,0.000000000000000e+00,0.000000000000000e+00,0.000000000000000e+00,0.000000000000000e+00
5.025605207056625e+02,0.000000000000000e+00,0.000000000000000e+00,0.000000000000000e+00,0.000000000000000e+00,0.000000000000000e+00,0.000000000000000e+00
5.166690146919885e+02,0.000000000000000e+00,0.000000000000000e+00,0.000000000000000e+00,0.000000000000000e+00,0.000000000000000e+00,0.000000000000000e+00
5.311735795879101e+02,0.000000000000000e+00,0.000000000000000e+00,0.000000000000000e+00,0.000000000000000e+00,0.000000000000000e+00,0.000000000000000e+00
5.460853343807231e+02,0.000000000000000e+00,0.000000000000000e+00,0.000000000000000e+00,0.000000000000000e+00,0.000000000000000e+00,0.000000000000000e+00
5.614157102035458e+02,0.000000000000000e+00,0.000000000000000e+00,0.000000000000000e+00,0.000000000000000e+00,0.000000000000000e+00,0.000000000000000e+00
5.771764590982538e+02,0.000000000000000e+00,0.000000000000000e+00,0.000000000000000e+00,0.000000000000000e+00,0.000000000000000e+00,0.000000000000000e+00
5.933796630244262e+02,0.000000000000000e+00,0.000000000000000e+00,0.000000000000000e+00,0.000000000000000e+00,0.000000000000000e+00,0.000000000000000e+00
6.100377431211940e+02,0.000000000000000e+00,0.000000000000000e+00,0.000000000000000e+00,0.000000000000000e+00,0.000000000000000e+00,0.000000000000000e+00
6.271634692291109e+02,0.000000000000000e+00,0.000000000000000e+00,0.000000000000000e+00,0.000000000000000e+00,0.000000000000000e+00,0.000000000000000e+00
6.447699696793213e+02,0.000000000000000e+00,0.000000000000000e+00,0.000000000000000e+00,0.000000000000000e+00,0.000000000000000e+00,0.000000000000000e+00
6.628707413575502e+02,0.000000000000000e+00,0.000000000000000e+00,0.000000000000000e+00,0.000000000000000e+00,0.000000000000000e+00,0.000000000000000e+00
6.814796600506119e+02,0.000000000000000e+00,0.000000000000000e+00,0.000000000000000e+00,0.000000000000000e+00,0.000000000000000e+00,0.000000000000000e+00
7.006109910833943e+02,0.000000000000000e+00,0.000000000000000e+00,0.000000000000000e+00,0.000000000000000e+00,0.000000000000000e+00,0.000000000000000e+00
7.202794002544424e+02,0.000000000000000e+00,0.000000000000000e+00,0.000000000000000e+00,0.000000000000000e+00,0.000000000000000e+00,0.000000000000000e+00
7.404999650785464e+02,0.000000000000000e+00,0.000000000000000e+00,0.000000000000000e+00,0.000000000000000e+00,0.000000000000000e+00,0.000000000000000e+00
7.612881863449455e+02,0.000000000000000e+00,0.000000000000000e+00,0.000000000000000e+00,0.000000000000000e+00,0.000000000000000e+00,0.000000000000000e+00
7.826600000000000e+02,0.000000000000000e+00,0.000000000000000e+00,0.000000000000000e+00,0.000000000000000e+00,0.000000000000000e+00,0.000000000000000e+00
