# energy,mu_nu,pi_pi0,pi_pi_pi,pi0_e_nu,pi0_mu_nu,pi_pi0_pi0,e_nu
5.109989461000004e-01,5.840269808661692e-13,1.649356613835820e-13,8.877274568214000e-14,0.000000000000000e+00,2.339211934236966e-14,9.633020106801707e-15,0.000000000000000e+00
5.173670293495549e-01,2.599397181333787e-06,6.411329000420662e-07,3.451135988202853e-07,0.000000000000000e+00,8.898395274906896e-08,3.744909263230684e-08,0.000000000000000e+00
5.238144718318098e-01,3.744068276935410e-06,9.235459601316871e-07,4.971891991940166e-07,0.000000000000000e+00,1.281860247537471e-07,5.395072819242856e-08,0.000000000000000e+00
5.303422625237570e-01,4.670413935628406e-06,1.152151827595615e-06,6.203293072866900e-07,0.000000000000000e+00,1.599228490491925e-07,6.731228113101335e-08,0.000000000000000e+00
5.369514027270471e-01,5.492885784540059e-06,1.355173045260238e-06,7.297212846417770e-07,0.000000000000000e+00,1.881110481608215e-07,7.918180374921036e-08,0.000000000000000e+00
5.436429062215802e-01,6.255200304769805e-06,1.543389426552804e-06,8.311659028881464e-07,0.000000000000000e+00,2.142465910661509e-07,9.018876651970880e-08,0.000000000000000e+00
5.504177994210101e-01,6.979547786809316e-06,1.722272911741540e-06,9.276077800722539e-07,0.000000000000000e+00,2.390888555352351e-07,1.006527039229627e-07,0.000000000000000e+00
5.572771215301865e-01,7.679021612302306e-06,1.895052483757783e-06,1.020784695259854e-06,0.000000000000000e+00,2.630859655294220e-07,1.107621893800411e-07,0.000000000000000e+00
5.642219247045591e-01,8.362128099953771e-06,2.063826202656927e-06,1.111825976781307e-06,0.000000000000000e+00,2.865291124361422e-07,1.206397694150634e-07,0.000000000000000e+00
5.712532742115684e-01,9.034783414228394e-06,2.230053585296377e-06,1.201517441552922e-06,0.000000000000000e+00,3.096208833679750e-07,1.303707136636371e-07,0.000000000000000e+00
5.783722485940477e-01,9.701320378313482e-06,2.394803848574625e-06,1.290434964437576e-06,0.000000000000000e+00,3.325097097633102e-07,1.400175092532834e-07,0.000000000000000e+00
5.855799398356616e-01,1.036504528203816e-05,2.558893194207004e-06,1.379018342931094e-06,0.000000000000000e+00,3.553089180865571e-07,1.496278763064397e-07,0.000000000000000e+00
5.928774535284057e-01,1.102856803151939e-05,2.722966207572650e-06,1.467615091734980e-06,0.000000000000000e+00,3.781080252428676e-07,1.592395203641730e-07,0.000000000000000e+00
6.002659090421945e-01,1.169400888053144e-05,2.887546826819071e-06,1.556507864804856e-06,0.000000000000000e+00,4.009798113158687e-07,1.688831081294502e-07,0.000000000000000e+00
6.077464396965613e-01,1.236313370277222e-05,3.053071693660732e-06,1.645932398319397e-06,0.000000000000000e+00,4.239849474793830e-07,1.785842145761770e-07,0.000000000000000e+00
6.153201929344998e-01,1.303744577903757e-05,3.219912783198258e-06,1.736089685708812e-06,0.000000000000000e+00,4.471751362194545e-07,1.883646441412609e-07,0.000000000000000e+00
6.229883304984705e-01,1.371825000990727e-05,3.388393235623563e-06,1.827154495401872e-06,0.000000000000000e+00,4.705953082339357e-07,1.982433550400288e-07,0.000000000000000e+00
6.307520286086009e-01,1.440669902596265e-05,3.558798725151782e-06,1.919281487765429e-06,0.000000000000000e+00,4.942852000764277e-07,2.082371230528210e-07,0.000000000000000e+00
6.386124781431072e-01,1.510382705643656e-05,3.731385811164786e-06,2.012609708655781e-06,0.000000000000000e+00,5.182805130579708e-07,2.183610291455496e-07,0.000000000000000e+00
6.465708848209630e-01,1.581057530485433e-05,3.906388195742513e-06,2.107265956787701e-06,0.000000000000000e+00,5.426137816486640e-07,2.286288248793235e-07,0.000000000000000e+00
6.546284693868464e-01,1.652781129906614e-05,4.084021495888178e-06,2.203367352181424e-06,0.000000000000000e+00,5.673150357893081e-07,2.390532111223920e-07,0.000000000000000e+00
6.627864677983892e-01,1.725634388118277e-05,4.264486941050980e-06,2.301023326581867e-06,0.000000000000000e+00,5.924123140890083e-07,2.496460540351931e-07,0.000000000000000e+00
6.710461314157625e-01,1.799693498694350e-05,4.447974279338762e-06,2.400337188304976e-06,0.000000000000000e+00,6.179320672323890e-07,2.604185548724777e-07,0.000000000000000e+00
6.794087271936231e-01,1.875030902379643e-05,4.634664091929305e-06,2.501407368837726e-06,0.000000000000000e+00,6.438994792801298e-07,2.713813852492995e-07,0.000000000000000e+00
6.878755378754521e-01,1.951716042764775e-05,4.824729658652965e-06,2.604328428103571e-06,0.000000000000000e+00,6.703387267015532e-07,2.825447962171405e-07,0.000000000000000e+00
6.964478621903161e-01,2.029815982061039e-05,5.018338478860418e-06,2.709191874400449e-06,0.000000000000000e+00,6.972731895858994e-07,2.939187072279194e-07,0.000000000000000e+00
7.051270150520801e-01,2.109395908179952e-05,5.215653524501770e-06,2.816086840393037e-06,0.000000000000000e+00,7.247256257064451e-07,3.055127794765311e-07,0.000000000000000e+00
7.139143277611023e-01,2.190519556481162e-05,5.416834283013827e-06,2.925100646142939e-06,0.000000000000000e+00,7.527183154294760e-07,3.173364769841836e-07,0.000000000000000e+00
7.228111482084437e-01,2.273249563894928e-05,5.622037633665739e-06,3.036319272658374e-06,0.000000000000000e+00,7.812731835250018e-07,3.293991179706964e-07,0.000000000000000e+00
7.318188410826217e-01,2.357647768988180e-05,5.831418590814789e-06,3.149827763959144e-06,0.000000000000000e+00,8.104119025209708e-07,3.417099184686099e-07,0.000000000000000e+00
7.409387880789402e-01,2.443775468480092e-05,6.045130939973660e-06,3.265710571591245e-06,0.000000000000000e+00,8.401559811951224e-07,3.542780296912256e-07,0.000000000000000e+00
7.501723881114291e-01,2.531693638419232e-05,6.263327786936066e-06,3.384051852484307e-06,0.000000000000000e+00,8.705268410140496e-07,3.671125703366662e-07,0.000000000000000e+00
7.595210575274238e-01,2.621463126498365e-05,6.486162035928791e-06,3.504935728743494e-06,0.000000000000000e+00,9.015458827353442e-07,3.802226547602814e-07,0.000000000000000e+00
7.689862303248209e-01,2.713144820656211e-05,6.713786809487815e-06,3.628446516208681e-06,0.000000000000000e+00,9.332345449349651e-07,3.936174177568702e-07,0.000000000000000e+00
7.785693583720386e-01,2.806799798092106e-05,6.946355820234113e-06,3.754668927257306e-06,0.000000000000000e+00,9.656143558720183e-07,4.073060365469843e-07,0.000000000000000e+00
7.882719116307200e-01,2.902489458023633e-05,7.184023702763020e-06,3.883688252272395e-06,0.000000000000000e+00,9.987069798309813e-07,4.212977504470943e-07,0.000000000000000e+00
7.980953783812121e-01,3.000275640893115e-05,7.426946312322945e-06,4.015590523370037e-06,0.000000000000000e+00,1.032534258868019e-06,4.356018786136488e-07,0.000000000000000e+00
8.080412654508532e-01,3.100220736235859e-05,7.675280995744244e-06,4.150462663327495e-06,0.000000000000000e+00,1.067118250719459e-06,4.502278361801621e-07,0.000000000000000e+00
8.181110984451064e-01,3.202387781030930e-05,7.929186839112962e-06,4.288392622133474e-06,0.000000000000000e+00,1.102481263496473e-06,4.651851490500803e-07,0.000000000000000e+00
8.283064219815729e-01,3.306840550041081e-05,8.188824895909973e-06,4.429469503166138e-06,0.000000000000000e+00,1.138645887682644e-06,4.804834675630440e-07,0.000000000000000e+00
8.386287999269220e-01,3.413643639395564e-05,8.454358398713094e-06,4.573783680669456e-06,0.000000000000000e+00,1.175635025864636e-06,4.961325792157924e-07,0.000000000000000e+00
8.490798156367733e-01,3.522862544464317e-05,8.725952957054393e-06,4.721426909926866e-06,0.000000000000000e+00,1.213471920556124e-06,5.121424205894972e-07,0.000000000000000e+00
8.596610721985691e-01,3.634563732905008e-05,9.003776743613204e-06,4.872492431310210e-06,0.000000000000000e+00,1.252180180418036e-06,5.285230886113167e-07,0.000000000000000e+00
8.703741926774721e-01,3.748814713627353e-05,9.288000670588359e-06,5.027075069200642e-06,0.000000000000000e+00,1.291783805131397e-06,5.452848512582838e-07,0.000000000000000e+00
8.812208203653288e-01,3.865684102306511e-05,9.578798557815463e-06,5.185271326629241e-06,0.000000000000000e+00,1.332307209140595e-06,5.624381577954963e-07,0.000000000000000e+00
8.922026190327353e-01,3.985241683983921e-05,9.876347293965511e-06,5.347179476361847e-06,0.000000000000000e+00,1.373775244453055e-06,5.799936486271711e-07,0.000000000000000e+00
9.033212731842434e-01,4.107558473216530e-05,1.018082699197043e-05,5.512899649050225e-06,0.000000000000000e+00,1.416213222654836e-06,5.979621648280438e-07,0.000000000000000e+00
9.145784883167479e-01,4.232706772170609e-05,1.049242113966208e-05,5.682533918986477e-06,0.000000000000000e+00,1.459646936279692e-06,6.163547574133216e-07,0.000000000000000e+00
9.259759911810943e-01,4.360760227002126e-05,1.081131674647809e-05,5.856186387926143e-06,0.000000000000000e+00,1.504102679650605e-06,6.351826963976513e-07,0.000000000000000e+00
9.375155300469455e-01,4.491793882820045e-05,1.113770448697541e-05,6.033963267385384e-06,0.000000000000000e+00,1.549607269297307e-06,6.544574796870513e-07,0.000000000000000e+00
9.491988749709500e-01,4.625884237490322e-05,1.147177884179866e-05,6.215972959767268e-06,0.000000000000000e+00,1.596188064040246e-06,6.741908418422633e-07,0.000000000000000e+00
9.610278180682525e-01,4.763109294505830e-05,1.181373823666971e-05,6.402326138629183e-06,0.000000000000000e+00,1.643872984820302e-06,6.943947627473510e-07,0.000000000000000e+00
9.730041737873869e-01,4.903548615119487e-05,1.216378517989698e-05,6.593135828367210e-06,0.000000000000000e+00,1.692690534344222e-06,7.150814762134025e-07,0.000000000000000e+00
9.851297791885953e-01,5.047283369914334e-05,1.252212639884538e-05,6.788517483562533e-06,0.000000000000000e+00,1.742669816607705e-06,7.362634785438746e-07,0.000000000000000e+00
9.974064942256173e-01,5.194396389963866e-05,1.288897297575788e-05,6.988589068208437e-06,0.000000000000000e+00,1.793840556351217e-06,7.579535370852495e-07,0.000000000000000e+00
1.009836202030987e+00,5.344972217718587e-05,1.326454048327723e-05,7.193471135014043e-06,0.000000000000000e+00,1.846233118497753e-06,7.801646987841957e-07,0.000000000000000e+00
1.022420809204891e+00,5.499097157739674e-05,1.364904911998034e-05,7.403286904961713e-06,0.000000000000000e+00,1.899878527616774e-06,8.029102987703940e-07,0.000000000000000e+00
1.035162246107619e+00,5.656859327387658e-05,1.404272384620570e-05,7.618162347278281e-06,0.000000000000000e+00,1.954808487454160e-06,8.262039689823203e-07,0.000000000000000e+00
1.048062467155666e+00,5.818348707562808e-05,1.444579452042751e-05,7.838226259966277e-06,0.000000000000000e+00,2.011055400564347e-06,8.500596468517771e-07,0.000000000000000e+00
1.061123451121521e+00,5.983657193584132e-05,1.485849603640665e-05,8.063610351028774e-06,0.000000000000000e+00,2.068652388077517e-06,8.744915840616123e-07,0.000000000000000e+00
1.074347201437190e+00,6.152878646285287e-05,1.528106846132810e-05,8.294449320511232e-06,0.000000000000000e+00,2.127633309632019e-06,8.995143553899046e-07,0.000000000000000e+00
1.087735746501506e+00,6.326108943398384e-05,1.571375717511648e-05,8.530880943474137e-06,6.317086775619438e-08,2.188032783499659e-06,9.251428676529236e-07,0.000000000000000e+00
1.101291139991265e+00,6.503446031289964e-05,1.615681301110647e-05,8.773046154002753e-06,6.596750446553963e-08,2.249886206929481e-06,9.513923687582769e-07,0.000000000000000e+00
1.115015461176242e+00,6.684989977107820e-05,1.661049239823069e-05,9.021089130353248e-06,6.879899294027460e-08,2.313229776733809e-06,9.782784568789564e-07,0.000000000000000e+00
1.128910815238129e+00,6.870843021392115e-05,1.707505750487648e-05,9.275157381328556e-06,7.166576750408056e-08,2.378100510138690e-06,1.005817089758305e-06,0.000000000000000e+00
1.142979333593453e+00,7.061109631199926e-05,1.755077638455203e-05,9.535401833972310e-06,7.456826789319273e-08,2.444536265919539e-06,1.034024594155409e-06,0.000000000000000e+00
1.157223174220511e+00,7.255896553788096e-05,1.803792312349367e-05,9.801976922664764e-06,7.750693932385166e-08,2.512575765841532e-06,1.062917675439909e-06,0.000000000000000e+00
1.171644521990391e+00,7.455312870896004e-05,1.853677799033804e-05,1.007504067970075e-05,8.048223256059519e-08,2.582258616423260e-06,1.092513427344826e-06,0.000000000000000e+00
1.186245589002101e+00,7.659470053666398e-05,1.904762758797559e-05,1.035475482742654e-05,8.349460398540163e-08,2.653625331041222e-06,1.122829341885625e-06,0.000000000000000e+00
1.201028614921892e+00,7.868482018239758e-05,1.957076500769591e-05,1.064128487200953e-05,8.654451566769418e-08,2.726717352391904e-06,1.153883319453443e-06,0.000000000000000e+00
1.215995867326798e+00,8.082465182054960e-05,2.010648998572973e-05,1.093480019891253e-05,8.963243543521833e-08,2.801577075327542e-06,1.185693679090139e-06,0.000000000000000e+00
1.231149642052462e+00,8.301538520886696e-05,2.065510906228764e-05,1.123547417014205e-05,9.275883694580209e-08,2.878247870080944e-06,1.218279168952582e-06,0.000000000000000e+00
1.246492263545296e+00,8.525823626647937e-05,2.121693574319101e-05,1.154348422333845e-05,9.592419976001060e-08,2.956774105894322e-06,1.251658976973431e-06,0.000000000000000e+00
1.262026085219027e+00,8.755444765983782e-05,2.179229066418718e-05,1.185901197277443e-05,9.912900941470627e-08,3.037201175066527e-06,1.285852741725468e-06,0.000000000000000e+00
1.277753489815692e+00,8.990528939681195e-05,2.238150175803683e-05,1.218224331232691e-05,1.023737574975256e-07,3.119575517432688e-06,1.320880563496430e-06,0.000000000000000e+00
1.293676889771125e+00,9.231205942917423e-05,2.298490442445935e-05,1.251336852048643e-05,1.056589417222840e-07,3.203944645289899e-06,1.356763015581149e-06,0.000000000000000e+00
1.309798727585004e+00,9.477608426368406e-05,2.360284170301776e-05,1.285258236746758e-05,1.089850660053205e-07,3.290357168782275e-06,1.393521155797756e-06,0.000000000000000e+00
1.326121476195506e+00,9.729871958196815e-05,2.423566444902421e-05,1.320008422448308e-05,1.123526405427938e-07,3.378862821758419e-06,1.431176538234585e-06,0.000000000000000e+00
1.342647639358634e+00,9.988135086938161e-05,2.488373151254249e-05,1.355607817524377e-05,1.157621818889413e-07,3.469512488114093e-06,1.469751225234382e-06,0.000000000000000e+00
1.359379752032268e+00,1.025253940530192e-04,2.554740992056411e-05,1.392077312974640e-05,1.192142130353139e-07,3.562358228632714e-06,1.509267799622384e-06,0.000000000000000e+00
1.376320380765006e+00,1.052322961490339e-04,2.622707506243085e-05,1.429438294041103e-05,1.227092634909982e-07,3.657453308336019e-06,1.549749377184793e-06,0.000000000000000e+00
1.393472124089844e+00,1.080035359194063e-04,2.692311087857601e-05,1.467712652062943e-05,1.262478693638375e-07,3.754852224357173e-06,1.591219619404137e-06,0.000000000000000e+00
1.410837612922772e+00,1.108406245382985e-04,2.763591005265438e-05,1.506922796578613e-05,1.298305734426664e-07,3.854610734348438e-06,1.633702746458036e-06,0.000000000000000e+00
1.428419510966328e+00,1.137451062681106e-04,2.836587420712955e-05,1.547091667681378e-05,1.334579252805692e-07,3.956785885435313e-06,1.677223550487869e-06,0.000000000000000e+00
1.446220515118187e+00,1.167185591453490e-04,2.911341410238575e-05,1.588242748634447e-05,1.371304812791763e-07,4.061436043729041e-06,1.721807409143844e-06,0.000000000000000e+00
1.464243355884837e+00,1.197625956764018e-04,2.987894983943015e-05,1.630400078751914e-05,1.408488047740106e-07,4.168620924409261e-06,1.767480299412995e-06,0.000000000000000e+00
1.482490797800416e+00,1.228788635433055e-04,3.066291106624971e-05,1.673588266551719e-05,1.446134661208985e-07,4.278401622388425e-06,1.814268811736674e-06,0.000000000000000e+00
1.500965639850763e+00,1.260690463195748e-04,3.146573718788564e-05,1.717832503186911e-05,1.484250427834565e-07,4.390840643569597e-06,1.862200164424080e-06,0.000000000000000e+00
1.519670715902759e+00,1.293348641961550e-04,3.228787758028765e-05,1.763158576161481e-05,1.522841194216689e-07,4.506001936709172e-06,1.911302218368472e-06,0.000000000000000e+00
1.538608895139014e+00,1.326780747175435e-04,3.312979180800793e-05,1.809592883337142e-05,1.561912879815694e-07,4.623950925895927e-06,1.961603492072683e-06,0.000000000000000e+00
1.557783082497969e+00,1.361004735281151e-04,3.399194984579426e-05,1.857162447237411e-05,1.601471477860399e-07,4.744754543657791e-06,2.013133176990639e-06,0.000000000000000e+00
1.577196219119494e+00,1.396038951286716e-04,3.487483230413994e-05,1.905894929655466e-05,1.641523056267405e-07,4.868481264707676e-06,2.065921153191631e-06,0.000000000000000e+00
1.596851282796025e+00,1.431902136432235e-04,3.577893065884720e-05,1.955818646572229e-05,1.682073758571863e-07,4.995201140339613e-06,2.119998005354085e-06,0.000000000000000e+00
1.616751288429330e+00,1.468613435959954e-04,3.670474748465885e-05,2.006962583391274e-05,1.723129804869835e-07,5.124985833486378e-06,2.175395039095710e-06,0.000000000000000e+00
1.636899288492969e+00,1.506192406986360e-04,3.765279669301188e-05,2.059356410497118e-05,1.764697492772389e-07,5.257908654449710e-06,2.232144297646887e-06,0.000000000000000e+00
1.657298373500514e+00,1.544659026475946e-04,3.862360377396550e-05,2.113030499143602e-05,1.806783198371606e-07,5.394044597314272e-06,2.290278578874245e-06,0.000000000000000e+00
1.677951672479603e+00,1.584033699316100e-04,3.961770604235328e-05,2.168015937679060e-05,1.849393377218599e-07,5.533470377056207e-06,2.349831452661414e-06,0.000000000000000e+00
1.698862353451904e+00,1.624337266492483e-04,4.063565288820938e-05,2.224344548115105e-05,1.892534565313747e-07,5.676264467357313e-06,2.410837278654058e-06,0.000000000000000e+00
1.720033623919062e+00,1.665591013363974e-04,4.167800603151499e-05,2.282048903045854e-05,1.936213380109245e-07,5.822507139135593e-06,2.473331224376223e-06,0.000000000000000e+00
1.741468731354696e+00,1.707816678036166e-04,4.274533978131100e-05,2.341162342924536e-05,1.980436521524168e-07,5.972280499802933e-06,2.537349283725248e-06,0.000000000000000e+00
1.763170963702534e+00,1.751036459832197e-04,4.383824129922000e-05,2.401718993704471e-05,2.025210772972165e-07,6.125668533260518e-06,2.602928295852442e-06,0.000000000000000e+00
1.785143649880752e+00,1.795273027859484e-04,4.495731086741887e-05,2.463753784851479e-05,2.070543002401985e-07,6.282757140642575e-06,2.670105964436806e-06,0.000000000000000e+00
1.807390160292594e+00,1.840549529670690e-04,4.610316216110118e-05,2.527302467734816e-05,2.116440163350939e-07,6.443634181818695e-06,2.738920877359160e-06,0.000000000000000e+00
1.829913907343369e+00,1.886889600017149e-04,4.727642252546637e-05,2.592401634403871e-05,2.162909296011522e-07,6.608389517665203e-06,2.809412526784098e-06,0.000000000000000e+00
1.852718345963874e+00,1.934317369692602e-04,4.847773325726970e-05,2.659088736757831e-05,2.209957528311304e-07,6.777115053115524e-06,2.881621329657203e-06,0.000000000000000e+00
1.875806974140351e+00,1.982857474464972e-04,4.970774989096486e-05,2.727402106115645e-05,2.257592077006286e-07,6.949904780999536e-06,2.955588648625035e-06,0.000000000000000e+00
1.899183333451047e+00,2.032535064093610e-04,5.096714248946883e-05,2.797380973193705e-05,2.305820248787892e-07,7.126854826681865e-06,3.031356813385526e-06,0.000000000000000e+00
1.922851009609455e+00,2.083375811429172e-04,5.225659593957358e-05,2.869065488498616e-05,2.354649441403735e-07,7.308063493508421e-06,3.108969142476293e-06,0.000000000000000e+00
1.946813633014331e+00,2.135405921593051e-04,5.357681025202901e-05,2.942496743142626e-05,2.404087144792367e-07,7.493631309070821e-06,3.188469965508631e-06,0.000000000000000e+00
1.971074879306563e+00,2.188652141232955e-04,5.492850086631590e-05,3.017716790089243e-05,2.454140942232167e-07,7.683661072297761e-06,3.269904645854857e-06,0.000000000000000e+00
1.995638469932978e+00,2.243141767850960e-04,5.631239896012459e-05,3.094768665836663e-05,2.504818511504544e-07,7.878257901382236e-06,3.353319603796783e-06,0.000000000000000e+00
2.020508172717178e+00,2.298902659200017e-04,5.772925176355240e-05,3.173696412546682e-05,2.556127626071631e-07,8.077529282553223e-06,3.438762340143043e-06,0.000000000000000e+00
2.045687802437491e+00,2.355963242744586e-04,5.917982287802763e-05,3.254545100626833e-05,2.608076156268667e-07,8.281585119700332e-06,3.526281460323251e-06,0.000000000000000e+00
2.071181221412118e+00,2.414352525180699e-04,6.066489259996378e-05,3.337360851773490e-05,2.660672070511232e-07,8.490537784859285e-06,3.615926698966673e-06,0.000000000000000e+00
2.096992340091578e+00,2.474100102010398e-04,6.218525824914417e-05,3.422190862483771e-05,2.713923436517521e-07,8.704502169566001e-06,3.707748944973451e-06,0.000000000000000e+00
2.123125117658537e+00,2.535236167165108e-04,6.374173450183138e-05,3.509083428044131e-05,2.767838422545867e-07,8.923595737086716e-06,3.801800267086201e-06,0.000000000000000e+00
2.149583562635102e+00,2.597791522672116e-04,6.533515372859100e-05,3.598087967003461e-05,2.822425298647659e-07,9.147938575530824e-06,3.898133939969961e-06,0.000000000000000e+00
2.176371733497700e+00,2.661797588357851e-04,6.696636633681444e-05,3.689255046138715e-05,2.877692437935907e-07,9.377653451853286e-06,3.996804470808395e-06,0.000000000000000e+00
2.203493739299603e+00,2.727286411581319e-04,6.863624111791922e-05,3.782636405920968e-05,2.933648317869588e-07,9.612865866752384e-06,4.097867626424232e-06,0.000000000000000e+00
2.230953740301221e+00,2.794290676990435e-04,7.034566559919934e-05,3.878284986489860e-05,2.996584953097233e-07,9.853704110468546e-06,4.201380460931858e-06,0.000000000000000e+00
2.258755948608247e+00,2.862843716293693e-04,7.209554640029273e-05,3.976254954144533e-05,3.069989971342878e-07,1.010029931948923e-05,4.307401343930016e-06,0.000000000000000e+00
2.286904628817754e+00,2.932979518038887e-04,7.388680959422401e-05,4.076601728358907e-05,3.144309764992054e-07,1.035278553416439e-05,4.415989989242515e-06,0.000000000000000e+00
2.315404098672341e+00,3.004732737390280e-04,7.572040107297708e-05,4.179382009329479e-05,3.219555734001591e-07,1.061129975723635e-05,4.527207484214864e-06,0.000000000000000e+00
2.344258729722440e+00,3.078138705894878e-04,7.759728691754096e-05,4.284653806063532e-05,3.295739420394896e-07,1.087598201328741e-05,4.641116319574702e-06,0.000000000000000e+00
2.373472947996867e+00,3.153233441228004e-04,7.951845377236696e-05,4.392476465015823e-05,3.372872510032405e-07,1.114697540910766e-05,4.757780419863814e-06,0.000000000000000e+00
2.403051234681732e+00,3.230053656907657e-04,8.148490922416585e-05,4.502910699281710e-05,3.450966834404065e-07,1.142442619498493e-05,4.877265174449544e-06,0.000000000000000e+00
2.432998126807813e+00,3.308636771966572e-04,8.349768218496485e-05,4.616018618354719e-05,3.530034372444191e-07,1.170848382691785e-05,4.999637469123305e-06,0.000000000000000e+00
2.463318217946495e+00,3.389020920570209e-04,8.555782327933637e-05,4.731863758456426e-05,3.610087252368915e-07,1.199930102975230e-05,5.124965718293840e-06,0.000000000000000e+00
2.494016158914376e+00,3.471244961568082e-04,8.766640523569699e-05,4.850511113446581e-05,3.691137753536534e-07,1.229703386124056e-05,5.253319897782743e-06,0.000000000000000e+00
2.525096658486664e+00,3.555348487965333e-04,8.982452328157105e-05,4.972027166321312e-05,3.773198308331059e-07,1.260184177702173e-05,5.384771578229802e-06,0.000000000000000e+00
2.556564484119456e+00,3.641371836300416e-04,9.203329554269587e-05,5.096479921307151e-05,3.856281504069221e-07,1.291388769652053e-05,5.519393959115417e-06,0.000000000000000e+00
2.588424462681018e+00,3.729356095914145e-04,9.429386344583766e-05,5.223938936558615e-05,3.940400084931239e-07,1.323333806976139e-05,5.657261903407382e-06,0.000000000000000e+00
2.620681481192188e+00,3.819343118094412e-04,9.660739212517663e-05,5.354475357466924e-05,4.025566953915675e-07,1.356036294509250e-05,5.798451972839167e-06,0.000000000000000e+00
2.653340487575993e+00,3.911375525080035e-04,9.897507083210187e-05,5.488161950587391e-05,4.111795174818616e-07,1.389513603781440e-05,5.943042463826548e-06,0.000000000000000e+00
2.686406491416617e+00,4.005496718906239e-04,1.013981133482492e-04,5.625073138192869e-05,4.199097974237543e-07,1.423783479970571e-05,6.091113444029445e-06,0.000000000000000e+00
2.719884564727822e+00,4.101750890073352e-04,1.038777584015979e-04,5.765285033460560e-05,4.287488743600168e-07,1.458864048943768e-05,6.242746789565587e-06,0.000000000000000e+00
2.753779842730951e+00,4.200183026019230e-04,1.064152700854276e-04,5.908875476299293e-05,4.376981041218557e-07,1.494773824386748e-05,6.398026222882309e-06,0.000000000000000e+00
2.788097524642615e+00,4.300838919374878e-04,1.090119382799220e-04,6.055924069824238e-05,4.467588594368832e-07,1.531531715019916e-05,6.557037351292735e-06,0.000000000000000e+00
2.822842874472214e+00,4.403765175981698e-04,1.116690790761906e-04,6.206512217485951e-05,4.559325301396829e-07,1.569157031899927e-05,6.719867706182277e-06,0.000000000000000e+00
2.858021221829379e+00,4.509009222647494e-04,1.143880352024603e-04,6.360723160860244e-05,4.652205233849951e-07,1.607669495805249e-05,6.886606782891103e-06,0.000000000000000e+00
2.893637962741485e+00,4.616619314617301e-04,1.171701764521735e-04,6.518642018105389e-05,4.746242638635627e-07,1.647089244704123e-05,7.057346081277946e-06,0.000000000000000e+00
2.929698560481353e+00,4.726644542733746e-04,1.200169001137076e-04,6.680355823092808e-05,4.841451940206643e-07,1.687436841303097e-05,7.232179146970450e-06,0.000000000000000e+00
2.966208546405266e+00,4.839134840260393e-04,1.229296314014155e-04,6.845953565217185e-05,4.937847742773727e-07,1.728733280674122e-05,7.411201613306686e-06,0.000000000000000e+00
3.003173520801421e+00,4.954140989340027e-04,1.259098238876593e-04,7.015526229891632e-05,5.035444832545684e-07,1.770999997958034e-05,7.594511243972266e-06,0.000000000000000e+00
3.040599153748967e+00,5.071714627058606e-04,1.289589599354964e-04,7.189166839733418e-05,5.134258179997479e-07,1.814258876141969e-05,7.782207976337245e-06,0.000000000000000e+00
3.078491185987736e+00,5.191908251083820e-04,1.320785511316458e-04,7.366970496445126e-05,5.234302942166548e-07,1.858532253908085e-05,7.974393965496107e-06,0.000000000000000e+00
3.116855429798824e+00,5.314775224845915e-04,1.352701387193450e-04,7.549034423396162e-05,5.335594464977761e-07,1.903842933550704e-05,8.171173629014341e-06,0.000000000000000e+00
3.155697769896137e+00,5.440369782226535e-04,1.385352940306789e-04,7.735458008908830e-05,5.438148285597335e-07,1.950214188958750e-05,8.372653692384093e-06,0.000000000000000e+00
3.195024164329051e+00,5.568747031719846e-04,1.418756189179392e-04,7.926342850253013e-05,5.541980134816084e-07,1.997669773660058e-05,8.578943235191154e-06,0.000000000000000e+00
3.234840645396321e+00,5.699962960028239e-04,1.452927461835426e-04,8.121792798353032e-05,5.647105939462389e-07,2.046233928923939e-05,8.790153737995032e-06,0.000000000000000e+00
3.275153320571380e+00,5.834074435053165e-04,1.487883400080078e-04,8.321914003209665e-05,5.753541824845207e-07,2.095931391917974e-05,9.006399129923041e-06,0.000000000000000e+00
3.315968373439163e+00,5.971139208239591e-04,1.523640963754633e-04,8.526814960040060e-05,5.861304117227550e-07,2.146787403914822e-05,9.227795836979022e-06,0.000000000000000e+00
3.357292064644620e+00,6.111215916230698e-04,1.560217434961250e-04,8.736606556137609e-05,5.970409346330783e-07,2.198827718544440e-05,9.454462831066495e-06,0.000000000000000e+00
3.399130732853031e+00,6.254364081787105e-04,1.597630422251480e-04,8.951402118453264e-05,6.146686256151996e-07,2.252078610086767e-05,9.686521679725348e-06,0.000000000000000e+00
3.441490795722302e+00,6.400644113922825e-04,1.635897864772254e-04,9.171317461899310e-05,6.328774694287866e-07,2.306566881799646e-05,9.924096596580480e-06,0.000000000000000e+00
3.484378750887372e+00,6.550117307207910e-04,1.675038036362706e-04,9.396470938375940e-05,6.513132323665092e-07,2.362319874276289e-05,1.016731449250009e-05,0.000000000000000e+00
3.527801176956892e+00,6.702845840185066e-04,1.715069549594774e-04,9.626983486520257e-05,6.699787423008795e-07,2.419365473826279e-05,1.041630502746035e-05,0.000000000000000e+00
3.571764734522314e+00,6.858892772845322e-04,1.756011359750193e-04,9.862978682176647e-05,6.888768623454356e-07,2.477732120873643e-05,1.067120066311236e-05,0.000000000000000e+00
3.616276167179574e+00,7.018322043105007e-04,1.797882768726033e-04,1.010458278958682e-04,7.080104912939186e-07,2.537448818365144e-05,1.093213671604648e-05,0.000000000000000e+00
3.661342302563487e+00,7.181198462223584e-04,1.840703428860512e-04,1.035192481329679e-04,7.273825640649187e-07,2.598545140181458e-05,1.119925141174801e-05,0.000000000000000e+00
3.706970053395045e+00,7.347587709099039e-04,1.884493346670358e-04,1.060513655077745e-04,7.469960521520627e-07,2.661051239543435e-05,1.147268593923716e-05,0.000000000000000e+00
3.753166418541765e+00,7.517556323374681e-04,1.929272886490560e-04,1.086435264575433e-04,7.668539640798160e-07,2.724997857405188e-05,1.175258450638513e-05,0.000000000000000e+00
3.799938484091250e+00,7.691171697287849e-04,1.975062774006783e-04,1.112971064224141e-04,7.869593458649607e-07,2.790416330825161e-05,1.203909439589730e-05,0.000000000000000e+00
3.847293424438119e+00,7.868502066187948e-04,2.021884099670255e-04,1.140135103927235e-04,8.073152814838242e-07,2.857338601305873e-05,1.233236602195256e-05,0.000000000000000e+00
3.895238503384507e+00,8.049616497647923e-04,2.069758321984403e-04,1.167941734632215e-04,8.279248933453354e-07,2.925797223092417e-05,1.263255298748744e-05,0.000000000000000e+00
3.943781075254251e+00,8.234584879089530e-04,2.118707270651901e-04,1.196405613941056e-04,8.487913427699704e-07,2.995825371419177e-05,1.293981214211145e-05,0.000000000000000e+00
3.992928586020979e+00,8.423477903839358e-04,2.168753149570226e-04,1.225541711787743e-04,8.699178304746697e-07,3.067456850693668e-05,1.325430364063935e-05,0.000000000000000e+00
4.042688574450253e+00,8.616367055528510e-04,2.219918539663251e-04,1.255365316181938e-04,8.913075970637992e-07,3.140726102605702e-05,1.357619100222397e-05,0.000000000000000e+00
4.093068673255945e+00,8.813324590745056e-04,2.272226401535661e-04,1.285892039017528e-04,9.129639235262280e-07,3.215668214149446e-05,1.390564117007198e-05,0.000000000000000e+00
4.144076610271017e+00,9.014423519844011e-04,2.325700077936375e-04,1.317137821944681e-04,9.348901317385986e-07,3.292318925545118e-05,1.424282457172307e-05,0.000000000000000e+00
4.195720209632908e+00,9.219737585815504e-04,2.380363296016481e-04,1.349118942303929e-04,9.570895849748761e-07,3.370714638046520e-05,1.458791517987143e-05,0.000000000000000e+00
4.248007392983678e+00,9.429341241107080e-04,2.436240169366349e-04,1.381852019120569e-04,9.795656884222397e-07,3.450892421619576e-05,1.494109057370643e-05,0.000000000000000e+00
4.300946180685109e+00,9.643309622291417e-04,2.493355199815922e-04,1.415354019157569e-04,1.002321889703407e-06,3.532890022476454e-05,1.530253200074738e-05,0.000000000000000e+00
4.354544693048960e+00,9.861718522466080e-04,2.551733278981357e-04,1.449642263024973e-04,1.025361679405465e-06,3.616745870448831e-05,1.567242443914533e-05,0.000000000000000e+00
4.408811151582547e+00,1.008464436126639e-03,2.611399689540338e-04,1.484734431343603e-04,1.048688591615301e-06,3.702499086183085e-05,1.605095666042271e-05,0.000000000000000e+00
4.463753880249833e+00,1.031216415236757e-03,2.672380106217512e-04,1.520648570960685e-04,1.072306204461684e-06,3.790189488139146e-05,1.643832129261888e-05,0.000000000000000e+00
4.519381306748262e+00,1.054435546834668e-03,2.734700596460603e-04,1.557403101214822e-04,1.097516333201798e-06,3.879857599373896e-05,1.683471488380806e-05,0.000000000000000e+00
4.575701963801479e+00,1.078129640276886e-03,2.798387620786817e-04,1.595016820247510e-04,1.125282805178948e-06,3.971544654088867e-05,1.724033796595290e-05,0.000000000000000e+00
4.632724490468169e+00,1.102306552935674e-03,2.863468032778133e-04,1.633508911358181e-04,1.153395303711428e-06,4.065292603920985e-05,1.765539511905440e-05,0.000000000000000e+00
4.690457633467211e+00,1.126974185809543e-03,2.929969078703085e-04,1.672898949399538e-04,1.181858140991912e-06,4.161144123953988e-05,1.808009503555659e-05,0.000000000000000e+00
4.748910248519342e+00,1.152140478811899e-03,2.997918396741469e-04,1.713206907209660e-04,1.210675682951738e-06,4.259142618426949e-05,1.851465058496072e-05,0.000000000000000e+00
4.808091301705536e+00,1.177813405721739e-03,3.067344015787454e-04,1.754453162077146e-04,1.239852349930605e-06,4.359332226115148e-05,1.895927887860137e-05,0.000000000000000e+00
4.868009870842326e+00,1.204000968779634e-03,3.138274353805206e-04,1.796658502235251e-04,1.269392617354607e-06,4.461757825357290e-05,1.941420133453312e-05,0.000000000000000e+00
4.928675146874246e+00,1.230711192911428e-03,3.210738215710054e-04,1.839844133380725e-04,1.299301016422727e-06,4.566465038701636e-05,1.987964374247325e-05,0.000000000000000e+00
4.990096435283641e+00,1.257952119561396e-03,3.284764790746878e-04,1.884031685212718e-04,1.329582134801876e-06,4.673500237142354e-05,2.035583632874262e-05,0.000000000000000e+00
5.052283157518041e+00,1.285731800115738e-03,3.360383649336130e-04,1.929243217986859e-04,1.360240617330598e-06,4.782910543915895e-05,2.084301382114273e-05,0.000000000000000e+00
5.115244852435315e+00,1.314058288896494e-03,3.437624739356412e-04,1.975501229079222e-04,1.391281166731547e-06,4.894743837825631e-05,2.134141551370345e-05,0.000000000000000e+00
5.178991177766851e+00,1.342939635705101e-03,3.516518381831216e-04,2.022828659554616e-04,1.422708544332840e-06,5.009048756061549e-05,2.185128533123173e-05,0.000000000000000e+00
5.243531911598958e+00,1.372383877893875e-03,3.597095265985821e-04,2.071248900733214e-04,1.454527570798397e-06,5.125874696479974e-05,2.237287189358712e-05,0.000000000000000e+00
5.308876953872730e+00,1.402399031942823e-03,3.679386443638795e-04,2.120785800749188e-04,1.486743126867387e-06,5.245271819306764e-05,2.290642857960587e-05,0.000000000000000e+00
5.375036327902609e+00,1.432993084518143e-03,3.763423322890975e-04,2.171463671094627e-04,1.519360154102894e-06,5.367291048225451e-05,2.345221359059038e-05,0.000000000000000e+00
5.442020181913856e+00,1.464173982987826e-03,3.849237661072969e-04,2.223307293141564e-04,1.552383655649890e-06,5.491984070810041e-05,2.401049001327584e-05,0.000000000000000e+00
5.509838790599207e+00,1.495949625368661e-03,3.936861556910574e-04,2.276341924634557e-04,1.585818697002688e-06,5.619403338260238e-05,2.458152588218127e-05,0.000000000000000e+00
5.578502556694907e+00,1.528327849677877e-03,4.026327441865553e-04,2.330593306145735e-04,1.619670406781931e-06,5.749602064394700e-05,2.516559424124598e-05,0.000000000000000e+00
5.648022012576395e+00,1.561316422661482e-03,4.117668070607307e-04,2.386087667483819e-04,1.656577849380617e-06,5.882634223855952e-05,2.576297320464773e-05,0.000000000000000e+00
5.718407821873867e+00,1.594923027870206e-03,4.210916510569007e-04,2.442851734048094e-04,1.710156731032254e-06,6.018554549478288e-05,2.637394601669221e-05,0.000000000000000e+00
5.789670781107974e+00,1.629155253052667e-03,4.306106130539563e-04,2.500912733117738e-04,1.764403314215136e-06,6.157418528767652e-05,2.699880111065791e-05,0.000000000000000e+00
5.861821821345918e+00,1.664020576834137e-03,4.403270588240732e-04,2.560298400066498e-04,1.819325919844538e-06,6.299282399440198e-05,2.763783216647377e-05,0.000000000000000e+00
5.934872009878168e+00,1.699526354647896e-03,4.502443816836268e-04,2.621036984491941e-04,1.874932972531220e-06,6.444203143963547e-05,2.829133816710033e-05,0.000000000000000e+00
6.008832551916074e+00,1.735679803884796e-03,4.603660010317731e-04,2.683157256248079e-04,1.931233001873673e-06,6.592238483042276e-05,2.895962345347765e-05,0.000000000000000e+00
6.083714792310648e+00,1.772487988225185e-03,4.706953607709067e-04,2.746688511369444e-04,1.988234643766487e-06,6.743446867986298e-05,2.964299777789699e-05,0.000000000000000e+00
6.159530217292757e+00,1.809957801115846e-03,4.812359276029512e-04,2.811660577874061e-04,2.045946641725015e-06,6.897887471898151e-05,3.034177635564434e-05,0.000000000000000e+00
6.236290456234992e+00,1.848095948352987e-03,4.919911891951594e-04,2.878103821432032e-04,2.104377848226539e-06,7.055620179611989e-05,3.105627991475635e-05,0.000000000000000e+00
6.314007283435521e+00,1.886908929730775e-03,5.029646522088443e-04,2.946049150885867e-04,2.163537226068167e-06,7.216705576314145e-05,3.178683474372152e-05,0.000000000000000e+00
6.392692619924144e+00,1.926403019713054e-03,5.141598401841382e-04,3.015528023607735e-04,2.223433849741637e-06,7.381204934771841e-05,3.253377273694914e-05,0.000000000000000e+00
6.472358535290871e+00,1.966584247084263e-03,5.255802912736030e-04,3.086572450678205e-04,2.284076906825255e-06,7.549180201093213e-05,3.329743143782115e-05,0.000000000000000e+00
6.553017249537281e+00,2.007458373533640e-03,5.372295558171840e-04,3.159215001870129e-04,2.345475699393190e-06,7.720693978938441e-05,3.407815407913074e-05,0.000000000000000e+00
6.634681134950960e+00,2.049030871124898e-03,5.491111937506757e-04,3.233488810420502e-04,2.407639645442320e-06,7.895809512097919e-05,3.487628962070347e-05,0.000000000000000e+00
6.717362718003282e+00,2.091306898601546e-03,5.612287718395168e-04,3.309427577572210e-04,2.470578280336862e-06,8.074590665349746e-05,3.569219278398378e-05,0.000000000000000e+00
6.801074681270867e+00,2.134291276476023e-03,5.735858607293971e-04,3.387065576866687e-04,2.532896561138224e-06,8.257101903504854e-05,3.652622408336196e-05,0.000000000000000e+00
6.885829865380962e+00,2.177988460848534e-03,5.861860318047587e-04,3.466437658167430e-04,2.592346269047820e-06,8.443408268543703e-05,3.737874985400175e-05,0.000000000000000e+00
6.971641270981069e+00,2.222402515899336e-03,5.990328538459105e-04,3.547579251393431e-04,2.652536840890736e-06,8.633575354744568e-05,3.825014227592024e-05,0.000000000000000e+00
7.058522060733126e+00,2.267537084995839e-03,6.121298894750614e-04,3.630526369940412e-04,2.713477509334163e-06,8.827669281698542e-05,3.914077939405650e-05,0.000000000000000e+00
7.146485561332539e+00,2.313395360353453e-03,6.254806913811645e-04,3.715315613766687e-04,2.775177622103051e-06,9.025756665101967e-05,4.005104513405496e-05,0.000000000000000e+00
7.235545265552356e+00,2.359980051186605e-03,6.390887983130220e-04,3.801984172119243e-04,2.837646643413957e-06,9.227904585212020e-05,4.098132931347308e-05,0.000000000000000e+00
7.325714834312953e+00,2.407293350283698e-03,6.529577308296564e-04,3.890569825874605e-04,2.900894155426774e-06,9.434180552846133e-05,4.193202764811259e-05,0.000000000000000e+00
7.417008098777479e+00,2.455336898937084e-03,6.670909867964726e-04,3.981110949467473e-04,2.964929859714544e-06,9.644652472800565e-05,4.290354175315441e-05,0.000000000000000e+00
7.509439062473422e+00,2.504111750156220e-03,6.814920366152429e-04,4.073646512379116e-04,3.029763578751583e-06,9.859388604558065e-05,4.389627913876612e-05,0.000000000000000e+00
7.603021903440629e+00,2.553618330089310e-03,6.961643181754512e-04,4.168216080155907e-04,3.095405257420157e-06,1.007845752014866e-04,4.491065319983210e-05,0.000000000000000e+00
7.697770976406081e+00,2.603856397575560e-03,7.111112315139773e-04,4.264859814927049e-04,3.161864964535940e-06,1.030192805902185e-04,4.594708319944068e-05,0.000000000000000e+00
7.793700814985757e+00,2.654825001747058e-03,7.263361331695639e-04,4.363618475388977e-04,3.229152894392460e-06,1.052986927978189e-04,4.700599424574543e-05,0.000000000000000e+00
7.890826133913982e+00,2.706522437595923e-03,7.418423302179331e-04,4.464533416222439e-04,3.297279368324828e-06,1.076235040863192e-04,4.808781726179938e-05,0.000000000000000e+00
7.989161831300509e+00,2.758946199418924e-03,7.576330739728030e-04,4.567646586906498e-04,3.377274869540715e-06,1.099944078436533e-04,4.919298894794135e-05,0.000000000000000e+00
8.088722990915755e+00,2.812092932048174e-03,7.737115533374502e-04,4.673000529892104e-04,3.462305470217793e-06,1.124120979973619e-04,5.032195173629494e-05,0.000000000000000e+00
8.189524884504506e+00,2.865958379772755e-03,7.900808877908055e-04,4.780638378096027e-04,3.548395724633893e-06,1.148772683903300e-04,5.147515373691890e-05,0.000000000000000e+00
8.291582974128469e+00,2.920537332852296e-03,8.067441199913898e-04,4.890603851674167e-04,3.635558838223742e-06,1.173906121167270e-04,5.265304867512768e-05,0.000000000000000e+00
8.394912914537985e+00,2.975823571519388e-03,8.237042079817003e-04,5.002941254031161e-04,3.723808180988553e-06,1.199528208162325e-04,5.385609581947596e-05,0.000000000000000e+00
8.499530555573346e+00,3.031809807363647e-03,8.409640169749280e-04,5.117695467021450e-04,3.813157289546883e-06,1.225645839245598e-04,5.508475989988118e-05,0.000000000000000e+00
8.605451944595996e+00,3.088487621985743e-03,8.585263107051157e-04,5.234911945294535e-04,3.903619869211005e-06,1.252265878781915e-04,5.633951101532984e-05,0.000000000000000e+00
8.712693328950051e+00,3.145847402805275e-03,8.763937423210841e-04,5.354636709735258e-04,3.995209796089181e-06,1.279395152711584e-04,5.762082453059102e-05,0.000000000000000e+00
8.821271158454490e+00,3.203878275901605e-03,8.945688448036247e-04,5.476916339947443e-04,4.087941119214128e-06,1.307040439616013e-04,5.892918096133284e-05,0.000000000000000e+00
8.931202087926385e+00,3.262568035761833e-03,9.130540208845949e-04,5.601797965726948e-04,4.181828062697996e-06,1.335208461257509e-04,6.026506584700905e-05,0.000000000000000e+00
9.042502979735621e+00,3.321903071805111e-03,9.318515324456867e-04,5.729329257467691e-04,4.276885027914225e-06,1.363905872568707e-04,6.162896961085671e-05,0.000000000000000e+00
9.155190906391406e+00,3.381868291546987e-03,9.509634893736658e-04,5.859558415441514e-04,4.379038749158134e-06,1.393139251065923e-04,6.302138740631314e-05,0.000000000000000e+00
9.269283153161041e+00,3.442447040262223e-03,9.703918378479602e-04,5.992534157890227e-04,4.483303201144796e-06,1.422915085659713e-04,6.444281894913136e-05,0.000000000000000e+00
9.384797220721310e+00,3.503621016998544e-03,9.901383480354451e-04,6.128305707865169e-04,4.588866999666879e-06,1.453239764834729e-04,6.589376833443887e-05,0.000000000000000e+00
9.501750827842933e+00,3.565370186788038e-03,1.010204601166243e-03,6.266922778746797e-04,4.695746337217489e-06,1.484119564169829e-04,6.737474383795252e-05,0.000000000000000e+00
9.620161914108433e+00,3.627672688896560e-03,1.030591975963251e-03,6.408435558373757e-04,4.803957608081018e-06,1.515560633168118e-04,6.888625770052531e-05,0.000000000000000e+00
9.740048642663929e+00,3.690504740945219e-03,1.051301634397024e-03,6.552894691707621e-04,4.913517410847907e-06,1.547568981365350e-04,7.042882589516546e-05,0.000000000000000e+00
9.861429403005175e+00,3.753840538731219e-03,1.072334506736396e-03,6.700351261956278e-04,5.024442550960692e-06,1.580150463683794e-04,7.200296787562853e-05,0.000000000000000e+00
9.984322813798338e+00,3.817652151568425e-03,1.093691275864085e-03,6.850856770075287e-04,5.136750043291810e-06,1.613310764997227e-04,7.360920630564469e-05,0.000000000000000e+00
1.010874772573592e+01,3.881909412960835e-03,1.115372360825185e-03,7.004463112563262e-04,5.250457114753511e-06,1.647055383871356e-04,7.524806676780120e-05,0.000000000000000e+00
1.023472322442831e+01,3.946579806414565e-03,1.137377899575176e-03,7.161222557463153e-04,5.381773069844075e-06,1.681389615442401e-04,7.692007745105582e-05,0.000000000000000e+00
1.036226863333128e+01,4.011628346186213e-03,1.159707730892685e-03,7.321187718477734e-04,5.551275164085773e-06,1.716318533395050e-04,7.862576881581407e-05,0.000000000000000e+00
1.049140351671005e+01,4.077017452757308e-03,1.182361375420816e-03,7.484411527103378e-04,5.722889598196931e-06,1.751846970999350e-04,8.036567323545387e-05,0.000000000000000e+00
1.062214768264030e+01,4.142706822816216e-03,1.205338015799380e-03,7.650947202682009e-04,5.896642696216480e-06,1.787979501164450e-04,8.214032461313478e-05,0.000000000000000e+00
1.075452118604646e+01,4.208653293519937e-03,1.228636475848796e-03,7.820848220266467e-04,6.072561110234225e-06,1.824720415465254e-04,8.395025797267361e-05,0.000000000000000e+00
1.088854433177804e+01,4.274810700799414e-03,1.252255198764874e-03,7.994168276190511e-04,6.250671824479104e-06,1.862073702096389e-04,8.579600902222295e-05,0.000000000000000e+00
1.102423767772412e+01,4.341129731462152e-03,1.276192224281946e-03,8.170961251229029e-04,6.431002159458245e-06,1.900043022705778e-04,8.767811368942427e-05,0.000000000000000e+00
1.116162203796677e+01,4.407557768836510e-03,1.300445164760177e-03,8.351281171229891e-04,6.613579776147699e-06,1.938631688058333e-04,8.959710762665852e-05,0.000000000000000e+00
1.130071848597378e+01,4.474038731691498e-03,1.325011180150991e-03,8.535182165093112e-04,6.798432680235424e-06,1.977842632478084e-04,9.155352568495192e-05,0.000000000000000e+00
1.144154835783104e+01,4.479231006658723e-03,1.349886951792711e-03,8.722718419967678e-04,6.926611808348076e-06,2.017678387014957e-04,9.354790135503346e-05,0.000000000000000e+00
1.158413325551538e+01,4.478808886319943e-03,1.375068654986600e-03,8.913944133531105e-04,7.037106438197182e-06,2.058141051280280e-04,9.558076617397870e-05,0.000000000000000e+00
1.172849505020804e+01,4.478376344954074e-03,1.400551930301359e-03,9.108913463210304e-04,7.148978055233589e-06,2.099232263892596e-04,9.765264909580103e-05,0.000000000000000e+00
1.187465588564956e+01,4.477933127758005e-03,1.426331853552186e-03,9.307680472196946e-04,7.262243819510401e-06,2.140953171473189e-04,9.976407582428935e-05,0.000000000000000e+00
1.202263818153640e+01,4.477478973784249e-03,1.452402904398121e-03,9.510299072103445e-04,7.376921104929759e-06,2.183304396127993e-04,1.019155681063092e-04,0.000000000000000e+00
1.217246463695987e+01,4.477013615796266e-03,1.478758933499306e-03,9.716822962099672e-04,7.493027501907863e-06,2.226286001350138e-04,1.041076429837159e-04,0.000000000000000e+00
1.232415823388805e+01,4.476536780120523e-03,1.505393128173309e-03,9.927305564363248e-04,7.610580820073204e-06,2.269897436511294e-04,1.063408120019449e-04,0.000000000000000e+00
1.247774224069091e+01,4.476048186495198e-03,1.531912091780985e-03,1.014179995566906e-03,7.732301833605523e-06,2.314134174491096e-04,1.086155803732611e-04,0.000000000000000e+00
1.263324021570955e+01,4.475547547915485e-03,1.557979152450404e-03,1.036035879493670e-03,7.981331002449832e-06,2.358972225036648e-04,1.109324460925698e-04,0.000000000000000e+00
1.279067601086971e+01,4.475034570475400e-03,1.583572380452464e-03,1.058303424654584e-03,8.233463579805788e-06,2.404366704883470e-04,1.132918990035919e-04,0.000000000000000e+00
1.295007377534055e+01,4.474508953206053e-03,1.608686217830887e-03,1.080987789922252e-03,8.488738240437591e-06,2.450260423227186e-04,1.156944198131246e-04,0.000000000000000e+00
1.311145795923886e+01,4.473970387910270e-03,1.633312974082338e-03,1.104094068029015e-03,8.747194141075513e-06,2.496589751185576e-04,1.181404790510047e-04,0.000000000000000e+00
1.327485331737942e+01,4.473418558993523e-03,1.657446329210419e-03,1.127627276507037e-03,9.008870926422000e-06,2.543286392598319e-04,1.206305359732912e-04,0.000000000000000e+00
1.344028491307230e+01,4.472853143291081e-03,1.681078549919052e-03,1.151592348121041e-03,9.273808735233005e-06,2.590285579153558e-04,1.231650374060862e-04,0.000000000000000e+00
1.360777812196715e+01,4.472273809891293e-03,1.704199674341113e-03,1.175994120770309e-03,9.542048206474700e-06,2.637522082586730e-04,1.257444165272931e-04,0.000000000000000e+00
1.377735863594573e+01,4.471680219954950e-03,1.726800371280006e-03,1.200837326835671e-03,9.771545761666723e-06,2.684909567863062e-04,1.283690915835104e-04,0.000000000000000e+00
1.394905246706276e+01,4.471072026530622e-03,1.748877110678083e-03,1.226126581946137e-03,1.000232082463868e-05,2.732377571648106e-04,1.310394645391310e-04,0.000000000000000e+00
1.412288595153588e+01,4.470448874365898e-03,1.770417908039189e-03,1.251866373138723e-03,1.023597181294107e-05,2.779882817602353e-04,1.337559196545991e-04,0.000000000000000e+00
1.429888575378546e+01,4.469810399714455e-03,1.791342643961135e-03,1.278061046384003e-03,1.047253456643636e-05,2.827369175128795e-04,1.365188219906532e-04,0.000000000000000e+00
1.447707887052460e+01,4.469156230138849e-03,1.811863949323686e-03,1.304714793448661e-03,1.071204537162430e-05,2.874704613838224e-04,1.393285158352384e-04,0.000000000000000e+00
1.465749263490020e+01,4.468485984308980e-03,1.831744618265369e-03,1.331831638065205e-03,1.095454096720810e-05,2.921910016718609e-04,1.421853230496522e-04,0.000000000000000e+00
1.484015472068563e+01,4.467799271796100e-03,1.850999196266356e-03,1.359415421377669e-03,1.118070736618083e-05,2.968921591777109e-04,1.450895413303237e-04,0.000000000000000e+00
1.502509314652554e+01,4.467095692862313e-03,1.869796654077928e-03,1.387469786630897e-03,1.138811398066290e-05,3.015619629425668e-04,1.480414423824947e-04,0.000000000000000e+00
1.521233628023382e+01,4.466374838245460e-03,1.887953646414138e-03,1.415998163069631e-03,1.159810530221261e-05,3.062058263280447e-04,1.510412700019055e-04,0.000000000000000e+00
1.540191284314474e+01,4.465636288939301e-03,1.905509256351925e-03,1.445003749012161e-03,1.181071354152215e-05,3.108064978598422e-04,1.540892380604279e-04,0.000000000000000e+00
1.559385191451875e+01,4.464879615968909e-03,1.922473640085392e-03,1.474489494061939e-03,1.202597131069434e-05,3.153717915254031e-04,1.571855283914258e-04,0.000000000000000e+00
1.578818293600279e+01,4.464104380161169e-03,1.938823609257633e-03,1.504458080418915e-03,1.224391162824488e-05,3.198868978715349e-04,1.603302885704413e-04,0.000000000000000e+00
1.598493571614645e+01,4.463310131910309e-03,1.954554707529371e-03,1.534911903250874e-03,1.254890132819283e-05,3.243579159177398e-04,1.635236295866287e-04,0.000000000000000e+00
1.618414043497435e+01,4.462496410938343e-03,1.969658749509803e-03,1.565853050083336e-03,1.295426301293770e-05,3.287686387580628e-04,1.667656234001684e-04,0.000000000000000e+00
1.638582764861534e+01,4.461662746050352e-03,1.984123154136765e-03,1.597283279164863e-03,1.336467632640766e-05,3.331318395208949e-04,1.700563003806905e-04,0.000000000000000e+00
1.659002829398970e+01,4.460808654884488e-03,1.997958023352419e-03,1.629203996762934e-03,1.378020422214217e-05,3.374215810567369e-04,1.733956466215481e-04,0.000000000000000e+00
1.679677369355440e+01,4.459933643656612e-03,2.011136005739808e-03,1.661616233343524e-03,1.420091043820928e-05,3.416559570704760e-04,1.767836011245465e-04,0.000000000000000e+00
1.700609556010782e+01,4.459037206899456e-03,2.023654906413645e-03,1.694520618585786e-03,1.462685950698281e-05,3.458215783226596e-04,1.802200528495391e-04,0.000000000000000e+00
1.721802600165409e+01,4.458118827196221e-03,2.035511619802034e-03,1.727917355181055e-03,1.494059524610891e-05,3.499145026622658e-04,1.837048348047618e-04,0.000000000000000e+00
1.743259752632816e+01,4.457177974908493e-03,2.046689240524171e-03,1.761806191363458e-03,1.524168193057347e-05,3.539426907128295e-04,1.872373401338564e-04,0.000000000000000e+00
1.764984304738236e+01,4.456214107898384e-03,2.057194086622839e-03,1.796186392117131e-03,1.554652076577464e-05,3.578920740286102e-04,1.908154569818745e-04,0.000000000000000e+00
1.786979588823479e+01,4.455226671244786e-03,2.067010620008678e-03,1.831056709002849e-03,1.585515851112045e-05,3.617617750074057e-04,1.944362095731055e-04,0.000000000000000e+00
1.809248978758104e+01,4.454215096953631e-03,2.076134582944379e-03,1.866413638335646e-03,1.616764250873613e-05,3.655582013497094e-04,1.980959897711442e-04,0.000000000000000e+00
1.831795890456917e+01,4.453178803662059e-03,2.084551242188840e-03,1.902242994658239e-03,1.656807629301881e-05,3.692790754634912e-04,2.017907991437512e-04,0.000000000000000e+00
1.854623782403954e+01,4.452117196336376e-03,2.092262770644481e-03,1.938521230073847e-03,1.701928974188974e-05,3.729081438372273e-04,2.055162055014205e-04,0.000000000000000e+00
1.877736156182982e+01,4.451029665963684e-03,2.099259996578939e-03,1.975219812702201e-03,1.747612622546100e-05,3.764562368923549e-04,2.092676471595781e-04,0.000000000000000e+00
1.901136557014594e+01,4.449915589237105e-03,2.105532240082222e-03,2.012306187061807e-03,1.793865581814920e-05,3.799229608272247e-04,2.130405954044083e-04,0.000000000000000e+00
1.924828574300030e+01,4.448774328234437e-03,2.111095572287357e-03,2.049744669761747e-03,1.840694946764050e-05,3.833069047733571e-04,2.168296536098986e-04,0.000000000000000e+00
1.948815842171744e+01,4.447605230090184e-03,2.115577992288053e-03,2.087495783800501e-03,1.886323504149401e-05,3.866062662536741e-04,2.206305898906889e-04,0.000000000000000e+00
1.973102040050851e+01,4.446407626660802e-03,2.120007301707000e-03,2.125516051927071e-03,1.931884681047617e-05,3.898140281931182e-04,2.244382947783988e-04,0.000000000000000e+00
1.997690893211520e+01,4.445180834183070e-03,2.123355708408132e-03,2.163771817877021e-03,1.978013642614767e-05,3.929287155694728e-04,2.282462806226614e-04,0.000000000000000e+00
2.022586173352387e+01,4.443924152925465e-03,2.125956466265908e-03,2.202209197863735e-03,2.024717464599370e-05,3.959556494109433e-04,2.320520411595987e-04,0.000000000000000e+00
2.047791699175107e+01,4.442636866832425e-03,2.127814066696979e-03,2.240783668500102e-03,2.071051045892887e-05,3.988932305524693e-04,2.358486684800582e-04,0.000000000000000e+00
2.073311336970096e+01,4.441318243161384e-03,2.128921453824819e-03,2.279452072086893e-03,2.110183285343469e-05,4.017398078141070e-04,2.396300920803531e-04,0.000000000000000e+00
2.099149001209598e+01,4.439967532112456e-03,2.129268926801775e-03,2.318161899179449e-03,2.149803191863555e-05,4.044944845848075e-04,2.433945334743897e-04,0.000000000000000e+00
2.125308655148114e+01,4.438583966450669e-03,2.128864939932307e-03,2.356866095319347e-03,2.189916842773889e-05,4.071577243536553e-04,2.471324489947945e-04,0.000000000000000e+00
2.151794311430334e+01,4.437166761120600e-03,2.127828531022647e-03,2.395510218642255e-03,2.230530391130956e-05,4.097293015762256e-04,2.508435787003279e-04,0.000000000000000e+00
2.178610032706645e+01,4.435715112853321e-03,2.126341321341001e-03,2.434046409692336e-03,2.297549321668882e-05,4.122083290995523e-04,2.545193666955041e-04,0.000000000000000e+00
2.205759932256291e+01,4.434228199765530e-03,2.124816797665074e-03,2.472430755856440e-03,2.374947452721834e-05,4.145935174072233e-04,2.581559159071347e-04,0.000000000000000e+00
2.233248174618324e+01,4.432705180950728e-03,2.123281262203609e-03,2.510603341386649e-03,2.453310121462525e-05,4.168848066961865e-04,2.617477292947538e-04,0.000000000000000e+00
2.261078976230393e+01,4.431145196062357e-03,2.121659483074496e-03,2.548505432728873e-03,2.532649347986763e-05,4.190831828883895e-04,2.652908711340994e-04,0.000000000000000e+00
2.289256606075512e+01,4.429547364888757e-03,2.120020857761167e-03,2.586100991944104e-03,2.593622077500116e-05,4.211891247666861e-04,2.687795799456860e-04,0.000000000000000e+00
2.317785386336889e+01,4.427910786919821e-03,2.118347286959379e-03,2.623323519143789e-03,2.641217319633086e-05,4.232024804078243e-04,2.722102095252732e-04,0.000000000000000e+00
2.346669693060889e+01,4.426234540905250e-03,2.116634342111800e-03,2.660120043540472e-03,2.689405695013192e-05,4.251241498344611e-04,2.755762346308484e-04,0.000000000000000e+00
2.375913956828303e+01,4.424517684404267e-03,2.114875837861868e-03,2.696446312445791e-03,2.738194595283662e-05,4.269492456374382e-04,2.788745199820046e-04,0.000000000000000e+00
2.405522663433931e+01,4.422759253326690e-03,2.113079190907608e-03,2.732242015366628e-03,2.808084400416468e-05,4.286724198773838e-04,2.821001442520549e-04,0.000000000000000e+00
2.435500354574688e+01,4.420958261465235e-03,2.111242947251451e-03,2.767438759341673e-03,2.890954007995112e-05,4.303037757259597e-04,2.852479103018672e-04,0.000000000000000e+00
2.465851628546232e+01,4.419113700018946e-03,2.109307843613129e-03,2.802020203008640e-03,2.974856338955960e-05,4.318453767519191e-04,2.883136510284495e-04,0.000000000000000e+00
2.496581140948315e+01,4.417224537107618e-03,2.107433358816164e-03,2.835920271302400e-03,3.059804263126862e-05,4.332990143947397e-04,2.912922198492958e-04,0.000000000000000e+00
2.527693605398909e+01,4.415289717277120e-03,2.105459612932188e-03,2.869070092694880e-03,3.139868514698374e-05,4.346664434022668e-04,2.941804069387102e-04,0.000000000000000e+00
2.559193794257216e+01,4.413308160995495e-03,2.103434509253641e-03,2.901419375173895e-03,3.219996165554004e-05,4.359294598505404e-04,2.969732371865870e-04,0.000000000000000e+00
2.591086539355724e+01,4.411278764139726e-03,2.101375061372387e-03,2.932924320512331e-03,3.301122369449982e-05,4.370937686072707e-04,2.996672044511621e-04,0.000000000000000e+00
2.623376732741346e+01,4.409200397473056e-03,2.099252599257879e-03,2.963527159329122e-03,3.381380995566329e-05,4.381745939702819e-04,3.022560559239248e-04,0.000000000000000e+00
2.656069327425819e+01,4.407071906112777e-03,2.097068587598620e-03,2.993160206951836e-03,3.457462519006047e-05,4.391748538117656e-04,3.047378349552394e-04,0.000000000000000e+00
2.689169338145462e+01,4.404892108988342e-03,2.094862326464270e-03,3.021844555715233e-03,3.534492172532369e-05,4.400697926500437e-04,3.071081043374326e-04,0.000000000000000e+00
2.722681842130368e+01,4.402659798289746e-03,2.092597412074306e-03,3.049446800158982e-03,3.612481771769109e-05,4.408675173928105e-04,3.093625972203208e-04,0.000000000000000e+00
2.756611979883223e+01,4.400373738906034e-03,2.090263887452763e-03,3.075938811981349e-03,3.695567764523078e-05,4.415900059002290e-04,3.114966796549719e-04,0.000000000000000e+00
2.790964955967798e+01,4.398032667853869e-03,2.087904707578057e-03,3.101283345842559e-03,3.780578511176502e-05,4.422227641917020e-04,3.135072517753105e-04,0.000000000000000e+00
2.825746039807280e+01,4.395635293696055e-03,2.085467669352117e-03,3.125419705820009e-03,3.866648664147538e-05,4.427448977598667e-04,3.153876759808081e-04,0.000000000000000e+00
2.860960566492568e+01,4.393180295949923e-03,2.082956118027751e-03,3.148304949082634e-03,3.960199358390725e-05,4.431994980428561e-04,3.171426699943722e-04,0.000000000000000e+00
2.896613937600599e+01,4.390666324485500e-03,2.080421578364725e-03,3.169883847665199e-03,4.060855754055181e-05,4.435590221911628e-04,3.187600635767921e-04,0.000000000000000e+00
2.932711622022929e+01,4.388091998913374e-03,2.077784714100902e-03,3.190118798443432e-03,4.162766532555623e-05,4.438180817002976e-04,3.202395590049432e-04,0.000000000000000e+00
2.969259156804581e+01,4.385455907962190e-03,2.075159420038560e-03,3.208962770692617e-03,4.255802226898740e-05,4.440197634031185e-04,3.215771266439251e-04,0.000000000000000e+00
3.006262147993400e+01,4.382756608845690e-03,2.072427036546328e-03,3.226358675605869e-03,4.330812614652667e-05,4.440949133406640e-04,3.227698550869642e-04,0.000000000000000e+00
3.043726271499949e+01,4.379992626619231e-03,2.069638151907578e-03,3.242271174437282e-03,4.406757783970126e-05,4.441092735455320e-04,3.238103508600563e-04,0.000000000000000e+00
3.081657273968150e+01,4.377162453525745e-03,2.066770148141648e-03,3.256663296246231e-03,4.497566222781430e-05,4.440291892398554e-04,3.247108918317722e-04,0.000000000000000e+00
3.120060973656768e+01,4.374264548331046e-03,2.063841185734697e-03,3.269475228470801e-03,4.623116070501644e-05,4.438605393557466e-04,3.254577942003612e-04,0.000000000000000e+00
3.158943261331865e+01,4.371297335648470e-03,2.060858759944251e-03,3.280669838567756e-03,4.750230523958031e-05,4.436198247898175e-04,3.260536406474834e-04,0.000000000000000e+00
3.198310101170404e+01,4.368259205252790e-03,2.057795823443087e-03,3.290235767620279e-03,4.867742748607929e-05,4.432737040554441e-04,3.265058523460657e-04,0.000000000000000e+00
3.238167531675083e+01,4.365148511383379e-03,2.054664716218351e-03,3.298146942222305e-03,4.966014057383999e-05,4.428684662885074e-04,3.268087893168337e-04,0.000000000000000e+00
3.278521666600588e+01,4.361963572036591e-03,2.051463030302817e-03,3.304384450885145e-03,5.065510025976103e-05,4.423527669091480e-04,3.269648716796762e-04,0.000000000000000e+00
3.319378695891399e+01,4.358702668247342e-03,2.048180040288728e-03,3.308943879327612e-03,5.155490533701963e-05,4.417792505115222e-04,3.269770200200435e-04,0.000000000000000e+00
3.360744886631245e+01,4.355364043359896e-03,2.044827564113833e-03,3.311813953737035e-03,5.236346274468007e-05,4.411028464358643e-04,3.268463918312818e-04,0.000000000000000e+00
3.402626584004442e+01,4.351945902287838e-03,2.041390190910104e-03,3.313001809579737e-03,5.318209641751357e-05,4.403561381672022e-04,3.265743821202675e-04,0.000000000000000e+00
3.445030212269159e+01,4.348446410763267e-03,2.037880621042358e-03,3.312503765238781e-03,5.481864498243214e-05,4.395303106997932e-04,3.261630575304338e-04,0.000000000000000e+00
3.487962275742863e+01,4.344863694575212e-03,2.034281194547298e-03,3.310320564453741e-03,5.671619092108698e-05,4.386056723707556e-04,3.256114236351217e-04,0.000000000000000e+00
3.531429359800000e+01,4.341195838797325e-03,2.030609005042870e-03,3.306476745005664e-03,5.853114655877903e-05,4.376453778879315e-04,3.249303677779464e-04,0.000000000000000e+00
3.575438131882134e+01,4.337440887004895e-03,2.026858896969787e-03,3.300929688035918e-03,5.958151996919161e-05,4.365392708234997e-04,3.241139519256062e-04,0.000000000000000e+00
3.619995342520691e+01,4.333596840481215e-03,2.023008121789841e-03,3.293791812942668e-03,6.064498316261006e-05,4.354005762516222e-04,3.231658475613921e-04,0.000000000000000e+00
3.665107826372387e+01,4.329661657413443e-03,2.019045491330973e-03,3.284976531791836e-03,6.181452193673134e-05,4.341726895574186e-04,3.220886863000650e-04,0.000000000000000e+00
3.710782503267643e+01,4.325633252077962e-03,2.015046615886223e-03,3.274542808544978e-03,6.307447349443203e-05,4.328459692579764e-04,3.208853185447927e-04,0.000000000000000e+00
3.757026379271988e+01,4.321509494015407e-03,2.010934661836936e-03,3.262494957583670e-03,6.441664850368227e-05,4.314837321871318e-04,3.195575631154753e-04,0.000000000000000e+00
3.803846547760737e+01,4.317288207195478e-03,2.006738425773894e-03,3.248850357653064e-03,6.676519504627660e-05,4.300095505959054e-04,3.181077203514339e-04,0.000000000000000e+00
3.851250190507059e+01,4.312967169171621e-03,2.002431635465751e-03,3.233671688512156e-03,6.914300924199023e-05,4.284534858963209e-04,3.165379238582204e-04,0.000000000000000e+00
3.899244578783568e+01,4.308544110225811e-03,1.998033384731020e-03,3.216924063567461e-03,7.047474954750799e-05,4.268590838934912e-04,3.148496929342306e-04,0.000000000000000e+00
3.947837074477697e+01,4.304016712503561e-03,1.993533138913554e-03,3.198667128175404e-03,7.123828452859009e-05,4.251720305253698e-04,3.130455543364951e-04,0.000000000000000e+00
3.997035131220910e+01,4.299382609139382e-03,1.988932818565261e-03,3.178904526160557e-03,7.227405261499536e-05,4.233790138891651e-04,3.111323921703408e-04,0.000000000000000e+00
4.046846295532057e+01,4.294639383372892e-03,1.984218249461362e-03,3.157668632362777e-03,7.392454528178845e-05,4.215449529540049e-04,3.091066270895296e-04,0.000000000000000e+00
4.097278207974900e+01,4.289784567655833e-03,1.979410039613075e-03,3.134994376015887e-03,7.561789436852347e-05,4.196689669717173e-04,3.069715983391664e-04,0.000000000000000e+00
4.148338604330124e+01,4.284815642750277e-03,1.974494345385773e-03,3.110900274530854e-03,7.813150877939101e-05,4.176590879130309e-04,3.047298489313467e-04,0.000000000000000e+00
4.200035316781946e+01,4.279730036818259e-03,1.969481617598049e-03,3.085377381988041e-03,8.067644792379850e-05,4.155763745521326e-04,3.023842845538158e-04,0.000000000000000e+00
4.252376275119463e+01,4.274525124503224e-03,1.964319521086078e-03,3.058552089140404e-03,8.239354158775906e-05,4.134492006008966e-04,2.999354358605939e-04,0.000000000000000e+00
4.305369507953044e+01,4.269198226003581e-03,1.959061470148296e-03,3.030350916148090e-03,8.393165779223756e-05,4.112767453444307e-04,2.973871320766200e-04,0.000000000000000e+00
4.359023143945816e+01,4.263746606138777e-03,1.953686127082526e-03,3.000848911372143e-03,8.528420968143075e-05,4.090341304010747e-04,2.947397118391417e-04,0.000000000000000e+00
4.413345413060532e+01,4.258167473408268e-03,1.948191776253507e-03,2.970060473342606e-03,8.654543392069189e-05,4.066499245950868e-04,2.919971990419152e-04,0.000000000000000e+00
4.468344647821986e+01,4.252457979043858e-03,1.942573428321120e-03,2.938022242465270e-03,8.823095926337892e-05,4.042180566580960e-04,2.891591001098018e-04,0.000000000000000e+00
4.524029284595115e+01,4.246615216055865e-03,1.936831721385920e-03,2.904774353180357e-03,9.026641996342727e-05,4.017377906224055e-04,2.862294624350949e-04,0.000000000000000e+00
4.580407864879089e+01,4.240636218273612e-03,1.930975303531328e-03,2.870336161485861e-03,9.244069559279516e-05,3.992083894530342e-04,2.832089791098673e-04,0.000000000000000e+00
4.637489036617469e+01,4.234517959380821e-03,1.924960076738803e-03,2.834766431665312e-03,9.475234608090526e-05,3.966291156792598e-04,2.801017711628037e-04,0.000000000000000e+00
4.695281555524730e+01,4.228257351946486e-03,1.918836510389737e-03,2.798058543683324e-03,9.754063277259161e-05,3.939992320669201e-04,2.769084610702638e-04,0.000000000000000e+00
4.753794286429324e+01,4.221851246451854e-03,1.912565977854514e-03,2.760337538132346e-03,1.007925639789305e-04,3.912865557499692e-04,2.736316322129070e-04,0.000000000000000e+00
4.813036204633422e+01,4.215296430314178e-03,1.906156044216005e-03,2.721542121436877e-03,1.035256629552008e-04,3.884976865420522e-04,2.702720658086593e-04,0.000000000000000e+00
4.873016397289688e+01,4.208589626907994e-03,1.899611822547704e-03,2.681774451784172e-03,1.058581203715885e-04,3.856560890490944e-04,2.668365862181294e-04,0.000000000000000e+00
4.933744064795112e+01,4.201727494584671e-03,1.892921580765009e-03,2.641046585192991e-03,1.073813777700330e-04,3.827610926536591e-04,2.633225426489316e-04,0.000000000000000e+00
4.995228522202316e+01,4.194706625691038e-03,1.886087998325123e-03,2.599407746341776e-03,1.084929654982298e-04,3.798120345934452e-04,2.597317051574119e-04,0.000000000000000e+00
5.057479200648352e+01,4.187523545588025e-03,1.879105558857285e-03,2.556896575055988e-03,1.096683800099600e-04,3.768082610923107e-04,2.560737115208019e-04,0.000000000000000e+00
5.120505648801368e+01,4.180174711670147e-03,1.871971226798004e-03,2.513558524517547e-03,1.108707348811259e-04,3.737491285550157e-04,2.523421547528104e-04,0.000000000000000e+00
5.184317534325298e+01,4.172656512386930e-03,1.864680610642288e-03,2.469429562354980e-03,1.133142971774180e-04,3.706340048286236e-04,2.485433300748789e-04,0.000000000000000e+00
5.248924645362757e+01,4.164965266267240e-03,1.857233221763630e-03,2.424562208009562e-03,1.159965255022535e-04,3.674622705336216e-04,2.446809312552515e-04,0.000000000000000e+00
5.314336892036486e+01,4.157097220947687e-03,1.849594728540099e-03,2.378978478967552e-03,1.194372535635471e-04,3.642333204679545e-04,2.407555697277384e-04,0.000000000000000e+00
5.380564307969440e+01,4.149048552206248e-03,1.841852851844546e-03,2.332758580785043e-03,1.223730856913138e-04,3.609465650872842e-04,2.367692984938835e-04,0.000000000000000e+00
5.447617051823880e+01,4.140815363002381e-03,1.833915013395840e-03,2.285948953662207e-03,1.247286792367050e-04,3.576014320649558e-04,2.327240862643870e-04,0.000000000000000e+00
5.515505408859583e+01,4.132393682524963e-03,1.825806668150782e-03,2.238539341673419e-03,1.269217550458182e-04,3.541973679352695e-04,2.286256309531595e-04,0.000000000000000e+00
5.584239792511548e+01,4.123779465249411e-03,1.817524878428070e-03,2.190649958511931e-03,1.292391173613743e-04,3.507338398238226e-04,2.244733506109139e-04,0.000000000000000e+00
5.653830745987273e+01,4.114968590005545e-03,1.809067396299015e-03,2.142279511081688e-03,1.329324084866135e-04,3.472103372688453e-04,2.202718130449686e-04,0.000000000000000e+00
5.724288943884006e+01,4.105956859057670e-03,1.800431856882155e-03,2.093481986070845e-03,1.361845526397364e-04,3.436263741376095e-04,2.160235921257406e-04,0.000000000000000e+00
5.795625193826145e+01,4.096739997198624e-03,1.791611995531864e-03,2.044308388364013e-03,1.389257622281520e-04,3.399814906421625e-04,2.117282027858181e-04,0.000000000000000e+00
5.867850438122981e+01,4.087313650859469e-03,1.782606295819709e-03,1.994818453939958e-03,1.414653711143777e-04,3.362752554588301e-04,2.073954319921138e-04,0.000000000000000e+00
5.940975755447198e+01,4.077673387236717e-03,1.773411795038302e-03,1.945055201587473e-03,1.446921251928742e-04,3.325288333940192e-04,2.030221345198377e-04,0.000000000000000e+00
6.015012362534192e+01,4.067814693439019e-03,1.764024160974209e-03,1.895065748240536e-03,1.495766295507377e-04,3.287542927992945e-04,1.986132838655867e-04,0.000000000000000e+00
6.089971615902631e+01,4.057732975655376e-03,1.754439444836424e-03,1.844902072409804e-03,1.515224515918893e-04,3.249172257128572e-04,1.941714762455196e-04,0.000000000000000e+00
6.165865013596457e+01,4.047423558347028e-03,1.744663554330994e-03,1.794606423824940e-03,1.531853610021065e-04,3.210172806631129e-04,1.897011375181143e-04,0.000000000000000e+00
6.242704196948533e+01,4.036881683465328e-03,1.734659926512821e-03,1.744238437253523e-03,1.567977927331601e-04,3.170541434208237e-04,1.852047401506280e-04,0.000000000000000e+00
6.320500952366368e+01,4.026102509697958e-03,1.724479766510732e-03,1.693846533040966e-03,1.605639386173126e-04,3.130275396765890e-04,1.806846867534753e-04,0.000000000000000e+00
6.399267213139989e+01,4.015081111746061e-03,1.714078078431293e-03,1.643481078674919e-03,1.643837400896535e-04,3.089372378514707e-04,1.761457948223809e-04,0.000000000000000e+00
6.479015061272426e+01,4.003812479634924e-03,1.703461466207843e-03,1.593194832179085e-03,1.681922938078899e-04,3.048721879792928e-04,1.715909403427407e-04,0.000000000000000e+00
6.559756729332985e+01,3.992291518060986e-03,1.692623359324589e-03,1.543031638343779e-03,1.689105561065413e-04,3.007726043519835e-04,1.670234997952845e-04,0.000000000000000e+00
6.641504602333569e+01,3.980513045778197e-03,1.681575611560643e-03,1.493041235661862e-03,1.719448744347658e-04,2.966087118332417e-04,1.624470182041828e-04,0.000000000000000e+00
6.724271219628480e+01,3.968471795026708e-03,1.670298984333103e-03,1.443276847380267e-03,1.777482589560142e-04,2.923803553695528e-04,1.578631860884039e-04,0.000000000000000e+00
6.808069276837770e+01,3.956162411007240e-03,1.658792259602763e-03,1.393786263345862e-03,1.806450726955214e-04,2.881109945095964e-04,1.532816665164846e-04,0.000000000000000e+00
6.892911627794702e+01,3.943579451404477e-03,1.647053500217034e-03,1.344623015731018e-03,1.848899988912273e-04,2.838736796661181e-04,1.487001214912232e-04,0.000000000000000e+00
6.978811286517345e+01,3.930717385963116e-03,1.635082642936196e-03,1.295832106300251e-03,1.885799993886958e-04,2.795716190995148e-04,1.441243562756721e-04,0.000000000000000e+00
7.065781429204829e+01,3.917570596120318e-03,1.622875025973670e-03,1.247464187107402e-03,1.909162807462198e-04,2.752047610245915e-04,1.395589622856995e-04,0.000000000000000e+00
7.153835396258468e+01,3.904133374698512e-03,1.610421698205359e-03,1.199570184932005e-03,1.958034734562873e-04,2.708332995017400e-04,1.350074405236776e-04,0.000000000000000e+00
7.242986694328008e+01,3.890399925662703e-03,1.597721435985777e-03,1.152201658905532e-03,1.986176085310392e-04,2.664560259545638e-04,1.304751061619086e-04,0.000000000000000e+00
7.333248998383466e+01,3.876364363946630e-03,1.584774216234846e-03,1.105408670148157e-03,2.023805303715489e-04,2.620139901937404e-04,1.259651758696657e-04,0.000000000000000e+00
7.424636153812709e+01,3.862020715352350e-03,1.571571307805053e-03,1.059252055969266e-03,2.071433398809918e-04,2.575460768609927e-04,1.214832071306259e-04,0.000000000000000e+00
7.517162178545206e+01,3.847362916528040e-03,1.558113670208749e-03,1.013771412943978e-03,2.108029473669730e-04,2.530946892175685e-04,1.170321669352241e-04,0.000000000000000e+00
7.610841265202289e+01,3.832384815028974e-03,1.544397668134367e-03,9.690172140645383e-04,2.140261883616086e-04,2.485788303209359e-04,1.126193080047022e-04,0.000000000000000e+00
7.705687783274101e+01,3.817080169467038e-03,1.530412786638295e-03,9.250402485722493e-04,2.183204528133882e-04,2.440572558869653e-04,1.082477448996617e-04,0.000000000000000e+00
7.801716281323807e+01,3.801442649754182e-03,1.516158086342763e-03,8.818926837800743e-04,2.226174225100643e-04,2.395328374861252e-04,1.039220211792054e-04,0.000000000000000e+00
7.898941489219148e+01,3.785465837445683e-03,1.501634937432290e-03,8.396112479415068e-04,2.272034181775995e-04,2.349445011696268e-04,9.964718259584517e-05,0.000000000000000e+00
7.997378320391917e+01,3.769143226189163e-03,1.486837396987724e-03,7.982408299900474e-04,2.321580403099233e-04,2.304010355243107e-04,9.542843045812753e-05,0.000000000000000e+00
8.097041874125496e+01,3.752468222285818e-03,1.471761438069774e-03,7.578267566564917e-04,2.366348037935797e-04,2.258049220457667e-04,9.126997538551535e-05,0.000000000000000e+00
8.197947437870958e+01,3.735434145370356e-03,1.456400129369717e-03,7.184058622511629e-04,2.411512208328061e-04,2.212092411791986e-04,8.717664673309303e-05,0.000000000000000e+00
8.300110489592046e+01,3.718034229216696e-03,1.440756522027172e-03,6.800185643332129e-04,2.451322512103888e-04,2.166071180489935e-04,8.315343232770756e-05,0.000000000000000e+00
8.403546700139290e+01,3.700261622676633e-03,1.424823884205468e-03,6.426967794943740e-04,2.491142895843821e-04,2.119797028787705e-04,7.920494575543735e-05,0.000000000000000e+00
8.508271935653838e+01,3.682109390759085e-03,1.408597229732839e-03,6.064760968042797e-04,2.510967555192906e-04,2.073724700987773e-04,7.533610601810024e-05,0.000000000000000e+00
8.614302260001102e+01,3.663570515857910e-03,1.392076510466637e-03,5.713890072324056e-04,2.576389992932440e-04,2.027304087385920e-04,7.155115891730846e-05,0.000000000000000e+00
8.721653937234845e+01,3.644637899136551e-03,1.375257603597226e-03,5.374557245981556e-04,2.611047722838311e-04,1.981191220708172e-04,6.785482139320946e-05,0.000000000000000e+00
8.830343434091945e+01,3.625304362078288e-03,1.358135083346429e-03,5.047014876387036e-04,2.663025412509559e-04,1.934773609364299e-04,6.425171278257125e-05,0.000000000000000e+00
8.940387422518189e+01,3.605562648211156e-03,1.340703489407198e-03,4.731419952502054e-04,2.713792621400138e-04,1.888645633196292e-04,6.074526704492386e-05,0.000000000000000e+00
9.051802782225656e+01,3.585405425017073e-03,1.322975649153296e-03,4.427841200425635e-04,2.750501730516316e-04,1.842374578467337e-04,5.733971861514212e-05,0.000000000000000e+00
9.164606603281841e+01,3.564825286035107e-03,1.304932608921832e-03,4.136229546693569e-04,2.796521693886488e-04,1.796258822007486e-04,5.403826324671714e-05,0.000000000000000e+00
9.278816188731146e+01,3.543814753169319e-03,1.286574470134702e-03,3.856499227579469e-04,2.846365199261382e-04,1.750258277584606e-04,5.084378748282439e-05,0.000000000000000e+00
9.394449057249024e+01,3.522366279212058e-03,1.267881283423338e-03,3.588551548294756e-04,2.895378471854157e-04,1.704170279517003e-04,4.775819030120459e-05,0.000000000000000e+00
9.511522945829120e+01,3.500472250594030e-03,1.248909422777867e-03,3.332275337117901e-04,2.933078391038321e-04,1.658553789482019e-04,4.478184347030043e-05,0.000000000000000e+00
9.630055812504027e+01,3.478124990373080e-03,1.229597838640176e-03,3.087547653976553e-04,2.989571634748568e-04,1.612794265466736e-04,4.191452726362700e-05,0.000000000000000e+00
9.750065839099811e+01,3.455316761474063e-03,1.209963958026044e-03,2.854233572591822e-04,3.060391208623353e-04,1.567400331003178e-04,3.915591580195040e-05,0.000000000000000e+00
9.871571434025003e+01,3.432039770192765e-03,1.190004859731387e-03,2.632148981812411e-04,3.082054465192756e-04,1.522219777567007e-04,3.650558657753991e-05,0.000000000000000e+00
9.994591235094212e+01,3.408286169977443e-03,1.169719106203129e-03,2.421202657960265e-04,3.105972755654569e-04,1.477055905356321e-04,3.396301723940757e-05,0.000000000000000e+00
1.011914411238701e+02,3.384048065502118e-03,1.149104601400195e-03,2.221187082321409e-04,3.199997854241044e-04,1.432418670665026e-04,3.152758059639895e-05,0.000000000000000e+00
1.024524917114248e+02,3.359317517046349e-03,1.128159720850380e-03,2.031885416249855e-04,3.210027068465420e-04,1.388001219130359e-04,2.919827833682792e-05,0.000000000000000e+00
1.037292575468967e+02,3.334086545196994e-03,1.106888518561963e-03,1.853167417159716e-04,3.269715511082839e-04,1.343738707581659e-04,2.697475555477412e-05,0.000000000000000e+00
1.050219344741478e+02,3.308347135887973e-03,1.085282668445593e-03,1.684757693300465e-04,3.309212240742484e-04,1.299931745637175e-04,2.485578282919521e-05,0.000000000000000e+00
1.063307207776518e+02,3.282091245794936e-03,1.063344609864702e-03,1.526503225044803e-04,3.365045081526591e-04,1.256564017917249e-04,2.284004569608514e-05,0.000000000000000e+00
1.076558172129088e+02,3.255310808102289e-03,1.041076353785763e-03,1.378105464108861e-04,3.401602470348722e-04,1.213468853592496e-04,2.092685335633913e-05,0.000000000000000e+00
1.089974270372400e+02,3.227997738660938e-03,1.018473172823427e-03,1.239387178964173e-04,3.448193182915406e-04,1.170698080351570e-04,1.911437958449918e-05,0.000000000000000e+00
1.103557560409646e+02,3.200143942555908e-03,9.955381452920254e-04,1.110027672629133e-04,3.512267274757698e-04,1.128485804451325e-04,1.740172741879372e-05,0.000000000000000e+00
1.117310125789671e+02,3.171741321103701e-03,9.722720053969422e-04,9.897947441713564e-05,3.539787325771182e-04,1.086792723036100e-04,1.578680987528708e-05,0.000000000000000e+00
1.131234076026559e+02,3.142781779300250e-03,9.486743678472153e-04,8.784116560616532e-05,3.581694955596849e-04,1.045519553846571e-04,1.426847935708040e-05,0.000000000000000e+00
1.145331546923222e+02,3.113257233741190e-03,9.247441997455192e-04,7.756259411246731e-05,3.629614640547075e-04,1.004707301808207e-04,1.284438564441229e-05,0.000000000000000e+00
1.159604700899005e+02,3.083159621037080e-03,9.004906509682351e-04,6.810761512068383e-05,3.635796373411940e-04,9.643967035392515e-05,1.151283803209103e-05,0.000000000000000e+00
1.174055727321385e+02,3.052480906747209e-03,8.759089705100325e-04,5.944900648784048e-05,3.681973342295526e-04,9.246346493695753e-05,1.027205026900916e-05,0.000000000000000e+00
1.188686842841799e+02,3.021213094856641e-03,8.510038540092291e-04,5.155521581093795e-05,3.744431613309795e-04,8.856020784016323e-05,9.119259490344285e-06,0.000000000000000e+00
1.203500291735655e+02,2.989348237822213e-03,8.257775789156919e-04,4.439372025968574e-05,3.793675036639909e-04,8.471534185830621e-05,8.052402120577269e-06,0.000000000000000e+00
1.218498346246586e+02,2.956878447214258e-03,8.002243733398473e-04,3.793120722532536e-05,3.827094711320675e-04,8.093232477272379e-05,7.069001747320525e-06,0.000000000000000e+00
1.233683306934987e+02,2.923795904982052e-03,7.743788743039190e-04,3.213351507481322e-05,3.824639194283163e-04,7.721452419940225e-05,6.166449233740824e-06,0.000000000000000e+00
1.249057503030902e+02,2.890092875372118e-03,7.482142136210813e-04,2.696269721427054e-05,3.853490961859052e-04,7.356435706072150e-05,5.342004640402747e-06,0.000000000000000e+00
1.264623292791308e+02,2.855761717529758e-03,7.217460792753141e-04,2.238923336553925e-05,3.943855071177368e-04,6.998469599209973e-05,4.592796971347338e-06,0.000000000000000e+00
1.280383063861842e+02,2.820794898815531e-03,6.949435654567548e-04,1.837393871479946e-05,3.923674386350251e-04,6.647904991413672e-05,3.915824877951421e-06,0.000000000000000e+00
1.296339233643054e+02,2.785185008869680e-03,6.679266757213269e-04,1.488030123622072e-05,3.943946889195722e-04,6.304998653671597e-05,3.307941886575776e-06,0.000000000000000e+00
1.312494249661202e+02,2.748924774458972e-03,6.408428909174749e-04,1.186845060212020e-05,3.980578173392467e-04,5.969878237622596e-05,2.765880050670647e-06,0.000000000000000e+00
1.328850589943690e+02,2.712007075141760e-03,6.142009630217975e-04,9.306592721124037e-06,4.020284038125502e-04,5.642700956385055e-05,2.286249914788427e-06,0.000000000000000e+00
1.345410763399166e+02,2.674424959788810e-03,5.880137634738551e-04,7.151727089477019e-06,4.087660229056767e-04,5.323699347667415e-05,1.865254819552730e-06,0.000000000000000e+00
1.362177310202367e+02,2.636171663998685e-03,5.622889681081709e-04,5.371342222844747e-06,4.104969781046768e-04,5.013167482506102e-05,1.499853527256869e-06,0.000000000000000e+00
1.379152802183765e+02,2.597240628448465e-03,5.370343041359508e-04,3.922675640664441e-06,4.112836453549559e-04,4.711286894849305e-05,1.186021145801665e-06,0.000000000000000e+00
1.396339843224048e+02,2.557625518222080e-03,5.122575460904435e-04,2.770922273200455e-06,4.131153255396993e-04,4.418141981036235e-05,9.196531053513011e-07,0.000000000000000e+00
1.413741069653546e+02,2.517320243160304e-03,4.879665114682847e-04,1.881286233750105e-06,4.069262119481524e-04,4.133828322861927e-05,6.974066741403596e-07,0.000000000000000e+00
1.431359150656606e+02,2.476318979278434e-03,4.641690560517112e-04,1.212708887349984e-06,4.109623097546758e-04,3.858561757789323e-05,5.147365806048430e-07,0.000000000000000e+00
1.449196788681027e+02,2.434616191299483e-03,4.408730688955543e-04,7.319783062769314e-07,4.109176098305406e-04,3.593581341979825e-05,3.681589323022919e-07,0.000000000000000e+00
1.467256719852592e+02,2.392206656352789e-03,4.180864669624206e-04,4.046886182511820e-07,4.130899782772396e-04,3.337873470918424e-05,2.530566273970080e-07,0.000000000000000e+00
1.485541714394754e+02,2.349085488889940e-03,3.958171893887052e-04,1.979268500054263e-07,4.109808174869899e-04,3.091495028727905e-05,1.656177509294902e-07,0.000000000000000e+00
1.504054577053576e+02,2.305248166872213e-03,3.740731913632172e-04,8.071836368231690e-08,4.085334271253115e-04,2.854562025856597e-05,1.020286859713868e-07,0.000000000000000e+00
1.522798147527940e+02,2.260690559285762e-03,3.528624375995685e-04,2.462520552479066e-08,4.100070307572064e-04,2.627064168940568e-05,5.776244058495821e-08,0.000000000000000e+00
1.541775300905135e+02,2.215408955043433e-03,3.321928953825011e-04,4.545530259456797e-09,4.088924220185278e-04,2.410432515308448e-05,2.915006159568931e-08,0.000000000000000e+00
1.560988948101874e+02,2.169400093334131e-03,3.120725271675710e-04,1.679193992820841e-10,4.055677551660505e-04,2.203704560045206e-05,1.242153190339476e-08,0.000000000000000e+00
1.580442036310791e+02,2.122661195483630e-03,2.925092827126988e-04,0.000000000000000e+00,4.022557039696877e-04,2.006571763519277e-05,4.037460916160984e-09,0.000000000000000e+00
1.600137549452521e+02,2.075189998392938e-03,2.735110907190825e-04,0.000000000000000e+00,4.008636370066300e-04,1.819390765810643e-05,8.019059633730593e-10,0.000000000000000e+00
1.620078508633398e+02,2.026984789623397e-03,2.550858499581507e-04,0.000000000000000e+00,3.948964074884587e-04,1.643334654246460e-05,2.796579521615437e-11,0.000000000000000e+00
1.640267972608873e+02,1.978044444200262e-03,2.372414198600824e-04,0.000000000000000e+00,3.902529190306076e-04,1.476701295039066e-05,0.000000000000000e+00,0.000000000000000e+00
1.660709038252691e+02,1.928368463209798e-03,2.199856105384614e-04,0.000000000000000e+00,3.852316508245453e-04,1.320017983862732e-05,0.000000000000000e+00,0.000000000000000e+00
1.681404841031921e+02,1.877957014267610e-03,2.033261722245045e-04,0.000000000000000e+00,3.792149026333313e-04,1.174083102887632e-05,0.000000000000000e+00,0.000000000000000e+00
1.702358555487920e+02,1.826810973939469e-03,1.872707840831713e-04,0.000000000000000e+00,3.735570665073668e-04,1.037267274470260e-05,0.000000000000000e+00,0.000000000000000e+00
1.723573395723258e+02,1.774931972199087e-03,1.718270423823131e-04,0.000000000000000e+00,3.614581575726930e-04,9.111380571360543e-06,0.000000000000000e+00,0.000000000000000e+00
1.745052615894753e+02,1.722322439010619e-03,1.570024479847079e-04,0.000000000000000e+00,3.542955895729725e-04,7.942072919324499e-06,0.000000000000000e+00,0.000000000000000e+00
1.766799510712607e+02,1.668985653127682e-03,1.428043931316683e-04,0.000000000000000e+00,3.469146035722246e-04,6.870576037369416e-06,0.000000000000000e+00,0.000000000000000e+00
1.788817415945796e+02,1.614925793203780e-03,1.292401474854552e-04,0.000000000000000e+00,3.371434277234968e-04,5.891089250631106e-06,0.000000000000000e+00,0.000000000000000e+00
1.811109708933748e+02,1.560147991313699e-03,1.163168433964237e-04,0.000000000000000e+00,3.241026194654386e-04,5.003214390093649e-06,0.000000000000000e+00,0.000000000000000e+00
1.833679809104383e+02,1.504658388988643e-03,1.040414603593760e-04,0.000000000000000e+00,3.109095109755441e-04,4.201765770177521e-06,0.000000000000000e+00,0.000000000000000e+00
1.856531178498635e+02,1.448464195872894e-03,9.242080862203524e-05,0.000000000000000e+00,3.001442692905302e-04,3.488514132955854e-06,0.000000000000000e+00,0.000000000000000e+00
1.879667322301480e+02,1.391573751113496e-03,8.146151190709597e-05,0.000000000000000e+00,2.858364625339705e-04,2.852172141764948e-06,0.000000000000000e+00,0.000000000000000e+00
1.903091789379620e+02,1.333996587599444e-03,7.116998920757711e-05,0.000000000000000e+00,2.676652296110831e-04,2.301370402862874e-06,0.000000000000000e+00,0.000000000000000e+00
1.926808172825823e+02,1.275743499171321e-03,6.155243561358326e-05,0.000000000000000e+00,2.526032066553992e-04,1.820386343868889e-06,0.000000000000000e+00,0.000000000000000e+00
1.950820110510084e+02,1.216826610927399e-03,5.261480212680417e-05,0.000000000000000e+00,2.364913252299995e-04,1.409654062354518e-06,0.000000000000000e+00,0.000000000000000e+00
1.975131285637640e+02,1.157259452757239e-03,4.436277441723035e-05,0.000000000000000e+00,2.180731164811185e-04,1.067072427070528e-06,0.000000000000000e+00,0.000000000000000e+00
1.999745427313929e+02,1.097057036239217e-03,3.680175047469819e-05,0.000000000000000e+00,1.984615635631536e-04,7.832186860548987e-07,0.000000000000000e+00,0.000000000000000e+00
2.024666311116611e+02,1.036235935043788e-03,2.993681710586255e-05,0.000000000000000e+00,1.805424791055166e-04,5.536586869147900e-07,0.000000000000000e+00,0.000000000000000e+00
2.049897759674699e+02,9.748143689901048e-04,2.377272522516805e-05,0.000000000000000e+00,1.580007438163285e-04,3.766988793659665e-07,0.000000000000000e+00,0.000000000000000e+00
2.075443643254914e+02,9.128122919097634e-04,1.831386388621985e-05,0.000000000000000e+00,1.347260446849513e-04,2.424056849631613e-07,0.000000000000000e+00,0.000000000000000e+00
2.101307880355356e+02,8.502514834771801e-04,1.356423299774639e-05,0.000000000000000e+00,1.136486059376189e-04,1.449088719044682e-07,0.000000000000000e+00,0.000000000000000e+00
2.127494438306551e+02,7.871556451730589e-04,9.527414666030066e-06,0.000000000000000e+00,9.214050515080029e-05,7.832342101293506e-08,0.000000000000000e+00,0.000000000000000e+00
2.154007333880018e+02,7.235505005537808e-04,6.206543103253292e-06,0.000000000000000e+00,6.958458626561543e-05,3.675157397197641e-08,0.000000000000000e+00,0.000000000000000e+00
2.180850633904388e+02,6.594639000065944e-04,3.604273038728598e-06,0.000000000000000e+00,4.876666688958332e-05,1.407574841080994e-08,0.000000000000000e+00,0.000000000000000e+00
2.208028455889227e+02,5.949259301777548e-04,1.722746567350336e-06,0.000000000000000e+00,2.912354778187239e-05,3.791826686544970e-09,0.000000000000000e+00,0.000000000000000e+00
2.235544968656626e+02,5.299690282681567e-04,5.635583669130748e-07,0.000000000000000e+00,1.344430715828435e-05,4.719982035576304e-10,0.000000000000000e+00,0.000000000000000e+00
2.263404392980647e+02,4.646281013991566e-04,1.277192131143639e-07,0.000000000000000e+00,2.901717609559574e-06,4.732573452282867e-12,0.000000000000000e+00,0.000000000000000e+00
2.291611002234764e+02,3.989406512587031e-04,0.000000000000000e+00,0.000000000000000e+00,0.000000000000000e+00,0.000000000000000e+00,0.000000000000000e+00,0.000000000000000e+00
2.320169123047345e+02,3.329469042473176e-04,0.000000000000000e+00,0.000000000000000e+00,0.000000000000000e+00,0.000000000000000e+00,0.000000000000000e+00,0.000000000000000e+00
2.349083135965330e+02,2.666899473512358e-04,0.000000000000000e+00,0.000000000000000e+00,0.000000000000000e+00,0.000000000000000e+00,0.000000000000000e+00,0.000000000000000e+00
2.378357476126150e+02,2.002158699799229e-04,0.000000000000000e+00,0.000000000000000e+00,0.000000000000000e+00,0.000000000000000e+00,0.000000000000000e+00,0.000000000000000e+00
2.407996633938047e+02,1.335739120140575e-04,0.000000000000000e+00,0.000000000000000e+00,0.000000000000000e+00,0.000000000000000e+00,0.000000000000000e+00,0.000000000000000e+00
2.438005155768861e+02,6.681661832042426e-05,0.000000000000000e+00,0.000000000000000e+00,0.000000000000000e+00,0.000000000000000e+00,0.000000000000000e+00,0.000000000000000e+00
2.468387644643389e+02,0.000000000000000e+00,0.000000000000000e+00,0.000000000000000e+00,0.000000000000000e+00,0.000000000000000e+00,0.000000000000000e+00,0.000000000000000e+00
