# energy,pi_pi_pi0,pi_pi_a,mu_mu
5.109989461000004e-01,2.744305509193206e-13,5.715907762224331e-14,1.340676848863445e-17
5.174340977167591e-01,1.072615304493528e-06,2.233990153866226e-07,5.056683729801290e-11
5.239502889846691e-01,1.545510426486847e-06,3.218797341905006e-07,7.284676100860332e-11
5.305485404585596e-01,1.928594994823939e-06,4.016493566513325e-07,9.088565337207663e-11
5.372298855453902e-01,2.269051606517790e-06,4.725357522761262e-07,1.069089674482259e-10
5.439953706661010e-01,2.584900562857851e-06,5.382924777996015e-07,1.217666964736625e-10
5.508460554195018e-01,2.885289557016231e-06,6.008249408480919e-07,1.358902980282507e-10
5.577830127482245e-01,3.175617622732856e-06,6.612576909877083e-07,1.495343764773490e-10
5.648073291067650e-01,3.459394032613533e-06,7.203216239434954e-07,1.628643688943397e-10
5.719201046316430e-01,3.739061283590913e-06,7.785254098688979e-07,1.759953688075602e-10
5.791224533137024e-01,4.016409981538520e-06,8.362419150651429e-07,1.890116993511179e-10
5.864155031725833e-01,4.292808262554776e-06,8.937559916404376e-07,2.019777373632426e-10
5.938003964333903e-01,4.569337810648184e-06,9.512928109582302e-07,2.149443309983036e-10
6.012782897055859e-01,4.846879021626266e-06,1.009035603990746e-06,2.279528180753084e-10
6.088503541641368e-01,5.126166725931022e-06,1.067137268888202e-06,2.410376553250367e-10
6.165177757329411e-01,5.407827997681931e-06,1.125728246932620e-06,2.542282023683454e-10
6.242817552705660e-01,5.692408605643458e-06,1.184922032466715e-06,2.675499697250099e-10
6.321435087583238e-01,5.980392008582255e-06,1.244819129708784e-06,2.810255149799356e-10
6.401042674907177e-01,6.272213309499874e-06,1.305509959411962e-06,2.946751010323443e-10
6.481652782682837e-01,6.568269712890704e-06,1.367077037030142e-06,3.085171892904015e-10
6.563278035928637e-01,6.868928501345868e-06,1.429596634102222e-06,3.225688157694110e-10
6.645931218653357e-01,7.174533217474963e-06,1.493140065751688e-06,3.368458824643640e-10
6.729625275858349e-01,7.485408524567049e-06,1.557774702922086e-06,3.513633863381659e-10
6.814373315564960e-01,7.801864079262825e-06,1.623564778774159e-06,3.661356016534717e-10
6.900188610867493e-01,8.124197655057440e-06,1.690572038994653e-06,3.811762269188532e-10
6.987084602012010e-01,8.452697690536231e-06,1.758856272243603e-06,3.964985046564527e-10
7.075074898501327e-01,8.787645390829740e-06,1.828475747506018e-06,4.121153200549307e-10
7.164173281226501e-01,9.129316478486260e-06,1.899487578387665e-06,4.280392830476559e-10
7.254393704625186e-01,9.477982666665503e-06,1.971948029541919e-06,4.442827972566143e-10
7.345750298867137e-01,9.833912910523227e-06,2.045912776866156e-06,4.608581184385339e-10
7.438257372067264e-01,1.019737448004683e-05,2.121437130479194e-06,4.777774044744844e-10
7.531929412526537e-01,1.056863388815889e-05,2.198576227524108e-06,4.950527584984701e-10
7.626781091001128e-01,1.094795770076035e-05,2.277385200352165e-06,5.126962664232028e-10
7.722827263000112e-01,1.133561324992439e-05,2.357919324505940e-06,5.307200298634301e-10
7.820082971112114e-01,1.173186926724095e-05,2.440234150042473e-06,5.491361952583831e-10
7.918563447361259e-01,1.213699645103656e-05,2.524385619054850e-06,5.679569798402218e-10
8.018284115592775e-01,1.255126797862690e-05,2.610430171715759e-06,5.871946949741236e-10
8.119260593888661e-01,1.297495997273107e-05,2.698424842743986e-06,6.068617672998575e-10
8.221508697013754e-01,1.340835192956416e-05,2.788427349858798e-06,6.269707580284958e-10
8.325044438892623e-01,1.385172711483318e-05,2.880496175518105e-06,6.475343806869054e-10
8.429884035117627e-01,1.430537293282135e-05,2.974690643019544e-06,6.685655175534879e-10
8.536043905488591e-01,1.476958127290327e-05,3.071070987868068e-06,6.900772349888065e-10
8.643540676584431e-01,1.524464883714638e-05,3.169698425170451e-06,7.120827978322572e-10
8.752391184367193e-01,1.573087745209255e-05,3.270635213700040e-06,7.345956830093272e-10
8.862612476818866e-01,1.622857436735042e-05,3.373944717178561e-06,7.576295924720948e-10
8.974221816611408e-01,1.673805254324696e-05,3.479691463242095e-06,7.811984655774725e-10
9.087236683810404e-01,1.725963092946866e-05,3.587941200492064e-06,8.053164909926599e-10
9.201674778612748e-01,1.779363473635844e-05,3.698760953976885e-06,8.299981182046637e-10
9.317554024118841e-01,1.834039570031223e-05,3.812219079403652e-06,8.552580687002376e-10
9.434892569139658e-01,1.890025234453304e-05,3.928385316340365e-06,8.811113468736871e-10
9.553708791039186e-01,1.947355023624326e-05,4.047330840636443e-06,9.075732507125351e-10
9.674021298612667e-01,2.006064224132325e-05,4.169128316261516e-06,9.346593823046394e-10
9.795848935001064e-01,2.066188877723126e-05,4.293851946738925e-06,9.623856582050043e-10
9.919210780642247e-01,2.127765806496406e-05,4.421577526330346e-06,9.907683196958590e-10
1.004412615625934e+00,2.190832638073561e-05,4.552382491110758e-06,1.019823942969670e-09
1.017061462588669e+00,2.255427830798131e-05,4.686345970058418e-06,1.049569449261319e-09
1.029869599993398e+00,2.321590699023515e-05,4.823548836271828e-06,1.080022114952770e-09
1.042839033828886e+00,2.389361438537558e-05,4.964073758414933e-06,1.111199581671018e-09
1.055971795345873e+00,2.458781152169152e-05,5.108005252482355e-06,1.143119866397879e-09
1.069269941375203e+00,2.529891875618171e-05,5.255429733968573e-06,1.175801371608320e-09
1.082735554649962e+00,2.602736603546733e-05,5.406435570517768e-06,1.209262895452309e-09
1.096370744131672e+00,2.677359315966954e-05,5.561113135125223e-06,1.243523641993718e-09
1.110177645340594e+00,2.753805004957845e-05,5.719554859955717e-06,1.278603231518540e-09
1.124158420690187e+00,2.832119701741902e-05,5.881855290839943e-06,1.314521710923512e-09
1.138315259825784e+00,2.912350504150028e-05,6.048111142505894e-06,1.351299564195250e-09
1.152650379967529e+00,2.994545604501882e-05,6.218421354598794e-06,1.388957722989121e-09
1.167166026257637e+00,3.078754317927254e-05,6.392887148539989e-06,1.427517577316249e-09
1.181864472112020e+00,3.165027111152982e-05,6.571612085272758e-06,1.467000986346341e-09
1.196748019576348e+00,3.253415631778743e-05,6.754702123940549e-06,1.507430289333422e-09
1.211818999686594e+00,3.343972738064254e-05,6.942265681541174e-06,1.548828316670906e-09
1.227079772834110e+00,3.436752529249542e-05,7.134413693598766e-06,1.591218401081970e-09
1.242532729135315e+00,3.531810376429372e-05,7.331259675893790e-06,1.634624388950674e-09
1.258180288806027e+00,3.629202954002202e-05,7.532919787289857e-06,1.679070651798840e-09
1.274024902540513e+00,3.728988271713696e-05,7.739512893695247e-06,1.724582097913276e-09
1.290069051895314e+00,3.831225707314279e-05,7.951160633195710e-06,1.771184184127565e-09
1.306315249677902e+00,3.935976039849878e-05,8.167987482394328e-06,1.818902927762254e-09
1.322766040340229e+00,4.043301483604811e-05,8.390120823993544e-06,1.867764918726953e-09
1.339424000377241e+00,4.153265722715321e-05,8.617691015653524e-06,1.917797331787514e-09
1.356291738730397e+00,4.265933946472247e-05,8.850831460160682e-06,1.969027939001170e-09
1.373371897196280e+00,4.381372885331071e-05,9.089678676939507e-06,2.021485122322178e-09
1.390667150840353e+00,4.499650847647393e-05,9.334372374940362e-06,2.075197886380220e-09
1.408180208415920e+00,4.620837757155895e-05,9.585055526935665e-06,2.130195871433576e-09
1.425913812788367e+00,4.745005191210711e-05,9.841874445256293e-06,2.186509366498717e-09
1.443870741364748e+00,4.872226419805060e-05,1.010497885899992e-05,2.244169322657732e-09
1.462053806528772e+00,5.002576445387998e-05,1.037452199274264e-05,2.303207366544712e-09
1.480465856081279e+00,5.136132043496142e-05,1.065066064678488e-05,2.363655814011913e-09
1.499109773686253e+00,5.272971804218131e-05,1.093355527896260e-05,2.425547683976227e-09
1.517988479322464e+00,5.413176174509752e-05,1.122337008805430e-05,2.488916712446224e-09
1.537104929740781e+00,5.556827501377518e-05,1.152027309881442e-05,2.553797366729669e-09
1.556462118927260e+00,5.704010075948633e-05,1.182443624866316e-05,2.620224859821159e-09
1.576063078572054e+00,5.854810178445309e-05,1.213603547606316e-05,2.688235164969202e-09
1.595910878544232e+00,6.009316124081355e-05,1.245525081061250e-05,2.757865030421669e-09
1.616008627372576e+00,6.167618309899138e-05,1.278226646488409e-05,2.829151994348302e-09
1.636359472732436e+00,6.329809262564965e-05,1.311727092804069e-05,2.902134399938528e-09
1.656966601938710e+00,6.495983687141064e-05,1.346045706125509e-05,2.976851410672502e-09
1.677833242445038e+00,6.666238516852311e-05,1.381202219496435e-05,3.053343025762904e-09
1.698962662349278e+00,6.840672963866003e-05,1.417216822798711e-05,3.131650095764622e-09
1.720358170905357e+00,7.019388571102991e-05,1.454110172853254e-05,3.211814338349043e-09
1.742023119041549e+00,7.202489265098412e-05,1.491903403712927e-05,3.293878354239191e-09
1.763960899885303e+00,7.390081409930591e-05,1.530618137150244e-05,3.377885643301593e-09
1.786174949294663e+00,7.582273862236365e-05,1.570276493342653e-05,3.463880620790166e-09
1.808668746396385e+00,7.779178027331410e-05,1.610901101758146e-05,3.551908633736998e-09
1.831445814130837e+00,7.980907916453968e-05,1.652515112243882e-05,3.642015977484329e-09
1.854509719803753e+00,8.187580205150527e-05,1.695142206320515e-05,3.734249912351535e-09
1.877864075644938e+00,8.399314292821884e-05,1.738806608684803e-05,3.828658680430284e-09
1.901512539374009e+00,8.616232363448097e-05,1.783533098923089e-05,3.925291522500493e-09
1.925458814773264e+00,8.838459447510812e-05,1.829347023438161e-05,4.024198695059045e-09
1.949706652267757e+00,9.066123485131279e-05,1.876274307591927e-05,4.125431487452571e-09
1.974259849512690e+00,9.299355390442531e-05,1.924341468066317e-05,4.229042239104920e-09
1.999122251988187e+00,9.538289117213938e-05,1.973575625444702e-05,4.335084356829237e-09
2.024297753601575e+00,9.783061725746338e-05,2.024004517016088e-05,4.443612332213703e-09
2.049790297297234e+00,1.003381345105587e-04,2.075656509804237e-05,4.554681759069359e-09
2.075603875674139e+00,1.029068777236440e-04,2.128560613823780e-05,4.668349350927442e-09
2.101742531611174e+00,1.055383148391445e-04,2.182746495565307e-05,4.784672958572879e-09
2.128210358900315e+00,1.082339476712605e-04,2.238244491711281e-05,4.903711587599622e-09
2.155011502887801e+00,1.109953126411318e-04,2.295085623084566e-05,5.025525415972589e-09
2.182150161123366e+00,1.138239815257680e-04,2.353301608831163e-05,5.150175811579857e-09
2.209630584017654e+00,1.167215622209151e-04,2.412924880838712e-05,5.277725349757885e-09
2.237457075507907e+00,1.196896995180229e-04,2.473988598392075e-05,5.408237830771178e-09
2.265633993732050e+00,1.227300758954795e-04,2.536526663067287e-05,5.541778297226969e-09
2.294165751711243e+00,1.258444123242683e-04,2.600573733864858e-05,5.678413051403859e-09
2.323056818041051e+00,1.290344690882072e-04,2.666165242583414e-05,5.818209672472580e-09
2.352311717591301e+00,1.323020466189175e-04,2.733337409434308e-05,5.961237033585187e-09
2.381935032214763e+00,1.356489863456708e-04,2.802127258897760e-05,6.107565318808073e-09
2.411931401464752e+00,1.390771715602552e-04,2.872572635820851e-05,6.257266039872331e-09
2.442305523321765e+00,1.425885282969954e-04,2.944712221757447e-05,6.410412052713807e-09
2.473062154929274e+00,1.461850262280564e-04,3.018585551549916e-05,6.567077573773230e-09
2.504206113338775e+00,1.498686795741530e-04,3.094233030152274e-05,6.727338196025472e-09
2.535742276264237e+00,1.536415480307828e-04,3.171695949694099e-05,6.891270904704997e-09
2.567675582846031e+00,1.575057377100863e-04,3.251016506784290e-05,7.058954092692844e-09
2.600011034424496e+00,1.614634020984373e-04,3.332237820053453e-05,7.230467575528460e-09
2.632753695323239e+00,1.655167430298528e-04,3.415403947933388e-05,7.405892606007878e-09
2.665908693642298e+00,1.696680116753009e-04,3.500559906671782e-05,7.585311888327348e-09
2.699481222061301e+00,1.739195095479810e-04,3.587751688579939e-05,7.768809591729718e-09
2.733476538652733e+00,1.782735895246323e-04,3.677026280510914e-05,7.956471363608153e-09
2.767899967705443e+00,1.827326568829197e-04,3.768431682565078e-05,8.148384342019658e-09
2.802756900558530e+00,1.872991703549300e-04,3.862016927019737e-05,8.344637167558333e-09
2.838052796445722e+00,1.919756431968041e-04,3.957832097478957e-05,8.545319994535560e-09
2.873793183350395e+00,1.967646442745058e-04,4.055928348239275e-05,8.750524501411599e-09
2.909983658871352e+00,2.016687991657242e-04,4.156357923866521e-05,8.960343900420369e-09
2.946629891099515e+00,2.066907912778825e-04,4.259174178978475e-05,9.174872946326006e-09
2.983737619505647e+00,2.118333629822117e-04,4.364431598227454e-05,9.394207944246705e-09
3.021312655839260e+00,2.170993167638281e-04,4.472185816476427e-05,9.618446756478237e-09
3.059360885038841e+00,2.224915163877376e-04,4.582493639161677e-05,9.847688808245947e-09
3.097888266153543e+00,2.280128880806624e-04,4.695413062834265e-05,1.008203509231057e-08
3.136900833276479e+00,2.336664217285700e-04,4.811003295872014e-05,1.032158817234944e-08
3.176404696489770e+00,2.394551720897589e-04,4.929324779352979e-05,1.056645218503090e-08
3.216406042821502e+00,2.453822600233311e-04,5.050439208080604e-05,1.081673284069551e-08
3.256911137214719e+00,2.514508737328523e-04,5.174409551749997e-05,1.107253742255354e-08
3.297926323508635e+00,2.576642700249806e-04,5.301300076243963e-05,1.133397478430382e-08
3.339458025432193e+00,2.640257755828090e-04,5.431176365046579e-05,1.160115534607432e-08
3.381512747610137e+00,2.705387882536367e-04,5.564105340761083e-05,1.187419108858016e-08
3.424097076581756e+00,2.772067783508573e-04,5.700155286718056e-05,1.215319554538960e-08
3.467217681832460e+00,2.840332899696117e-04,5.839395868658787e-05,1.243828379318354e-08
3.510881316838337e+00,2.910219423158205e-04,5.981898156477625e-05,1.272957243988823e-08
3.555094820123876e+00,2.981764310481725e-04,6.127734646006133e-05,1.302717961055572e-08
3.599865116333007e+00,3.055005296326072e-04,6.276979280820616e-05,1.333122493086009e-08
3.645199217313619e+00,3.129980907087818e-04,6.429707474053398e-05,1.364182950807174e-08
3.691104223215748e+00,3.206730474679778e-04,6.585996130186975e-05,1.395911590936527e-08
3.737587323603598e+00,3.285294150418468e-04,6.745923666808844e-05,1.428320813731006e-08
3.784655798581543e+00,3.365712919013519e-04,6.909570036303360e-05,1.461423160238510e-08
3.832317019934337e+00,3.448028612652054e-04,7.077016747455561e-05,1.495231309235294e-08
3.880578452281668e+00,3.532283925170558e-04,7.248346886940362e-05,1.529758073831964e-08
3.929447654247247e+00,3.618522426306082e-04,7.423645140668841e-05,1.565016397729938e-08
3.978932279642637e+00,3.706788576018182e-04,7.602997814961794e-05,1.601019351109476e-08
4.029040078665973e+00,3.797127738872200e-04,7.786492857518819e-05,1.637780126129469e-08
4.079778899115788e+00,3.889586198473975e-04,7.974219878149435e-05,1.675312032018255e-08
4.131156687620122e+00,3.984211171945264e-04,8.166270169230794e-05,1.713628489733863e-08
4.183181490881103e+00,4.081050824428509e-04,8.362736725854480e-05,1.752743026171032e-08
4.235861456935222e+00,4.180154283608776e-04,8.563714265622872e-05,1.792669267891376e-08
4.289204836429449e+00,4.281571654239893e-04,8.769299248053141e-05,1.833420934351971e-08
4.343219983913444e+00,4.385354032660977e-04,8.979589893544841e-05,1.875011830606560e-08
4.397915359148033e+00,4.491553521288705e-04,9.194686201864549e-05,1.917455839452401e-08
4.453299528430157e+00,4.600223243069615e-04,9.414689970098306e-05,1.960766912994563e-08
4.509381165934511e+00,4.711417355875988e-04,9.639704810020331e-05,2.004959063598255e-08
4.566169055072086e+00,4.825191066827584e-04,9.869836164823307e-05,2.050046354198446e-08
4.623672089865803e+00,4.941600646520645e-04,1.010519132515283e-04,2.096042887934660e-08
4.681899276343479e+00,5.060703443144337e-04,1.034587944438561e-04,2.142962797077430e-08
4.740859733948350e+00,5.182557896463762e-04,1.059201155308783e-04,2.190820231211436e-08
4.800562696967327e+00,5.307223551647211e-04,1.084370057258652e-04,2.239629344638744e-08
4.861017515977255e+00,5.434761072914380e-04,1.110106132758369e-04,2.289404282964031e-08
4.922233659309402e+00,5.565232256980672e-04,1.136421055773926e-04,2.340159168822011e-08
4.984220714532349e+00,5.698700046271320e-04,1.163326692814467e-04,2.391908086705447e-08
5.046988389953596e+00,5.835228541877815e-04,1.190835103860575e-04,2.444665066850443e-08
5.110546516140058e+00,5.974883016227319e-04,1.218958543164876e-04,2.498444068133751e-08
5.174905047457698e+00,6.117729925434243e-04,1.247709459915936e-04,2.553258959934866e-08
5.240074063630587e+00,6.263836921301641e-04,1.277100498756007e-04,2.609123502913706e-08
5.306063771319550e+00,6.413272862937949e-04,1.307144500142648e-04,2.666051328652404e-08
5.372884505720732e+00,6.566107827953193e-04,1.337854500543819e-04,2.724055918107699e-08
5.440546732184267e+00,6.722413123196486e-04,1.369243732455488e-04,2.783150578817970e-08
5.509061047853355e+00,6.882261294994906e-04,1.401325624230285e-04,2.843348420806613e-08
5.578438183323957e+00,7.045726138851540e-04,1.434113799705170e-04,2.904662331120930e-08
5.648689004325416e+00,7.212882708558481e-04,1.467622077615482e-04,2.967104946943158e-08
5.719824513422216e+00,7.383807324678030e-04,1.501864470782159e-04,3.030688627207454e-08
5.791855851737191e+00,7.558577582343187e-04,1.536855185058276e-04,3.095425422653925e-08
5.864794300696429e+00,7.737272358325910e-04,1.572608618020364e-04,3.161327044247807e-08
5.938651283796152e+00,7.919971817318959e-04,1.609139357389313e-04,3.228404829888847e-08
6.013438368391834e+00,8.106757417374472e-04,1.646462179164919e-04,3.296669709332779e-08
6.089167267509882e+00,8.297711914439626e-04,1.684592045457416e-04,3.366132167243427e-08
6.165849841682083e+00,8.492919365926496e-04,1.723544101998488e-04,3.436802204290596e-08
6.243498100803202e+00,8.692465133250569e-04,1.763333675313529e-04,3.508689296205242e-08
6.322124206011941e+00,8.896435883268577e-04,1.803976269535983e-04,3.581802350699769e-08
6.401740471595599e+00,9.104919588543355e-04,1.845487562843750e-04,3.656149662157332e-08
6.482359366918710e+00,9.318005526359704e-04,1.887883403496722e-04,3.731738863990036e-08
6.563993518375990e+00,9.535784276411535e-04,1.931179805453525e-04,3.808576878561720e-08
6.646655711369837e+00,9.758347717076680e-04,1.975392943544541e-04,3.886669864566584e-08
6.730358892312776e+00,9.985789020191963e-04,2.020539148177256e-04,3.966023161750452e-08
6.815116170655102e+00,1.021820264423658e-03,2.066634899548848e-04,4.046641232856639e-08
6.900940820938054e+00,1.045568432582769e-03,2.113696821339836e-04,4.128527602673533e-08
6.987846284872855e+00,1.069833106942756e-03,2.161741673861365e-04,4.211684794055815e-08
7.075846173445931e+00,1.094624113515656e-03,2.210786346627517e-04,4.296114260785966e-08
7.164954269050643e+00,1.119951402460176e-03,2.260847850322713e-04,4.381816317137131e-08
7.255184527645854e+00,1.145825046450527e-03,2.311943308132932e-04,4.468790063992576e-08
7.346551080941692e+00,1.172255238821133e-03,2.364089946408076e-04,4.557033311371145e-08
7.439068238612836e+00,1.199252291474539e-03,2.417305084621356e-04,4.646542497201664e-08
7.532750490539671e+00,1.226826632539262e-03,2.471606124590025e-04,4.737312602182882e-08
7.627612509077665e+00,1.254988803763690e-03,2.527010538920221e-04,4.829337060558749e-08
7.723669151355347e+00,1.283749457631548e-03,2.583535858637043e-04,4.922607666631768e-08
7.820935461601174e+00,1.313119354183703e-03,2.641199659959194e-04,5.017114476829865e-08
7.919426673499758e+00,1.343109357530467e-03,2.700019550175836e-04,5.112845707134672e-08
8.019158212577727e+00,1.373730432037777e-03,2.760013152581342e-04,5.209787625671069e-08
8.120145698619654e+00,1.404993638169898e-03,2.821198090421738e-04,5.307924440249792e-08
8.222404948114388e+00,1.436910127970478e-03,2.883591969804559e-04,5.407238180646131e-08
8.325951976732229e+00,1.469491140163038e-03,2.947212361521805e-04,5.507708575389127e-08
8.430803001833244e+00,1.502747994850999e-03,3.012076781733364e-04,5.609312922826094e-08
8.536974445007226e+00,1.536692087796603e-03,3.078202671456137e-04,5.712025956217970e-08
8.644482934645607e+00,1.571334884257027e-03,3.145607374801563e-04,5.815819702610801e-08
8.753345308545770e+00,1.606687912355101e-03,3.214308115901870e-04,5.920663335218320e-08
8.863578616548150e+00,1.642762755961001e-03,3.284321974462728e-04,6.026523019039758e-08
8.975200123206571e+00,1.679571047060242e-03,3.355665859877349e-04,6.133361749425786e-08
9.088227310492165e+00,1.717124457582190e-03,3.428356483834180e-04,6.241139183293719e-08
9.202677880531381e+00,1.755434690662206e-03,3.502410331347553e-04,6.349811462681048e-08
9.318569758378466e+00,1.794513471309298e-03,3.577843630137500e-04,6.459331030313626e-08
9.435921094822852e+00,1.834372536449952e-03,3.654672318281838e-04,6.569646436851702e-08
9.554750269231899e+00,1.875023624317523e-03,3.732912010060325e-04,6.680702139463346e-08
9.675075892429444e+00,1.916478463155191e-03,3.812577959907268e-04,6.792438291360574e-08
9.796916809610604e+00,1.958748759199156e-03,3.893685024385414e-04,6.904790521918657e-08
9.920292103293260e+00,2.001846183907181e-03,3.976247622090164e-04,7.017689706983772e-08
1.004522109630674e+01,2.045782360396213e-03,4.060279691389415e-04,7.131061728958173e-08
1.017172335481815e+01,2.090568849051109e-03,4.145794645900228e-04,7.244827226235395e-08
1.029981869139673e+01,2.136217132264891e-03,4.232805327599306e-04,7.358901331540755e-08
1.042952716811693e+01,2.182738598269321e-03,4.321323957460054e-04,7.473193398714534e-08
1.056086909970049e+01,2.230144524012630e-03,4.411362083504290e-04,7.587606717456335e-08
1.069386505669805e+01,2.278446057039550e-03,4.502930526152023e-04,7.625057316313619e-08
1.082853586871093e+01,2.327654196326795e-03,4.596039320747961e-04,7.624498307745912e-08
1.096490262765337e+01,2.377779772025051e-03,4.690697657137953e-04,7.623925319841062e-08
1.110298669105600e+01,2.428833424056631e-03,4.786913816163688e-04,7.623338006066860e-08
1.124280968541069e+01,2.480825579515517e-03,4.884684187968287e-04,7.622736011399713e-08
1.138439350955780e+01,2.533766428814493e-03,4.984006523418955e-04,7.622118972120847e-08
1.152776033811582e+01,2.587665900521518e-03,5.084827886788522e-04,7.621486515607745e-08
1.167293262495438e+01,2.642533634825104e-03,5.187128871350972e-04,7.620838260120785e-08
1.181993310671094e+01,2.698378955565972e-03,5.290828105425164e-04,7.620173814584896e-08
1.196878480635171e+01,2.755210840769411e-03,5.395894115497131e-04,7.619492778366195e-08
1.211951103677754e+01,2.813037891610217e-03,5.502218174961575e-04,7.618794741043443e-08
1.227213540447513e+01,2.871868299739002e-03,5.609801582690376e-04,7.618079282174250e-08
1.242668181321417e+01,2.931709812895790e-03,5.718503631860876e-04,7.617345971055867e-08
1.258317446779120e+01,2.992569698733657e-03,5.828287862581869e-04,7.616594366480510e-08
1.274163787782045e+01,3.054454706771866e-03,5.939044571174472e-04,7.615824016485042e-08
1.290209686157257e+01,3.117371028394668e-03,6.050719999630029e-04,7.615034458094923e-08
1.306457654986155e+01,3.181324254808284e-03,6.163212953403282e-04,7.614225217062310e-08
1.322910238998070e+01,3.246319332865090e-03,6.276436647251665e-04,7.613395807598155e-08
1.339570014968820e+01,3.312360518660009e-03,6.390313461454287e-04,7.612545732098208e-08
1.356439592124270e+01,3.379451328800316e-03,6.504744784768104e-04,7.611674480862763e-08
1.373521612548998e+01,3.447594489245907e-03,6.619679453871784e-04,7.610781531810060e-08
1.390818751600078e+01,3.516791881612639e-03,6.734954246806794e-04,7.609866350183145e-08
1.408333718326108e+01,3.587044486827148e-03,6.850534279457819e-04,7.608928388250122e-08
1.426069255891479e+01,3.658351313582153e-03,6.966298920736315e-04,7.607967084997619e-08
1.444028142006019e+01,3.730693743502619e-03,7.082150618313120e-04,7.606981865817313e-08
1.462213189360024e+01,3.804041170403774e-03,7.198038513048228e-04,7.605972142185436e-08
1.480627246064780e+01,3.878328040306737e-03,7.313812010625258e-04,7.604937311335036e-08
1.499273196098630e+01,3.953481476266617e-03,7.429398649275664e-04,7.603876755920895e-08
1.518153959758657e+01,4.029447164380988e-03,7.544723327167446e-04,7.602789843676968e-08
1.537272494118055e+01,4.106121103445584e-03,7.659638829212890e-04,7.601675927066121e-08
1.556631793489265e+01,4.183451223866826e-03,7.774107868884718e-04,7.600534342922101e-08
1.576234889892931e+01,4.261332586962135e-03,7.887988744892761e-04,7.599364412083513e-08
1.596084853532780e+01,4.339687633976672e-03,8.001174706283044e-04,7.598165439019679e-08
1.616184793276463e+01,4.418434492271962e-03,8.113631542262608e-04,7.596936711448208e-08
1.636537857142467e+01,4.497473196463314e-03,8.225192601760701e-04,7.595677499944101e-08
1.657147232793147e+01,4.576731436829492e-03,8.335784100009342e-04,7.594387057540265e-08
1.678016148033980e+01,4.656104493882705e-03,8.445359087552468e-04,7.593064619319200e-08
1.699147871319090e+01,4.735522058460554e-03,8.553727760430665e-04,7.591709401995751e-08
1.720545712263151e+01,4.814869810263435e-03,8.660835848786147e-04,7.590320603490723e-08
1.742213022159738e+01,4.894098312885282e-03,8.766626774664827e-04,7.588897402495164e-08
1.764153194506189e+01,4.973074631668469e-03,8.870929887724685e-04,7.587438958025194e-08
1.786369665535104e+01,5.051741527820607e-03,8.973687872311888e-04,7.585944408967125e-08
1.808865914752508e+01,5.129992324065606e-03,9.074807577902743e-04,7.584412873612752e-08
1.831645465482816e+01,5.207765403193850e-03,9.174219209746505e-04,7.582843449184598e-08
1.854711885420646e+01,5.284940204675885e-03,9.271744273078836e-04,7.581235211350923e-08
1.878068787189578e+01,5.361311820918083e-03,9.367314193742022e-04,7.579587213730327e-08
1.901719828907974e+01,5.437222584017938e-03,9.460921864689335e-04,7.577898487385738e-08
1.925668714761887e+01,5.512140276332661e-03,9.552401820399786e-04,7.576168040307585e-08
1.949919195585219e+01,5.586149469958358e-03,9.641622287591806e-04,7.574394856885992e-08
1.974475069447166e+01,5.659141461819933e-03,9.728546340850823e-04,7.572577897371749e-08
1.999340182247057e+01,5.731069343571106e-03,9.813183504516485e-04,7.570716097325898e-08
2.024518428316709e+01,5.801836449204309e-03,9.895414987683971e-04,7.568808367057717e-08
2.050013751030329e+01,5.871332740972257e-03,9.975130349416308e-04,7.566853591050877e-08
2.075830143422143e+01,5.939535552736882e-03,1.005243094313416e-03,7.564850627377620e-08
2.101971648811754e+01,6.006306293529049e-03,1.012724057759453e-03,7.562798307100684e-08
2.128442361437420e+01,6.071596245758125e-03,1.019963415130067e-03,7.560695433662815e-08
2.155246427097277e+01,6.135367583089882e-03,1.026940633194438e-03,7.558540782263643e-08
2.182388043798642e+01,6.197453405439120e-03,1.033660727405776e-03,7.556333099223699e-08
2.209871462415514e+01,6.257891821381172e-03,1.040132667832436e-03,7.554071101335354e-08
2.237700987354316e+01,6.316542484686390e-03,1.046346629223022e-03,7.551753475200515e-08
2.265880977228066e+01,6.373286972271407e-03,1.052314045521667e-03,7.549378876554781e-08
2.294415845539005e+01,6.428173723951646e-03,1.058020037895583e-03,7.546945929577928e-08
2.323310061369828e+01,6.481051848472631e-03,1.063459148560694e-03,7.544453226190445e-08
2.352568150083636e+01,6.531878040710478e-03,1.068651948490533e-03,7.541899325335922e-08
2.382194694032677e+01,6.580573340957133e-03,1.073586014964639e-03,7.539282752249103e-08
2.412194333276041e+01,6.627089475284199e-03,1.078278315783857e-03,7.536601997709321e-08
2.442571766306360e+01,6.671339744839798e-03,1.082706379802571e-03,7.533855517279169e-08
2.473331750785700e+01,6.713238573620496e-03,1.086870112984218e-03,7.531041730528142e-08
2.504479104290681e+01,6.752751355996051e-03,1.090785292171987e-03,7.528159020241049e-08
2.536018705067000e+01,6.789964709750917e-03,1.094446658593223e-03,7.525205731610978e-08
2.567955492793465e+01,6.824723902696893e-03,1.097859089098912e-03,7.522180171416603e-08
2.600294469355619e+01,6.856970798281282e-03,1.101033615933856e-03,7.519080607183614e-08
2.633040699629152e+01,6.886916712553342e-03,1.103945509374685e-03,7.515905266330056e-08
2.666199312273127e+01,6.914470347713163e-03,1.106602663039705e-03,7.512652335295382e-08
2.699775500533243e+01,6.939640259120855e-03,1.109004123454452e-03,7.509319958652986e-08
2.733774523055185e+01,6.962382342007978e-03,1.111160275090968e-03,7.505906238206036e-08
2.768201704708215e+01,6.982873616127970e-03,1.113070527595229e-03,7.502409232066395e-08
2.803062437419162e+01,7.001023553136523e-03,1.114736320596425e-03,7.498826953716419e-08
2.838362181016878e+01,7.016951783480435e-03,1.116168485430651e-03,7.495157371053471e-08
2.874106464087360e+01,7.030595067582413e-03,1.117364542387589e-03,7.491398405416913e-08
2.910300884839628e+01,7.042042210203102e-03,1.118306427826517e-03,7.487547930597430e-08
2.946951111982492e+01,7.051255944681358e-03,1.118998010416957e-03,7.483603771828478e-08
2.984062885612398e+01,7.058357299471397e-03,1.119451130201200e-03,7.479563704759709e-08
3.021642018112408e+01,7.063273219439074e-03,1.119659097589359e-03,7.475425454412159e-08
3.059694395062551e+01,7.066201164556462e-03,1.119624498455672e-03,7.471186694115095e-08
3.098225976161585e+01,7.067019460656776e-03,1.119360255287156e-03,7.466845044424302e-08
3.137242796160422e+01,7.065821272687293e-03,1.118865723882205e-03,7.462398072021716e-08
3.176750965807266e+01,7.062549691993827e-03,1.118138725926408e-03,7.457843288596240e-08
3.216756672804659e+01,7.057330444290505e-03,1.117184694696427e-03,7.453178149705596e-08
3.257266182778616e+01,7.050144973739386e-03,1.116016890090268e-03,7.448400053619148e-08
3.298285840259901e+01,7.041057153694794e-03,1.114624708134568e-03,7.443506340141509e-08
3.339822069677736e+01,7.030113479855187e-03,1.113009125568656e-03,7.438494289416923e-08
3.381881376365947e+01,7.017318058863644e-03,1.111171657884904e-03,7.433361120714248e-08
3.424470347581843e+01,7.002757099109985e-03,1.109112847182374e-03,7.428103991192546e-08
3.467595653537899e+01,6.986373708408272e-03,1.106830920782152e-03,7.422719994647172e-08
3.511264048446412e+01,6.968256170789075e-03,1.104335926644512e-03,7.417206160236334e-08
3.555482371577367e+01,6.948402370315633e-03,1.101625797053668e-03,7.411559451188113e-08
3.600257548329561e+01,6.926803009751588e-03,1.098708840248702e-03,7.405776763487908e-08
3.645596591315270e+01,6.903574571961901e-03,1.095580868875187e-03,7.399854924546334e-08
3.691506601458543e+01,6.878670318099270e-03,1.092245174371977e-03,7.393790691847603e-08
3.737994769107330e+01,6.852156323257844e-03,1.088710817845184e-03,7.387580751578424e-08
3.785068375159641e+01,6.824024215820621e-03,1.084974245695981e-03,7.381221717237496e-08
3.832734792203842e+01,6.794358369233752e-03,1.081041043837100e-03,7.374710128225721e-08
3.881001485673367e+01,6.763129604152331e-03,1.076907631311963e-03,7.368042448417195e-08
3.929876015015909e+01,6.730368757658793e-03,1.072576728135265e-03,7.361215064711203e-08
3.979366034877399e+01,6.696136100061057e-03,1.068056658236606e-03,7.354224285565311e-08
4.029479296300850e+01,6.660364845463207e-03,1.063344580118443e-03,7.347066339509819e-08
4.080223647940296e+01,6.623186386109276e-03,1.058455912444854e-03,7.339737373643805e-08
4.131607037290071e+01,6.584593127777654e-03,1.053372021337112e-03,7.332233452112971e-08
4.183637511929494e+01,6.544524339410658e-03,1.048051219645899e-03,7.324550554569692e-08
4.236323220783295e+01,6.503083175183827e-03,1.042633589096235e-03,7.316684574615507e-08
4.289672415397881e+01,6.460244472364542e-03,1.037006397789989e-03,7.308631318226507e-08
4.343693451233656e+01,6.416036510942932e-03,1.031195617419319e-03,7.300386502162012e-08
4.398394788973678e+01,6.370452437127530e-03,1.025207197608871e-03,7.291945752356980e-08
4.453784995848716e+01,6.323480091335366e-03,1.019037297462694e-03,7.283304602298712e-08
4.509872746979076e+01,6.275282205872904e-03,1.012683413034801e-03,7.274458491388345e-08
4.566666826733240e+01,6.225709147875395e-03,1.006158006912841e-03,7.265402763287810e-08
4.624176130103698e+01,6.174838217450642e-03,9.994628567165350e-04,7.256132664252844e-08
4.682409664100051e+01,6.122597798270650e-03,9.926022433340651e-04,7.246643341452844e-08
4.741376549159657e+01,6.069219006457498e-03,9.855726605610437e-04,7.236929841278300e-08
4.801086020576094e+01,6.014568515871257e-03,9.783270165232103e-04,7.226987107636645e-08
4.861547429945538e+01,5.958697842023632e-03,9.709996341454642e-04,7.216809980237458e-08
4.922770246631430e+01,5.901581025167552e-03,9.634590808293521e-04,7.206393192867945e-08
4.984764059247515e+01,5.843248395981848e-03,9.557554601133291e-04,7.195731371659812e-08
5.047538577159629e+01,5.783723860582372e-03,9.478971597541517e-04,7.184819033348585e-08
5.111103632006348e+01,5.723035066328663e-03,9.398925135409929e-04,7.173650583526610e-08
5.175469179238785e+01,5.661162109297450e-03,9.317453736790530e-04,7.162220314891024e-08
5.240645299679832e+01,5.598079882637539e-03,9.234476721145743e-04,7.150522405488074e-08
5.306642201102981e+01,5.533615115187365e-03,9.149972228450925e-04,7.138550916955207e-08
5.373470219831034e+01,5.468601479874044e-03,9.063998488432990e-04,7.126299792762560e-08
5.441139822354999e+01,5.402290976105339e-03,8.976441308755417e-04,7.113762856455454e-08
5.509661606973287e+01,5.334923330149994e-03,8.887416436862656e-04,7.100933809899711e-08
5.579046305451642e+01,5.266508353688254e-03,8.796785311379859e-04,7.087806231531629e-08
5.649304784703914e+01,5.197054970224649e-03,8.704657885249013e-04,7.074373574614663e-08
5.720448048494001e+01,5.126614236664744e-03,8.611131020078564e-04,7.060629165504899e-08
5.792487239159274e+01,5.055199553790453e-03,8.516295887395185e-04,7.046566201927569e-08
5.865433639355633e+01,4.982843022531084e-03,8.420107188935489e-04,7.032177751267043e-08
5.939298673824618e+01,4.909508609004319e-03,8.322785196838592e-04,7.017456748872739e-08
6.014093911182689e+01,4.835225407068634e-03,8.224137950241721e-04,7.002395996383713e-08
6.089831065733122e+01,4.760060164618322e-03,8.124183601109464e-04,6.986988160074694e-08
6.166521999300669e+01,4.684051513642350e-03,8.022925066619275e-04,6.971225769226580e-08
6.244178723089313e+01,4.607239803985796e-03,7.920447587562532e-04,6.955101214524556e-08
6.322813399563491e+01,4.529584913528090e-03,7.816868929322939e-04,6.938606746487146e-08
6.402438344352909e+01,4.451121725635210e-03,7.712193325030759e-04,6.921734473929784e-08
6.483066028181436e+01,4.371965113120778e-03,7.606400735469743e-04,6.904476362466527e-08
6.564709078820212e+01,4.292090277383532e-03,7.499540675863310e-04,6.886824233053900e-08
6.647380283065419e+01,4.211477912498806e-03,7.391556467931446e-04,6.868769760580983e-08
6.731092588740916e+01,4.130228566010265e-03,7.282496089938075e-04,6.850304472510089e-08
6.815859106726082e+01,4.048379079934869e-03,7.172488051006646e-04,6.831419747572635e-08
6.901693113009269e+01,3.965933138908974e-03,7.061666339243476e-04,6.812106814524986e-08
6.988608050767009e+01,3.882911571431696e-03,6.949885332227483e-04,6.792356750969420e-08
7.076617532469507e+01,3.799435830214185e-03,6.837210042400996e-04,6.772160482245512e-08
7.165735342012589e+01,3.715485019347548e-03,6.723714639392871e-04,6.751508780397587e-08
7.255975436876486e+01,3.631072938471338e-03,6.609434035683928e-04,6.730392263224129e-08
7.347351950311879e+01,3.546343490628177e-03,6.494488260855905e-04,6.708801393415375e-08
7.439879193553375e+01,3.461348223999569e-03,6.378870261250727e-04,6.686726477785650e-08
7.533571658060957e+01,3.376018997729983e-03,6.262603235820134e-04,6.664157666607215e-08
7.628444017789560e+01,3.290515758517291e-03,6.145694889668195e-04,6.641084953053005e-08
7.724511131487330e+01,3.204852466549299e-03,6.028336360345012e-04,6.617498172755574e-08
7.821788045022755e+01,3.119088213433409e-03,5.910552248318043e-04,6.593387003490445e-08
7.920289993741099e+01,3.033318264820136e-03,5.792194929955354e-04,6.568740964992016e-08
8.020032404850589e+01,2.947552012518226e-03,5.673751955184903e-04,6.543549418910832e-08
8.121030899838540e+01,2.861918585472832e-03,5.554893822906101e-04,6.517801568921409e-08
8.223301296918017e+01,2.776424091953519e-03,5.435872662555783e-04,6.491486460990167e-08
8.326859613505233e+01,2.691114379784033e-03,5.316682956942231e-04,6.464592983813639e-08
8.431722068728149e+01,2.606086740663516e-03,5.197358758075513e-04,6.437109869437428e-08
8.537905085966740e+01,2.521415373624279e-03,5.077910563937905e-04,6.409025694067040e-08
8.645425295425130e+01,2.437173749099164e-03,4.958722984370001e-04,6.380328879082222e-08
8.754299536736258e+01,2.353429175933483e-03,4.839402441089427e-04,6.351007692266864e-08
8.864544861599200e+01,2.270268285270730e-03,4.720145945682421e-04,6.321050249267350e-08
8.976178536449841e+01,2.187775666345397e-03,4.601110121874033e-04,6.290444515292451e-08
9.089218045165086e+01,2.106048640405387e-03,4.482327067899112e-04,6.259178307069051e-08
9.203681091801130e+01,2.025125617816842e-03,4.363706120863994e-04,6.227239295067968e-08
9.319585603366301e+01,1.945049849903464e-03,4.245752665366475e-04,6.194615006015415e-08
9.436949732628682e+01,1.865920220176942e-03,4.128242123494545e-04,6.161292825705988e-08
9.555791860959245e+01,1.787806287350019e-03,4.011260914647283e-04,6.127260002133937e-08
9.676130601210627e+01,1.710828176781856e-03,3.894947388205596e-04,6.092503648960321e-08
9.797984800632324e+01,1.635060626307102e-03,3.779399117856927e-04,6.057010749334187e-08
9.921373543822470e+01,1.560580685037573e-03,3.664550831171102e-04,6.020768160087147e-08
1.004631615571682e+02,1.487440830296838e-03,3.550471565312114e-04,5.983762616321266e-08
1.017283220461544e+02,1.415711748776041e-03,3.437215081621008e-04,5.945980736411229e-08
1.030094150524741e+02,1.345506675131576e-03,3.324832486674180e-04,5.907409027442680e-08
1.043066412187420e+02,1.276911724798342e-03,3.213467002818633e-04,5.868033891109694e-08
1.056202037143213e+02,1.209997669064250e-03,3.103228688731801e-04,5.827841630095183e-08
1.069503082671427e+02,1.144806638467504e-03,2.994158871132627e-04,5.786818454959446e-08
1.082971631959266e+02,1.081418670590243e-03,2.886373594643938e-04,5.744950491562656e-08
1.096609794428084e+02,1.019924949453586e-03,2.779853862070427e-04,5.702223789048970e-08
1.110419706063765e+02,9.603778420340021e-04,2.674614662092286e-04,5.658624328420446e-08
1.124403529751257e+02,9.028218125704397e-04,2.570790417643322e-04,5.614138031730735e-08
1.138563455613319e+02,8.472634159826564e-04,2.468442054112937e-04,5.568750771929601e-08
1.152901701353534e+02,7.937415363177352e-04,2.367708719680963e-04,5.522448383390684e-08
1.167420512603640e+02,7.422391491784054e-04,2.268661042107834e-04,5.475216673156586e-08
1.182122163275241e+02,6.927312540711556e-04,2.171322347563396e-04,5.427041432936434e-08
1.197008955915941e+02,6.452105277474013e-04,2.075715437303056e-04,5.377908451893180e-08
1.212083222069965e+02,5.996770275273149e-04,1.981879962967737e-04,5.327803530258947e-08
1.227347322643321e+02,5.561169794755125e-04,1.890024065686352e-04,5.276712493818941e-08
1.242803648273563e+02,5.144862714763250e-04,1.800167050630891e-04,5.224621209305760e-08
1.258454619704210e+02,4.748048815974373e-04,1.712372689920048e-04,5.171515600748088e-08
1.274302688163869e+02,4.370125103683716e-04,1.626645604794121e-04,5.117381666819508e-08
1.290350335750158e+02,4.011039291605312e-04,1.543040227340404e-04,5.062205499235211e-08
1.306600075818433e+02,3.670547895474144e-04,1.461700168672571e-04,5.005973302246396e-08
1.323054453375435e+02,3.348589781050452e-04,1.382683223043149e-04,4.948671413284299e-08
1.339716045477883e+02,3.044501131771720e-04,1.305981724957468e-04,4.890286324808265e-08
1.356587461636082e+02,2.758181189182133e-04,1.231626861700825e-04,4.830804707414146e-08
1.373671344222631e+02,2.489319520534780e-04,1.159702796651320e-04,4.770213434262189e-08
1.390970368886253e+02,2.237475696363010e-04,1.090277067549726e-04,4.708499606885946e-08
1.408487244970867e+02,2.002287930130047e-04,1.023360582418487e-04,4.645650582446123e-08
1.426224715939905e+02,1.783359253959104e-04,9.589340371575230e-05,4.581654002496640e-08
1.444185559806001e+02,1.580255779217639e-04,8.970251207298481e-05,4.516497823332205e-08
1.462372589566072e+02,1.392682177781180e-04,8.376720992460708e-05,4.450170347990529e-08
1.480788653641882e+02,1.220043623500174e-04,7.808096897911979e-05,4.382660259984584e-08
1.499436636326170e+02,1.061757617690064e-04,7.263883876866075e-05,4.313956658844269e-08
1.518319458234363e+02,9.174769335455589e-05,6.743906864084231e-05,4.244049097549710e-08
1.537440076762020e+02,7.865799134995371e-05,6.248036681642448e-05,4.172927621941819e-08
1.556801486547998e+02,6.685692971181314e-05,5.775946691916718e-05,4.100582812200095e-08
1.576406719943471e+02,5.627957582358869e-05,5.326651531252492e-05,4.027005826480431e-08
1.596258847486859e+02,4.687553717042246e-05,4.900372899317306e-05,3.952188446810392e-08
1.616360978384717e+02,3.857003428859032e-05,4.496452651427933e-05,3.876123127343031e-08
1.636716260998711e+02,3.131456795113362e-05,4.114295486880837e-05,3.798803045074938e-08
1.657327883338691e+02,2.502616177845363e-05,3.753643884524859e-05,3.720222153138425e-08
1.678199073562004e+02,1.965525556831229e-05,3.414089025274066e-05,3.640375236782153e-08
1.699333100479082e+02,1.511470699964190e-05,3.094941199976954e-05,3.559257972159906e-08
1.720733274065387e+02,1.135147487450021e-05,2.795741262923486e-05,3.476866988051629e-08
1.742402945979829e+02,8.276464082317177e-06,2.516100533376894e-05,3.393199930646010e-08
1.764345510089682e+02,5.834669030231978e-06,2.255322141512775e-05,3.308255531520100e-08
1.786564403002141e+02,3.932528880360895e-06,2.012889060966640e-05,3.222033678955710e-08
1.809063104602540e+02,2.521779742916860e-06,1.788278893695129e-05,3.134535492739507e-08
1.831845138599382e+02,1.495692830680763e-06,1.580785054436228e-05,3.045763402599055e-08
1.854914073076212e+02,8.046392490925085e-07,1.389992610747043e-05,2.955721230433331e-08
1.878273521050432e+02,3.855909665795144e-07,1.215024140129047e-05,2.864414276503272e-08
1.901927141039186e+02,1.486585957412929e-07,1.055349189584288e-05,2.771849409754328e-08
1.925878637632331e+02,5.071722029981678e-08,9.103351053511404e-06,2.678035162450307e-08
1.950131762072660e+02,8.621575471032927e-09,7.794625649442900e-06,2.582981829305150e-08
1.974690312843407e+02,0.000000000000000e+00,6.618265333909157e-06,2.486701571306899e-08
1.999558136263153e+02,0.000000000000000e+00,5.567702138671097e-06,2.389208524436317e-08
2.024739127088248e+02,0.000000000000000e+00,4.636176644023143e-06,2.290518913490483e-08
2.050237229122780e+02,0.000000000000000e+00,3.816368204470966e-06,2.190651171231122e-08
2.076056435836265e+02,0.000000000000000e+00,3.102463425595871e-06,2.089626063085418e-08
2.102200790989081e+02,0.000000000000000e+00,2.486388477510391e-06,1.987466817637508e-08
2.128674389265812e+02,0.000000000000000e+00,1.958344310985288e-06,1.884199263157416e-08
2.155481376916539e+02,0.000000000000000e+00,1.514139040900485e-06,1.779851970425483e-08
2.182625952406217e+02,0.000000000000000e+00,1.144561218069026e-06,1.674456402119973e-08
2.210112367072243e+02,0.000000000000000e+00,8.431625323794972e-07,1.568047069046845e-08
2.237944925790278e+02,0.000000000000000e+00,6.017532744978316e-07,1.460661693502092e-08
2.266127987648489e+02,0.000000000000000e+00,4.138514511364785e-07,1.352341380068828e-08
2.294665966630238e+02,0.000000000000000e+00,2.711599813758047e-07,1.243130794163525e-08
2.323563332305414e+02,0.000000000000000e+00,1.679029388674157e-07,1.133078348658552e-08
2.352824610530439e+02,0.000000000000000e+00,9.573885896261678e-08,1.022236398921933e-08
2.382454384157097e+02,0.000000000000000e+00,4.964827352206984e-08,9.106614466282053e-09
2.412457293750305e+02,0.000000000000000e+00,2.187868775969894e-08,7.984143527096208e-09
2.442838038314894e+02,0.000000000000000e+00,8.130492310603849e-09,6.855605598310723e-09
2.473601376031572e+02,0.000000000000000e+00,2.083771409691662e-09,5.721703247880757e-09
2.504752125002142e+02,0.000000000000000e+00,4.614203734289091e-10,4.583189612434744e-09
2.536295164004089e+02,0.000000000000000e+00,0.000000000000000e+00,3.440870932346252e-09
2.568235433254713e+02,0.000000000000000e+00,0.000000000000000e+00,2.295609199010593e-09
2.600577935184826e+02,0.000000000000000e+00,0.000000000000000e+00,1.148324919006018e-09
2.633327735222255e+02,0.000000000000000e+00,0.000000000000000e+00,0.000000000000000e+00
