# energy,pi0_pi0_pi0,pi_pi_pi0,pi_e_nu,pi_mu_nu,pi_pi
5.109989461000004e-01,0.000000000000000e+00,1.355275171679390e-13,2.852731972480669e-13,3.682228742741553e-13,3.147756011000312e-15
5.172903120541722e-01,0.000000000000000e+00,5.235936125682263e-07,1.102024992062020e-06,1.424370045538098e-06,1.215969708355426e-08
5.236591366525768e-01,0.000000000000000e+00,7.541433192454417e-07,1.587137050326422e-06,2.051423196623559e-06,1.751204710336392e-08
5.301063735579975e-01,0.000000000000000e+00,9.407065681729361e-07,1.979602403778715e-06,2.558752617587315e-06,2.184195888554147e-08
5.366329881746146e-01,0.000000000000000e+00,1.106339206647736e-06,2.327958125280398e-06,3.009089048248114e-06,2.568501674908058e-08
5.432399577925647e-01,0.000000000000000e+00,1.259848023815314e-06,2.650744623061743e-06,3.426394531345102e-06,2.924580659710471e-08
5.499282717342788e-01,0.000000000000000e+00,1.405703454697113e-06,2.957373045011138e-06,3.822832315420445e-06,3.262817609768288e-08
5.566989315026230e-01,0.000000000000000e+00,1.546543382676821e-06,3.253396280854726e-06,4.205579249607885e-06,3.589339779958916e-08
5.635529509308626e-01,0.000000000000000e+00,1.684081632323542e-06,3.542421586357479e-06,4.579297692134851e-06,3.908127424761703e-08
5.704913563344730e-01,0.000000000000000e+00,1.819510245212211e-06,3.826957510160242e-06,4.947230084210305e-06,4.221948358500181e-08
5.775151866648188e-01,0.000000000000000e+00,1.953702304672169e-06,4.108840920995249e-06,5.311750838715948e-06,4.532829171309080e-08
5.846254936647264e-01,0.000000000000000e+00,2.087324107897819e-06,4.389473180958455e-06,5.674671567808608e-06,4.842315843220690e-08
5.918233420259700e-01,0.000000000000000e+00,2.220901677810673e-06,4.669960186258024e-06,6.037422068956017e-06,5.151628278084515e-08
5.991098095486989e-01,0.000000000000000e+00,2.354862412154049e-06,4.951200060835419e-06,6.401163658057913e-06,5.461757073198492e-08
6.064859873028254e-01,0.000000000000000e+00,2.489562336968118e-06,5.233940540042042e-06,6.766863330556552e-06,5.773526842148940e-08
6.139529797914021e-01,0.000000000000000e+00,2.625304599838768e-06,5.518817909185555e-06,7.135344084567316e-06,6.087639183459366e-08
6.215119051160074e-01,0.000000000000000e+00,2.762352408153239e-06,5.806384245411961e-06,7.507320127670196e-06,6.404702741890113e-08
6.291638951441709e-01,0.000000000000000e+00,2.900938320541509e-06,6.097126980583011e-06,7.883422159713366e-06,6.725254795843277e-08
6.369100956788575e-01,0.000000000000000e+00,3.041271072217202e-06,6.391483271182308e-06,8.264215944518022e-06,7.049777114203331e-08
6.447516666300392e-01,0.000000000000000e+00,3.183540689394866e-06,6.689850765330359e-06,8.650216225455828e-06,7.378707837269582e-08
6.526897821883791e-01,0.000000000000000e+00,3.327922389866147e-06,6.992595813570619e-06,9.041897337567084e-06,7.712450536779093e-08
6.607256310010539e-01,0.000000000000000e+00,3.474579605273018e-06,7.300059829950855e-06,9.439701429302098e-06,8.051381234677145e-08
6.688604163497407e-01,0.000000000000000e+00,3.623666356668148e-06,7.612564291053783e-06,9.844044924107023e-06,8.395853918768694e-08
6.770953563307958e-01,0.000000000000000e+00,3.775329146407181e-06,7.930414716301170e-06,1.025532366554875e-05,8.746204934115381e-08
6.854316840376512e-01,0.000000000000000e+00,3.929708483218509e-06,8.253903875576489e-06,1.067391706395402e-05,9.102756521694073e-08
6.938706477454573e-01,0.000000000000000e+00,4.086940125540928e-06,8.583314403344866e-06,1.110019147612317e-05,9.465819702044772e-08
7.024135110979984e-01,0.000000000000000e+00,4.247156106002218e-06,8.918920951665347e-06,1.153450298921801e-05,9.835696650009175e-08
7.110615532969101e-01,0.000000000000000e+00,4.410485584114949e-06,9.260991981226695e-06,1.197719973693536e-05,1.021268266995344e-07
7.198160692932253e-01,0.000000000000000e+00,4.577055562868471e-06,9.609791265537059e-06,1.242862384506031e-05,1.059706785438312e-07
7.286783699812798e-01,0.000000000000000e+00,4.746991496561220e-06,9.965579165846302e-06,1.288911308081145e-05,1.098913848948961e-07
7.376497823950040e-01,0.000000000000000e+00,4.920417811046721e-06,1.032861372138473e-05,1.335900226359593e-05,1.138917825682658e-07
7.467316499066328e-01,0.000000000000000e+00,5.097458352945644e-06,1.069915158977036e-05,1.383862448221653e-05,1.179746926957592e-07
7.559253324278600e-01,0.000000000000000e+00,5.278236780878962e-06,1.107744886507176e-05,1.432831215405445e-05,1.221429297373450e-07
7.652322066134711e-01,0.000000000000000e+00,5.462876909104674e-06,1.146376179538447e-05,1.482839795447774e-05,1.263993093834163e-07
7.746536660674825e-01,0.000000000000000e+00,5.651503011879091e-06,1.185834741743788e-05,1.533921563911468e-05,1.307466555407578e-07
7.841911215518184e-01,0.000000000000000e+00,5.844240095260514e-06,1.226146412237222e-05,1.586110077726778e-05,1.351878065582243e-07
7.938460011975571e-01,0.000000000000000e+00,6.041214141815944e-06,1.267337216417790e-05,1.639439141132236e-05,1.397256208189316e-07
8.036197507187789e-01,0.000000000000000e+00,6.242552332698732e-06,1.309433412019769e-05,1.693942865430128e-05,1.443629818026759e-07
8.135138336290452e-01,0.000000000000000e+00,6.448383250775169e-06,1.352461531142884e-05,1.749655723556721e-05,1.491028027039411e-07
8.235297314605446e-01,0.000000000000000e+00,6.658837067845827e-06,1.396448418903003e-05,1.806612600295288e-05,1.539480306761466e-07
8.336689439859363e-01,0.000000000000000e+00,6.874045718498005e-06,1.441421269236462e-05,1.864848838821275e-05,1.589016507609498e-07
8.439329894429245e-01,0.000000000000000e+00,7.094143062712883e-06,1.487407658304221e-05,1.924400284156571e-05,1.639666895518102e-07
8.543234047615982e-01,0.000000000000000e+00,7.319265039014715e-06,1.534435575871159e-05,1.985303324018269e-05,1.691462186332052e-07
8.648417457945704e-01,0.000000000000000e+00,7.549549809673958e-06,1.582533454977768e-05,2.047594927472318e-05,1.744433578304784e-07
8.754895875499498e-01,0.000000000000000e+00,7.785137899249488e-06,1.631730200173688e-05,2.111312681740678e-05,1.798612783000207e-07
8.862685244271811e-01,0.000000000000000e+00,8.026172327567713e-06,1.682055214543064e-05,2.176494827459564e-05,1.854032054851293e-07
8.971801704557896e-01,0.000000000000000e+00,8.272798738080661e-06,1.761673778866897e-05,2.243180292643946e-05,1.910724219592584e-07
9.082261595370644e-01,0.000000000000000e+00,8.525165522415341e-06,1.815468963427474e-05,2.311408725578058e-05,1.968722701753511e-07
9.194081456887178e-01,0.000000000000000e+00,8.783423941817981e-06,1.870497703646366e-05,2.381220526822087e-05,2.028061551374126e-07
9.307278032925560e-01,0.000000000000000e+00,9.047728246105460e-06,1.926791819461354e-05,2.452656880500247e-05,2.088775470083499e-07
9.421868273452003e-01,0.000000000000000e+00,9.318235790659187e-06,1.984383754472419e-05,2.525759785014487e-05,2.150899836663065e-07
9.537869337118946e-01,0.000000000000000e+00,9.595107151931605e-06,2.043306599064025e-05,2.600572083310231e-05,2.214470732202006e-07
9.655298593834372e-01,0.000000000000000e+00,9.878506241880126e-06,2.103594113254858e-05,2.677137492805490e-05,2.279524964938758e-07
9.774173627362766e-01,0.000000000000000e+00,1.016860042169633e-05,2.165280749350734e-05,2.755500635081786e-05,2.346100094871774e-07
9.894512237958099e-01,0.000000000000000e+00,1.046556061515801e-05,2.228401674467898e-05,2.835707065424351e-05,2.414234458213185e-07
1.001633244502922e+00,0.000000000000000e+00,1.076956142189743e-05,2.292992792986594e-05,2.917803302289628e-05,2.483967191750960e-07
1.013965248983806e+00,0.000000000000000e+00,1.108078123084950e-05,2.359090768988538e-05,3.001836856770035e-05,2.555338257178218e-07
1.026449083823108e+00,0.000000000000000e+00,1.139940233411847e-05,2.426733048726501e-05,3.087856262118969e-05,2.628388465442308e-07
1.039086618340433e+00,0.000000000000000e+00,1.172561104147974e-05,2.495957883169542e-05,3.175911103393033e-05,2.703159501161171e-07
1.051879744870254e+00,0.000000000000000e+00,1.205959779571477e-05,2.566804350663396e-05,3.266052047263282e-05,2.779693947149961e-07
1.064830379045270e+00,0.000000000000000e+00,1.240155728896072e-05,2.639312379742018e-05,3.358330872042757e-05,2.858035309097049e-07
1.077940460083249e+00,0.000000000000000e+00,1.275168858024236e-05,2.713522772123239e-05,3.452800497973707e-05,2.938228040425123e-07
1.091211951077411e+00,0.000000000000000e+00,1.311019521434186e-05,2.789477225918821e-05,3.549515017814454e-05,3.020317567370149e-07
1.104646839290370e+00,0.000000000000000e+00,1.347728534215117e-05,2.867218359086935e-05,3.648529727763001e-05,3.104350314308432e-07
1.118247136451717e+00,0.000000000000000e+00,1.385317184264298e-05,2.946789733153012e-05,3.749901158751744e-05,3.190373729359698e-07
1.132014879059244e+00,0.000000000000000e+00,1.423807244658805e-05,3.028235877223177e-05,3.853687108145586e-05,3.278436310292141e-07
1.145952128683894e+00,0.000000000000000e+00,1.463220986213985e-05,3.111602312312941e-05,3.959946671873628e-05,3.368587630753738e-07
1.160060972278459e+00,0.000000000000000e+00,1.503581190240176e-05,3.196935576012439e-05,4.068740277023016e-05,3.460878366852464e-07
1.174343522490075e+00,0.000000000000000e+00,1.544911161508666e-05,3.284283247508327e-05,4.180129714921908e-05,3.555360324106828e-07
1.188801917976571e+00,0.000000000000000e+00,1.587234741437440e-05,3.373693972981408e-05,4.294178174737319e-05,3.652086464786852e-07
1.203438323726708e+00,0.000000000000000e+00,1.630576321506889e-05,3.465217491398094e-05,4.410950277612351e-05,3.751110935664643e-07
1.218254931384364e+00,0.000000000000000e+00,1.674960856915330e-05,3.558904660713077e-05,4.530512111366376e-05,3.852489096192729e-07
1.233253959576711e+00,0.000000000000000e+00,1.720413880483866e-05,3.654807484499744e-05,4.652931265780794e-05,3.956277547127515e-07
1.248437654246426e+00,0.000000000000000e+00,1.766961516819939e-05,3.752979139024348e-05,4.778276868492270e-05,4.062534159614472e-07
1.263808288987999e+00,0.000000000000000e+00,1.814630496748674e-05,3.853474000779302e-05,4.906619621514598e-05,4.171318104751014e-07
1.279368165388181e+00,0.000000000000000e+00,1.863448172020971e-05,3.956347674490522e-05,5.038031838409838e-05,4.282689883642432e-07
1.295119613370618e+00,0.000000000000000e+00,1.913442530307147e-05,4.061657021613256e-05,5.172587482128754e-05,4.396711357965717e-07
1.311064991544735e+00,0.000000000000000e+00,1.964642210484818e-05,4.169460189330448e-05,5.310362203540169e-05,4.513445781055607e-07
1.327206687558912e+00,0.000000000000000e+00,2.017076518229637e-05,4.279816640067370e-05,5.451433380668468e-05,4.632957829526829e-07
1.343547118458007e+00,0.000000000000000e+00,2.070775441917389e-05,4.392787181535867e-05,5.595880158658064e-05,4.755313635445970e-07
1.360088731045282e+00,0.000000000000000e+00,2.125769668845953e-05,4.508433997321367e-05,5.743783490483397e-05,4.880580819066249e-07
1.376834002248790e+00,0.000000000000000e+00,2.182090601785533e-05,4.626820678025448e-05,5.895226178422737e-05,5.008828522137941e-07
1.393785439492261e+00,0.000000000000000e+00,2.239770375865602e-05,4.748012252976609e-05,6.050292916313812e-05,5.140127441806993e-07
1.410945581070568e+00,0.000000000000000e+00,2.298841875806946e-05,4.872075222521636e-05,6.209070332609086e-05,5.274549865114109e-07
1.428316996529807e+00,0.000000000000000e+00,2.359338753507219e-05,4.999077590909755e-05,6.371647034248340e-05,5.412169704106210e-07
1.445902287052058e+00,0.000000000000000e+00,2.421295445988426e-05,5.129088899781578e-05,6.538113651365989e-05,5.553062531571983e-07
1.463704085844884e+00,0.000000000000000e+00,2.484747193714782e-05,5.262180262274747e-05,6.708562882850526e-05,5.697305617413074e-07
1.481725058535627e+00,0.000000000000000e+00,2.549730059289389e-05,5.398424397757881e-05,6.883089542773195e-05,5.844977965661971e-07
1.499967903570556e+00,0.000000000000000e+00,2.616280946538268e-05,5.537895667204414e-05,7.061790607703049e-05,5.996160352157738e-07
1.518435352618929e+00,0.000000000000000e+00,2.684437619990270e-05,5.680670109217714e-05,7.244765264925306e-05,6.150935362890269e-07
1.537130170982034e+00,0.000000000000000e+00,2.754238724761464e-05,5.826825476718676e-05,7.432114961579855e-05,6.309387433023609e-07
1.556055158007260e+00,0.000000000000000e+00,2.825723806852661e-05,5.976441274306910e-05,7.623943454736691e-05,6.471602886608629e-07
1.575213147507270e+00,0.000000000000000e+00,2.898933333868767e-05,6.129598796306470e-05,7.820356862424934e-05,6.637669976995167e-07
1.594607008184336e+00,0.000000000000000e+00,2.973908716168749e-05,6.286381165506919e-05,8.021463715631966e-05,6.807678927953411e-07
1.614239644059893e+00,0.000000000000000e+00,3.050692328455024e-05,6.446873372610371e-05,8.227375011289185e-05,6.981721975514144e-07
1.634113994909386e+00,0.000000000000000e+00,3.129327531811205e-05,6.611162316395013e-05,8.438204266260729e-05,7.159893410537182e-07
1.654233036702472e+00,0.000000000000000e+00,3.209858696197141e-05,6.779336844605442e-05,8.654067572351436e-05,7.342289622017008e-07
1.674599782048634e+00,0.000000000000000e+00,3.292331223410319e-05,6.953118774840356e-05,8.875083652350157e-05,7.529009141134524e-07
1.695217280648294e+00,0.000000000000000e+00,3.376791570522727e-05,7.131020851948111e-05,9.101373917124548e-05,7.720152686063320e-07
1.716088619749465e+00,0.000000000000000e+00,3.463287273802386e-05,7.313107877073054e-05,9.333062523783099e-05,7.915823207538651e-07
1.737216924610040e+00,0.000000000000000e+00,3.551866973128807e-05,7.499477172553412e-05,9.570276434920356e-05,8.116125935197138e-07
1.758605358965761e+00,0.000000000000000e+00,3.642580436911696e-05,7.690228228535421e-05,9.813145478960750e-05,8.321168424694548e-07
1.780257125503957e+00,0.000000000000000e+00,3.735478587522366e-05,7.885462748469875e-05,1.006180241161669e-04,8.531060605609038e-07
1.802175466343109e+00,0.000000000000000e+00,3.830613527247297e-05,8.085284695402879e-05,1.031638297847600e-04,8.745914830136475e-07
1.824363663518325e+00,0.000000000000000e+00,3.928038564773434e-05,8.289800339069464e-05,1.057702597873397e-04,8.965845922584431e-07
1.846825039472789e+00,0.000000000000000e+00,4.027808242214864e-05,8.499118303798508e-05,1.084387333008472e-04,9.190971229670691e-07
1.869562957555261e+00,0.000000000000000e+00,4.129978362690543e-05,8.713349617236900e-05,1.111707013478658e-04,9.421410671631852e-07
1.892580822523698e+00,0.000000000000000e+00,4.234606018462878e-05,8.932607759900831e-05,1.139676474691593e-04,9.657286794147102e-07
1.915882081055088e+00,0.000000000000000e+00,4.341749619646987e-05,9.157008715561501e-05,1.168310884082339e-04,9.898724821081620e-07
1.939470222261546e+00,0.000000000000000e+00,4.451468923500548e-05,9.386671022472377e-05,1.197625748080639e-04,1.014585270805376e-06
1.963348778212772e+00,0.000000000000000e+00,4.563825064304163e-05,9.621715825444540e-05,1.227636919201139e-04,1.039880119682919e-06
1.987521324464942e+00,0.000000000000000e+00,4.678880583842312e-05,9.862266928776439e-05,1.258360603257893e-04,1.065770387054509e-06
2.011991480596109e+00,0.000000000000000e+00,4.796699462494908e-05,1.010845085004379e-04,1.289813366704423e-04,1.092269720976637e-06
2.036762910748195e+00,0.000000000000000e+00,4.917347150949588e-05,1.036039687475487e-04,1.322012144100551e-04,1.119392064937537e-06
2.061839324175658e+00,0.000000000000000e+00,5.040890602544918e-05,1.061823711187605e-04,1.354974245707205e-04,1.147151663629606e-06
2.087224475800907e+00,0.000000000000000e+00,5.167398306254633e-05,1.088210655023175e-04,1.388717365210306e-04,1.175563068805232e-06
2.112922166776571e+00,0.000000000000000e+00,5.296940320323266e-05,1.115214311578259e-04,1.423259587574849e-04,1.204641145215986e-06
2.138936245054673e+00,0.000000000000000e+00,5.429588306563235e-05,1.142848772978454e-04,1.458619397030164e-04,1.234401076634970e-06
2.165270605962821e+00,0.000000000000000e+00,5.565415565323822e-05,1.171128436783166e-04,1.494815685187347e-04,1.264858371962096e-06
2.191929192787494e+00,0.000000000000000e+00,5.704497071142217e-05,1.200068011978406e-04,1.531867759289749e-04,1.296028871411912e-06
2.218915997364503e+00,0.000000000000000e+00,5.846909509086933e-05,1.229682525058193e-04,1.569795350597336e-04,1.327928752783510e-06
2.246235060676729e+00,0.000000000000000e+00,5.992731311803868e-05,1.259987326194585e-04,1.608618622905685e-04,1.360574537811983e-06
2.273890473459210e+00,0.000000000000000e+00,6.142042697275247e-05,1.290998095496267e-04,1.648358181200273e-04,1.393983098600692e-06
2.301886376811694e+00,0.000000000000000e+00,6.294925707301690e-05,1.322730849355531e-04,1.689035080446645e-04,1.428171664133590e-06
2.330226962818716e+00,0.000000000000000e+00,6.451464246717630e-05,1.355201946883419e-04,1.730670834516965e-04,1.463157826866638e-06
2.358916475177322e+00,0.000000000000000e+00,6.611744123350126e-05,1.388428096432630e-04,1.773287425253293e-04,1.498959549397258e-06
2.387959209832515e+00,0.000000000000000e+00,6.775853088731295e-05,1.422426362207788e-04,1.816907311667948e-04,1.535595171210610e-06
2.417359515620525e+00,0.000000000000000e+00,6.943880879574249e-05,1.457214437560430e-04,1.861553439281062e-04,1.573083415501343e-06
2.447121794920005e+00,0.000000000000000e+00,7.115919260022583e-05,1.492832298576124e-04,1.907249249595421e-04,1.611443396069291e-06
2.477250504311235e+00,0.000000000000000e+00,7.292062064683137e-05,1.529275950585432e-04,1.954018689708522e-04,1.650694624287439e-06
2.507750155243447e+00,0.000000000000000e+00,7.472405242451858e-05,1.566563952470345e-04,2.001886222061612e-04,1.690857016140303e-06
2.538625314710371e+00,0.000000000000000e+00,7.657046901142293e-05,1.604715253344222e-04,2.050876834325419e-04,1.731950899330683e-06
2.569880605934086e+00,0.000000000000000e+00,7.846087352926116e-05,1.643749199670207e-04,2.101016049422006e-04,1.773997020452537e-06
2.601520709057305e+00,0.000000000000000e+00,8.039629160595151e-05,1.683685542460297e-04,2.152329935682179e-04,1.817016552227574e-06
2.633550361844168e+00,0.000000000000000e+00,8.237777184653695e-05,1.724544444553445e-04,2.204845117137537e-04,1.861031100802860e-06
2.665974360389677e+00,0.000000000000000e+00,8.440638631250372e-05,1.766346487971043e-04,2.258588783946239e-04,1.906062713106609e-06
2.698797559837858e+00,0.000000000000000e+00,8.648323100957943e-05,1.809112681347832e-04,2.313588702951256e-04,1.952133884259020e-06
2.732024875108764e+00,0.000000000000000e+00,8.860942638409609e-05,1.852864467436164e-04,2.369873228369716e-04,1.999267565034770e-06
2.765661281634436e+00,0.000000000000000e+00,9.078611782800040e-05,1.897623730681334e-04,2.427471312611773e-04,2.047487169373608e-06
2.799711816103916e+00,0.000000000000000e+00,9.301447619258812e-05,1.943412804865428e-04,2.486412517227143e-04,2.096816581935061e-06
2.834181577217438e+00,0.000000000000000e+00,9.529569831104052e-05,1.990254480817028e-04,2.546727023977278e-04,2.147280165693134e-06
2.869075726449905e+00,0.000000000000000e+00,9.763100752983324e-05,2.038172014183734e-04,2.608445646030854e-04,2.198902769566476e-06
2.904399488823761e+00,0.000000000000000e+00,1.000216542490868e-04,2.087189133264342e-04,2.671599839280015e-04,2.251709736079209e-06
2.940158153691387e+00,0.000000000000000e+00,1.024689164719240e-04,2.137330046897210e-04,2.736221713774550e-04,2.305726909047310e-06
2.976357075527116e+00,0.000000000000000e+00,1.049741003628918e-04,2.188619452401029e-04,2.802344045270833e-04,2.360980641284983e-06
3.013001674729020e+00,0.000000000000000e+00,1.075385408155076e-04,2.241082543564026e-04,2.870000286892145e-04,2.417497802325272e-06
3.050097438430542e+00,0.000000000000000e+00,1.101636020289745e-04,2.294745018677225e-04,2.939224580896574e-04,2.475305786148564e-06
3.087649921322147e+00,0.000000000000000e+00,1.128506780941179e-04,2.349633088607175e-04,3.010051770548439e-04,2.534432518912421e-06
3.125664746483070e+00,0.000000000000000e+00,1.156011935885756e-04,2.405773484903134e-04,3.082517412088769e-04,2.594906466675665e-06
3.164147606223313e+00,0.000000000000000e+00,1.184166041812808e-04,2.463193467933406e-04,3.156657786800013e-04,2.656756643109168e-06
3.203104262936010e+00,0.000000000000000e+00,1.212983972462612e-04,2.522375156179568e-04,3.232509913159818e-04,2.720012617185447e-06
3.242540549960277e+00,0.000000000000000e+00,1.242480924857754e-04,2.583194562564479e-04,3.310111559078153e-04,2.784704520838565e-06
3.282462372454700e+00,0.000000000000000e+00,1.272672425627993e-04,2.645387903025095e-04,3.389501254211842e-04,2.850863056585435e-06
3.322875708281561e+00,0.000000000000000e+00,1.303574337428660e-04,2.708984749589638e-04,3.470718302349881e-04,2.918519505098967e-06
3.363786608901962e+00,0.000000000000000e+00,1.335202865452569e-04,2.774015245423486e-04,3.553802793862653e-04,2.987705732723121e-06
3.405201200281967e+00,0.000000000000000e+00,1.367574564035297e-04,2.840510113024607e-04,3.638795618207454e-04,3.058454198919160e-06
3.447125683809896e+00,0.000000000000000e+00,1.400706343353619e-04,2.908500662399956e-04,3.725738476482396e-04,3.130797963631919e-06
3.489566337224920e+00,0.000000000000000e+00,1.434615476216777e-04,2.978018799214073e-04,3.814673894020088e-04,3.204770694564252e-06
3.532529515557081e+00,0.000000000000000e+00,1.469319604950145e-04,3.049097032900601e-04,3.905645233011928e-04,3.280406674347063e-06
3.576021652078892e+00,0.000000000000000e+00,1.504836748370759e-04,3.121768484726909e-04,3.998696705153308e-04,3.357740807591799e-06
3.620049259268648e+00,0.000000000000000e+00,1.541185308854035e-04,3.196066895801368e-04,4.093873384299301e-04,3.436808627811380e-06
3.664618929785601e+00,0.000000000000000e+00,1.578384079490907e-04,3.272026635012331e-04,4.191221219119826e-04,3.517646304194927e-06
3.709737337457141e+00,0.000000000000000e+00,1.616452251334440e-04,3.349682706887104e-04,4.290787045742480e-04,3.600290648220746e-06
3.755411238278121e+00,0.000000000000000e+00,1.655409420734876e-04,3.429070759358646e-04,4.392618600370643e-04,3.684779120091294e-06
3.801647471422511e+00,0.000000000000000e+00,1.695275596761891e-04,3.510227091426992e-04,4.496764531863541e-04,3.771149834972911e-06
3.848452960267472e+00,0.000000000000000e+00,1.736071208712680e-04,3.593188660701665e-04,4.603274414264266e-04,3.859441569022247e-06
3.895834713430071e+00,0.000000000000000e+00,1.777817113704369e-04,3.677993090810611e-04,4.712198759260864e-04,3.949693765180316e-06
3.943799825816738e+00,0.000000000000000e+00,1.820534604349008e-04,3.764656777914568e-04,4.823589028564725e-04,4.041946538714234e-06
3.992355479685652e+00,0.000000000000000e+00,1.864245416509266e-04,3.852725606899012e-04,4.937497646189605e-04,4.136240682485477e-06
4.041508945722215e+00,0.000000000000000e+00,1.908971737132737e-04,3.942747625291196e-04,5.053978010613673e-04,4.232617671922693e-06
4.091267584127745e+00,0.000000000000000e+00,1.954736212162562e-04,4.034763110276850e-04,5.173084506805858e-04,4.331119669675615e-06
4.141638845721601e+00,0.000000000000000e+00,2.001561954521854e-04,4.128813038536720e-04,5.294872518096942e-04,4.431789529925902e-06
4.192630273056851e+00,0.000000000000000e+00,2.049472552169189e-04,4.224939092491483e-04,5.419398437874447e-04,4.534670802329030e-06
4.244249501549699e+00,0.000000000000000e+00,2.098492076222194e-04,4.323183666287533e-04,5.546719681079535e-04,4.639807735560504e-06
4.296504260622792e+00,0.000000000000000e+00,2.148645089145989e-04,4.423589871501673e-04,5.676894695482639e-04,4.747245280438016e-06
4.349402374862632e+00,0.000000000000000e+00,2.199956653003014e-04,4.526201542541759e-04,5.809982972713565e-04,4.857029092589990e-06
4.402951765191218e+00,0.000000000000000e+00,2.252452337760463e-04,4.631063241719123e-04,5.946045059020246e-04,4.969205534639397e-06
4.457160450052112e+00,0.000000000000000e+00,2.306158229651253e-04,4.738220263967333e-04,6.085142565729120e-04,5.083821677870211e-06
4.512036546611128e+00,0.000000000000000e+00,2.361100939584188e-04,4.847718641180697e-04,6.227338179378658e-04,5.200925303342395e-06
4.567588271971776e+00,0.000000000000000e+00,2.417307611598612e-04,4.959605146144438e-04,6.372695671495931e-04,5.320564902419513e-06
4.623823944405695e+00,0.000000000000000e+00,2.474805931358549e-04,5.073927296027225e-04,6.521279907984792e-04,5.442789676671524e-06
4.680751984598219e+00,0.000000000000000e+00,2.533624134680920e-04,5.190733355405155e-04,6.673156858092320e-04,5.567649537113303e-06
4.738380916909285e+00,0.000000000000000e+00,2.593791016092138e-04,5.310554997940955e-04,6.828393602918740e-04,5.695195102737825e-06
4.796719370649865e+00,0.000000000000000e+00,2.655335937406888e-04,5.433301023267024e-04,6.987058343434086e-04,5.825477698300762e-06
4.855776081374112e+00,0.000000000000000e+00,2.718288836322611e-04,5.558690408113230e-04,7.149220407963046e-04,5.958549351311409e-06
4.915559892187413e+00,0.000000000000000e+00,2.782680235022661e-04,5.686774551346813e-04,7.314950259097557e-04,6.094462788182555e-06
4.976079755070551e+00,0.000000000000000e+00,2.848541248780754e-04,5.817605607684370e-04,7.484319499994580e-04,6.233271429489926e-06
5.037344732220165e+00,0.000000000000000e+00,2.915903594558813e-04,5.951236487186784e-04,7.657400880014514e-04,6.375029384289294e-06
5.099363997405724e+00,0.000000000000000e+00,2.984799599589823e-04,6.087720854023869e-04,7.834268299653377e-04,6.519791443437165e-06
5.162146837343184e+00,0.000000000000000e+00,3.055262209936794e-04,6.227113124463739e-04,8.014996814719600e-04,6.667613071858314e-06
5.225702653085592e+00,0.000000000000000e+00,3.127324999018418e-04,6.369468464040003e-04,8.199662639704012e-04,6.818550399700880e-06
5.290040961430781e+00,0.000000000000000e+00,3.201022176091413e-04,6.514842783847420e-04,8.388343150288878e-04,6.972660212317096e-06
5.355171396346407e+00,0.000000000000000e+00,3.276388594678936e-04,6.663292735914573e-04,8.581116884939437e-04,7.129999939004748e-06
5.421103710412537e+00,0.000000000000000e+00,3.353459760933926e-04,6.814875707599606e-04,8.778063545518529e-04,7.290627640441698e-06
5.487847776281999e+00,0.000000000000000e+00,3.432271841925441e-04,6.969819294017868e-04,8.979263996862169e-04,7.454601994742639e-06
5.555413588158686e+00,0.000000000000000e+00,3.512861673835508e-04,7.128383015541940e-04,9.184800265250759e-04,7.621982282063944e-06
5.623811263294097e+00,0.000000000000000e+00,3.595266770053247e-04,7.290262902845653e-04,9.394755535707924e-04,7.792828367679510e-06
5.693051043502275e+00,0.000000000000000e+00,3.679525329152255e-04,7.455519288793964e-04,9.609214148055261e-04,7.967200683446572e-06
5.763143296693426e+00,0.000000000000000e+00,3.765676242736551e-04,7.624213197844794e-04,9.828261591648354e-04,8.145160207577260e-06
5.834098518426378e+00,0.000000000000000e+00,3.853759103139449e-04,7.796406333315528e-04,1.005198449871559e-03,8.326768442627575e-06
5.905927333480195e+00,0.000000000000000e+00,3.943814210959026e-04,7.972161063219185e-04,1.028047063621788e-03,8.512087391611877e-06
5.978640497445113e+00,0.000000000000000e+00,4.035882582412836e-04,8.151540404593029e-04,1.051380889614350e-03,8.701179532146621e-06
6.052248898333080e+00,0.000000000000000e+00,4.130005956493678e-04,8.334608006239117e-04,1.075208928414827e-03,8.894107788523009e-06
6.126763558208122e+00,0.000000000000000e+00,4.226226801907265e-04,8.521428129792597e-04,1.099540290644731e-03,9.090935501603786e-06
6.202195634836765e+00,0.000000000000000e+00,4.324588323771522e-04,8.712065629029739e-04,1.124384195485993e-03,9.291726396434691e-06
6.278556423358800e+00,0.000000000000000e+00,4.425134470056367e-04,8.907282315380709e-04,1.149749968990541e-03,9.496544547456462e-06
6.355857357978606e+00,0.000000000000000e+00,4.527909937741588e-04,9.106838363009043e-04,1.175647042184196e-03,9.705454341198295e-06
6.434110013677297e+00,0.000000000000000e+00,4.632960178669315e-04,9.310423048023553e-04,1.202084948953686e-03,9.918520436328174e-06
6.513326107945961e+00,0.000000000000000e+00,4.740331405066433e-04,9.518103512107395e-04,1.229073323705058e-03,1.013580772093066e-05
6.593517502540208e+00,0.000000000000000e+00,4.850070594710949e-04,9.729947357889160e-04,1.256621898781198e-03,1.035738126687647e-05
6.674696205256357e+00,0.000000000000000e+00,4.962225495715116e-04,9.946022615636774e-04,1.284740501625713e-03,1.058330628114281e-05
6.756874371729463e+00,0.000000000000000e+00,5.076844630896668e-04,1.016639770745660e-03,1.313439051679734e-03,1.081364805393719e-05
6.840064307253510e+00,0.000000000000000e+00,5.193977301708147e-04,1.039114140887366e-03,1.342727556997720e-03,1.104847190347099e-05
6.924278468623969e+00,0.000000000000000e+00,5.313673591692771e-04,1.062032280766316e-03,1.372616110567623e-03,1.128784311722256e-05
7.009529466003093e+00,0.000000000000000e+00,5.435984369433825e-04,1.085383710462346e-03,1.403114886320210e-03,1.153182688952295e-05
7.095830064808135e+00,0.000000000000000e+00,5.560961290962822e-04,1.109127146523073e-03,1.434234134811597e-03,1.178048825528990e-05
7.183193187622844e+00,0.000000000000000e+00,5.688656801590122e-04,1.133334197648139e-03,1.465984178562390e-03,1.203389201972847e-05
7.271631916132481e+00,0.000000000000000e+00,5.819124137119823e-04,1.158011837771527e-03,1.498375407036094e-03,1.229210268380915e-05
7.361159493082654e+00,0.000000000000000e+00,5.952417324408962e-04,1.183167046695811e-03,1.531418271238649e-03,1.255518436532573e-05
7.451789324262278e+00,0.000000000000000e+00,6.088591181229155e-04,1.208806804018900e-03,1.565123277920235e-03,1.282320071532753e-05
7.543534980510951e+00,0.000000000000000e+00,6.227701315386793e-04,1.234938082678058e-03,1.599500983359599e-03,1.309621482971136e-05
7.636410199751033e+00,0.000000000000000e+00,6.369804123055793e-04,1.261567842093021e-03,1.634561986710310e-03,1.337428915574970e-05
7.730428889044772e+00,0.000000000000000e+00,6.514956786274843e-04,1.288703020889307e-03,1.670316922887506e-03,1.365748539332244e-05
7.825605126676708e+00,0.000000000000000e+00,6.663217269558611e-04,1.316279407991275e-03,1.706776454972686e-03,1.394586439060906e-05
7.921953164261762e+00,0.000000000000000e+00,6.814644315570333e-04,1.344350633517437e-03,1.743951266113204e-03,1.423948603398890e-05
8.019487428879261e+00,0.000000000000000e+00,6.969297439800397e-04,1.372946714441268e-03,1.781852050892087e-03,1.453840913188569e-05
8.118222525233223e+00,0.000000000000000e+00,7.127236924193257e-04,1.402074409864954e-03,1.820489506142727e-03,1.484269129228206e-05
8.218173237839288e+00,0.000000000000000e+00,7.288523809662193e-04,1.431740414516244e-03,1.859874321181983e-03,1.515238879361807e-05
8.319354533238496e+00,0.000000000000000e+00,7.453219887428609e-04,1.461951348505393e-03,1.900017167433970e-03,1.546755644877581e-05
8.421781562238394e+00,0.000000000000000e+00,7.621387689119869e-04,1.492713746505234e-03,1.940928687415785e-03,1.578824746184016e-05
8.525469662181690e+00,0.000000000000000e+00,7.793090475556387e-04,1.524106290054721e-03,1.982619483055060e-03,1.611451327731225e-05
8.630434359242880e+00,0.000000000000000e+00,7.968392224155774e-04,1.556812960552356e-03,2.025100103308035e-03,1.644640342143952e-05
8.736691370753094e+00,0.000000000000000e+00,8.147357614878291e-04,1.590100191141852e-03,2.068381031045470e-03,1.678396533531146e-05
8.844256607553614e+00,0.000000000000000e+00,8.330052014634794e-04,1.623974178684646e-03,2.112472669172366e-03,1.712724419935675e-05
8.953146176378347e+00,0.000000000000000e+00,8.516541460074474e-04,1.658440972423230e-03,2.157385325946004e-03,1.747628274886128e-05
9.063376382265631e+00,0.000000000000000e+00,8.706892638666135e-04,1.693506459124626e-03,2.203129199455325e-03,1.783112108011191e-05
9.174963730999755e+00,0.000000000000000e+00,8.901172867982926e-04,1.729176347437765e-03,2.249714361223116e-03,1.819179644675369e-05
9.287924931582499e+00,0.000000000000000e+00,9.099450073096269e-04,1.765385701790792e-03,2.297150738890839e-03,1.855834304593202e-05
9.402276898735140e+00,0.000000000000000e+00,9.301792761980734e-04,1.801412082288253e-03,2.345448097944277e-03,1.893079179377321e-05
9.518036755431249e+00,0.000000000000000e+00,9.508269998827069e-04,1.838048058048968e-03,2.394616022436401e-03,1.930917008973893e-05
9.635221835460660e+00,0.000000000000000e+00,9.718951375156167e-04,1.875298320171125e-03,2.444663894662042e-03,1.969350156937051e-05
9.753849686025045e+00,0.000000000000000e+00,9.933906978621995e-04,1.913167288728772e-03,2.495600873737089e-03,2.008380584492007e-05
9.873938070365389e+00,0.000000000000000e+00,1.015320735938649e-03,1.951659091602722e-03,2.547435873032888e-03,2.048009823334411e-05
9.995504970421855e+00,0.000000000000000e+00,1.037692349394448e-03,1.990777542246819e-03,2.600177536414572e-03,2.088238947111451e-05
1.011856858952639e+01,0.000000000000000e+00,1.060512674627122e-03,2.030809506718199e-03,2.653834213229846e-03,2.129068541527900e-05
1.024314735512846e+01,0.000000000000000e+00,1.083788882615959e-03,2.071646779384879e-03,2.708413931992545e-03,2.170498673018104e-05
1.036925992155439e+01,0.000000000000000e+00,1.107528174460827e-03,2.113125621920325e-03,2.763924372703035e-03,2.212528855922400e-05
1.049692517280064e+01,0.000000000000000e+00,1.131737776611610e-03,2.155248413809871e-03,2.820372837745031e-03,2.255158018104033e-05
1.062616222536145e+01,0.000000000000000e+00,1.156424935773162e-03,2.198017092125176e-03,2.877766221296029e-03,2.298384464940017e-05
1.075699043109137e+01,0.000000000000000e+00,1.181596913470044e-03,2.241433121865614e-03,2.936110977185893e-03,2.342205841616751e-05
1.088942938010298e+01,0.000000000000000e+00,1.207260980254591e-03,2.285406499078366e-03,2.995413085135450e-03,2.386619093658289e-05
1.102349890370025e+01,0.000000000000000e+00,1.233424409541162e-03,2.329977720644215e-03,3.055678015304139e-03,2.431620425612361e-05
1.115921907734816e+01,0.000000000000000e+00,1.260094471048758e-03,2.375195791165620e-03,3.116910691072947e-03,2.477205257816205e-05
1.129661022367869e+01,0.000000000000000e+00,1.287278423833281e-03,2.421059939656404e-03,3.179115449985657e-03,2.523368181161057e-05
1.143569291553397e+01,0.000000000000000e+00,1.314983508890099e-03,2.467557001589131e-03,3.242296002768501e-03,2.570102909770979e-05
1.157648797904683e+01,0.000000000000000e+00,1.343216941306571e-03,2.514627496685381e-03,3.306455390344855e-03,2.617402231508252e-05
1.171901649675927e+01,0.000000000000000e+00,1.371985901943455e-03,2.562098977424676e-03,3.371595938758330e-03,2.665257956214029e-05
1.186329981077938e+01,0.000000000000000e+00,1.401297528623188e-03,2.610026979451427e-03,3.437719211914105e-03,2.713660861589391e-05
1.200935952597704e+01,0.000000000000000e+00,1.431158906802038e-03,2.658366790636508e-03,3.504825277469116e-03,2.762600636617942e-05
1.215721751321905e+01,0.000000000000000e+00,1.461577059702275e-03,2.707038198207746e-03,3.572910255238576e-03,2.812065822427371e-05
1.230689591264409e+01,0.000000000000000e+00,1.492558937879361e-03,2.755997091473616e-03,3.641962997039500e-03,2.862029853325179e-05
1.245841713697787e+01,0.000000000000000e+00,1.524111408198228e-03,2.806164527116694e-03,3.711946951694232e-03,2.911579221241892e-05
1.261180387488930e+01,0.000000000000000e+00,1.556241242191566e-03,2.856694709021019e-03,3.782836648620623e-03,2.960281367074155e-05
1.276707909438777e+01,0.000000000000000e+00,1.588955103771875e-03,2.907323433687976e-03,3.854521996060930e-03,3.008108573741332e-05
1.292426604626248e+01,0.000000000000000e+00,1.622259536267960e-03,2.958028830053351e-03,3.926918959158703e-03,3.055053606533221e-05
1.308338826756390e+01,0.000000000000000e+00,1.656160948755188e-03,3.008726401182766e-03,4.000026025768092e-03,3.101096610305311e-05
1.324446958512821e+01,0.000000000000000e+00,1.690665601647643e-03,3.058642851202824e-03,4.073537454895914e-03,3.146239524258253e-05
1.340753411914514e+01,0.000000000000000e+00,1.725779591518971e-03,3.108402910518410e-03,4.147764072551064e-03,3.190421132891327e-05
1.357260628676968e+01,0.000000000000000e+00,1.761508835117271e-03,3.158016347568146e-03,4.221975550646304e-03,3.233665935538253e-05
1.373971080577831e+01,0.000000000000000e+00,1.797859052538035e-03,3.207411611099709e-03,4.296791471312067e-03,3.275962945514324e-05
1.390887269827022e+01,0.000000000000000e+00,1.834835749517566e-03,3.256877843266639e-03,4.371524456763119e-03,3.317279361091478e-05
1.408011729441402e+01,0.000000000000000e+00,1.872444198807799e-03,3.306729997090165e-03,4.446463498119706e-03,3.357589439318826e-05
1.425347023624081e+01,0.000000000000000e+00,1.910689420591848e-03,3.356220334281009e-03,4.521519115827125e-03,3.396924369991207e-05
1.442895748148365e+01,0.000000000000000e+00,1.949576161897835e-03,3.405352081487734e-03,4.596127388098554e-03,3.435235247147321e-05
1.460660530746455e+01,0.000000000000000e+00,1.989108874966945e-03,3.454038527558821e-03,4.671143169530882e-03,3.472479897834678e-05
1.478644031502918e+01,0.000000000000000e+00,2.029291694529710e-03,3.501398068208675e-03,4.745208185331164e-03,3.508695884513952e-05
1.496848943253002e+01,0.000000000000000e+00,2.070128413942689e-03,3.548216646254934e-03,4.819343314458904e-03,3.543840084521248e-05
1.515277991985868e+01,0.000000000000000e+00,2.111622460135816e-03,3.594445990050806e-03,4.893211475337227e-03,3.577902227931951e-05
1.533933937252768e+01,0.000000000000000e+00,2.153776867318475e-03,3.640074259738401e-03,4.966033116851789e-03,3.610866988748502e-05
1.552819572580266e+01,0.000000000000000e+00,2.196594249390461e-03,3.685205125929396e-03,5.039029976194261e-03,3.642720417596981e-05
1.571937725888535e+01,0.000000000000000e+00,2.240076771001578e-03,3.729680968957794e-03,5.110799341407777e-03,3.673441557213338e-05
1.591291259914802e+01,0.000000000000000e+00,2.284226117201469e-03,3.773446260771422e-03,5.181956155765048e-03,3.703027823638072e-05
1.610883072642025e+01,0.000000000000000e+00,2.329043461618858e-03,3.816442964652798e-03,5.253139949154316e-03,3.731456842597048e-05
1.630716097732820e+01,0.000000000000000e+00,2.374529433106826e-03,3.859164113998034e-03,5.322247239983499e-03,3.758711930803276e-05
1.650793304968758e+01,0.000000000000000e+00,2.420684080788362e-03,3.901168120881593e-03,5.391102446941963e-03,3.784781634550041e-05
1.671117700695052e+01,0.000000000000000e+00,2.467506837433491e-03,3.942305015814030e-03,5.459737620154171e-03,3.809643353912471e-05
1.691692328270721e+01,0.000000000000000e+00,2.514996481096752e-03,3.982593423332590e-03,5.525868315137537e-03,3.833303945735438e-05
1.712520268524305e+01,0.000000000000000e+00,2.563151094940756e-03,4.022680678868049e-03,5.591793396295970e-03,3.855730281091940e-05
1.733604640215191e+01,0.000000000000000e+00,2.611967730623902e-03,4.061805567662442e-03,5.657396514984366e-03,3.876910692375804e-05
1.754948600500599e+01,0.000000000000000e+00,2.661433123443988e-03,4.099936511309890e-03,5.720158107956321e-03,3.896837982054745e-05
1.776555345408348e+01,0.000000000000000e+00,2.711517981769341e-03,4.135893038120159e-03,5.782623616831488e-03,3.915498934873534e-05
1.798428110315414e+01,0.000000000000000e+00,2.762177591980301e-03,4.169386193785896e-03,5.844713736056516e-03,3.932766760133169e-05
1.820570170432401e+01,0.000000000000000e+00,2.813354197598818e-03,4.201779046938482e-03,5.903818940803065e-03,3.948950525346590e-05
1.842984841293969e+01,0.000000000000000e+00,2.864988939587447e-03,4.233079948182647e-03,5.962209875432865e-03,3.963738680235216e-05
1.865675479255289e+01,0.000000000000000e+00,2.917026402181138e-03,4.266359312021736e-03,6.020193281182965e-03,3.977198759664857e-05
1.888645481994636e+01,0.000000000000000e+00,2.969397539208014e-03,4.298442254279253e-03,6.075761482136239e-03,3.989244847811772e-05
1.911898289022139e+01,0.000000000000000e+00,3.022032555345836e-03,4.329403929261574e-03,6.129630430817544e-03,4.000127234421085e-05
1.935437382194826e+01,0.000000000000000e+00,3.074869800351601e-03,4.358316777106947e-03,6.182915157005951e-03,4.009556001687891e-05
1.959266286237985e+01,0.000000000000000e+00,3.127835454426931e-03,4.385596871033990e-03,6.235118432896027e-03,4.017652018795108e-05
1.983388569272952e+01,0.000000000000000e+00,3.180854637847073e-03,4.411676507921584e-03,6.283954439214688e-03,4.024140364542478e-05
2.007807843351407e+01,0.000000000000000e+00,3.233872489959076e-03,4.435828246520390e-03,6.332084915487150e-03,4.029728873768796e-05
2.032527764996231e+01,0.000000000000000e+00,3.286800582015279e-03,4.458162390643720e-03,6.379477251023798e-03,4.033696393457792e-05
2.057552035749039e+01,0.000000000000000e+00,3.339586647162246e-03,4.479281679005293e-03,6.424613983659635e-03,4.036272279416723e-05
2.082884402724441e+01,0.000000000000000e+00,3.392136086607927e-03,4.501013437883755e-03,6.467132021231010e-03,4.037276979196648e-05
2.108528659171128e+01,0.000000000000000e+00,3.444403925437032e-03,4.523805644457562e-03,6.508826589935367e-03,4.037256686354627e-05
2.134488645039885e+01,0.000000000000000e+00,3.496300281100275e-03,4.545588849291465e-03,6.549647676207013e-03,4.035640873544044e-05
2.160768247558559e+01,0.000000000000000e+00,3.547762205053350e-03,4.564393906660765e-03,6.587803958675190e-03,4.033198772896210e-05
2.187371401814154e+01,0.000000000000000e+00,3.598727578393416e-03,4.580217786298198e-03,6.623479142077622e-03,4.030408943037927e-05
2.214302091342054e+01,0.000000000000000e+00,3.649109089476146e-03,4.595028287268024e-03,6.658282105506868e-03,4.027550988682313e-05
2.241564348722511e+01,0.000000000000000e+00,3.698866530990917e-03,4.609624843982582e-03,6.692184659098641e-03,4.024671982265647e-05
2.269162256184494e+01,0.000000000000000e+00,3.747906380384961e-03,4.623675784800284e-03,6.724099067462581e-03,4.021633070707893e-05
2.297099946216943e+01,0.000000000000000e+00,3.796152318367059e-03,4.636901488984612e-03,6.752744175126108e-03,4.018563887360740e-05
2.325381602187581e+01,0.000000000000000e+00,3.843600772403823e-03,4.649727022011332e-03,6.780542335700511e-03,4.015429689687571e-05
2.354011458969316e+01,0.000000000000000e+00,3.890144210930434e-03,4.661810482090658e-03,6.807491015766214e-03,4.012223127963636e-05
2.382993803574370e+01,0.000000000000000e+00,3.935704761972685e-03,4.673468799464836e-03,6.833573185830763e-03,4.008929589641177e-05
2.412332975796218e+01,0.000000000000000e+00,3.980233481195843e-03,4.685609456946722e-03,6.856039858590529e-03,4.005569037551317e-05
2.442033368859415e+01,0.000000000000000e+00,4.023679603081267e-03,4.697063143609986e-03,6.876872253263447e-03,4.002134609156391e-05
2.472099430077448e+01,0.000000000000000e+00,4.065963492830666e-03,4.705728624177455e-03,6.896905721089135e-03,3.998512851018482e-05
2.502535661518665e+01,0.000000000000000e+00,4.107046961912892e-03,4.712522576413141e-03,6.916129488085649e-03,3.995009298226769e-05
2.533346620680404e+01,0.000000000000000e+00,4.146845690466083e-03,4.719655728150121e-03,6.934529340966470e-03,3.991320738585047e-05
2.564536921171445e+01,0.000000000000000e+00,4.185308979427637e-03,4.731974259411203e-03,6.949214960136126e-03,3.987534756356190e-05
2.596111233402840e+01,0.000000000000000e+00,4.222399271042654e-03,4.743786684334401e-03,6.962210498218991e-03,3.983687871640540e-05
2.628074285287249e+01,0.000000000000000e+00,4.258029159103695e-03,4.752441756652965e-03,6.974833969602768e-03,3.979726222692231e-05
2.660430862946913e+01,0.000000000000000e+00,4.292167140670550e-03,4.759495152249601e-03,6.986511066632661e-03,3.975646841740440e-05
2.693185811430302e+01,0.000000000000000e+00,4.324754777092410e-03,4.766352321992284e-03,6.997437914203188e-03,3.971544095519615e-05
2.726344035437626e+01,0.000000000000000e+00,4.355671374697959e-03,4.773242054694271e-03,7.006461023043399e-03,3.967304924095187e-05
2.759910500055257e+01,0.000000000000000e+00,4.385018551187041e-03,4.779600124087944e-03,7.012165553471254e-03,3.962958370167505e-05
2.793890231499185e+01,0.000000000000000e+00,4.412479412968443e-03,4.784463014549308e-03,7.017136701378806e-03,3.958553380291684e-05
2.828288317867661e+01,0.000000000000000e+00,4.438446933278028e-03,4.788887078954678e-03,7.021376078956231e-03,3.954005745940986e-05
2.863109909903061e+01,0.000000000000000e+00,4.462445143358717e-03,4.789531157140121e-03,7.024900283572131e-03,3.949320421697877e-05
2.898360221763176e+01,0.000000000000000e+00,4.484624952100830e-03,4.789078162375323e-03,7.027712219500357e-03,3.944600042595927e-05
2.934044531801966e+01,0.000000000000000e+00,4.504868314060525e-03,4.793419869442712e-03,7.029538637483067e-03,3.939763041675784e-05
2.970168183359928e+01,0.000000000000000e+00,4.523105265684379e-03,4.800011088189221e-03,7.027195371755945e-03,3.934800556034901e-05
3.006736585564223e+01,0.000000000000000e+00,4.539432283833559e-03,4.802555600432671e-03,7.024163124642461e-03,3.929707947915858e-05
3.043755214138613e+01,0.000000000000000e+00,4.553692091801836e-03,4.801766376496840e-03,7.020412658203243e-03,3.924518185099868e-05
3.081229612223412e+01,0.000000000000000e+00,4.565886663065971e-03,4.803526166454390e-03,7.015955890792009e-03,3.919193759581957e-05
3.119165391205499e+01,0.000000000000000e+00,4.575993499271566e-03,4.807982130551486e-03,7.010794821121668e-03,3.913749000082810e-05
3.157568231558560e+01,0.000000000000000e+00,4.584025143222362e-03,4.810176514408630e-03,7.004936866813170e-03,3.908185727945573e-05
3.196443883693692e+01,0.000000000000000e+00,4.590024367536781e-03,4.809951350914253e-03,6.998393610567548e-03,3.902490670826373e-05
3.235798168820446e+01,0.000000000000000e+00,4.594009844119882e-03,4.809903855644205e-03,6.988153742441904e-03,3.896666574689565e-05
3.275636979818509e+01,0.000000000000000e+00,4.595946107175322e-03,4.810036201068583e-03,6.976556653827326e-03,3.890720029450951e-05
3.315966282120093e+01,0.000000000000000e+00,4.595885538160661e-03,4.810643527801071e-03,6.964212357658806e-03,3.884619773553765e-05
3.356792114603176e+01,0.000000000000000e+00,4.593819289021360e-03,4.811458125644187e-03,6.951169073745370e-03,3.878395037847401e-05
3.398120590495795e+01,0.000000000000000e+00,4.589826121443981e-03,4.814041863982480e-03,6.937453038913240e-03,3.872014226612082e-05
3.439957898291399e+01,0.000000000000000e+00,4.583913398662427e-03,4.817121201633571e-03,6.923037533723801e-03,3.865494202925208e-05
3.482310302675533e+01,0.000000000000000e+00,4.576115629584806e-03,4.819077232460285e-03,6.907930849588714e-03,3.858825722541002e-05
3.525184145463906e+01,0.000000000000000e+00,4.566495211345494e-03,4.820104216338631e-03,6.892127706767861e-03,3.852004349751174e-05
3.568585846551988e+01,0.000000000000000e+00,4.555075908713470e-03,4.816414769538042e-03,6.875631499247642e-03,3.845037811063690e-05
3.612521904876350e+01,0.000000000000000e+00,4.541838227618601e-03,4.811639749606726e-03,6.855814613126213e-03,3.837904242827794e-05
3.656998899387784e+01,0.000000000000000e+00,4.526860431862484e-03,4.805205484812557e-03,6.834216378531642e-03,3.830617520924670e-05
3.702023490036447e+01,0.000000000000000e+00,4.510156532586265e-03,4.807922937565683e-03,6.811928908506747e-03,3.823156356621618e-05
3.747602418769115e+01,0.000000000000000e+00,4.491766901038210e-03,4.815528032996410e-03,6.788946835995633e-03,3.815629395754691e-05
3.793742510538700e+01,0.000000000000000e+00,4.471713400386959e-03,4.813857757363569e-03,6.765256819792412e-03,3.807737235365172e-05
3.840450674326239e+01,0.000000000000000e+00,4.450034110179379e-03,4.810366868792980e-03,6.740867799415552e-03,3.799724275877272e-05
3.887733904175411e+01,0.000000000000000e+00,4.426797615706371e-03,4.803850839820848e-03,6.715774714186254e-03,3.791616690878347e-05
3.935599280239848e+01,0.000000000000000e+00,4.402019878972332e-03,4.803640452536529e-03,6.689977471996129e-03,3.783261725648984e-05
3.984053969843297e+01,0.000000000000000e+00,4.375699500487423e-03,4.806300872152139e-03,6.663466764100282e-03,3.774783233890849e-05
4.033105228552839e+01,0.000000000000000e+00,4.347898991700068e-03,4.811925841882050e-03,6.636234378468898e-03,3.766062659377051e-05
4.082760401265353e+01,0.000000000000000e+00,4.318634939819170e-03,4.811688693364148e-03,6.608057606549415e-03,3.757168909218335e-05
4.133026923307330e+01,0.000000000000000e+00,4.287942225750341e-03,4.806791592341373e-03,6.579614974934015e-03,3.748072301700437e-05
4.183912321548213e+01,0.000000000000000e+00,4.255825263485105e-03,4.796494700001797e-03,6.550216810982674e-03,3.738724676354682e-05
4.235424215527498e+01,0.000000000000000e+00,4.222368172041085e-03,4.791702681600156e-03,6.519462679421793e-03,3.729142203762985e-05
4.287570318595642e+01,0.000000000000000e+00,4.187540483304849e-03,4.791158037294507e-03,6.486825249686501e-03,3.719565832126669e-05
4.340358439069084e+01,0.000000000000000e+00,4.151391316484862e-03,4.789934604841088e-03,6.453449575382184e-03,3.709605382382312e-05
4.393796481399447e+01,0.000000000000000e+00,4.113943459275647e-03,4.785754330319344e-03,6.419324262278835e-03,3.699441815148618e-05
4.447892447357125e+01,0.000000000000000e+00,4.075225676250457e-03,4.781759132132708e-03,6.384443719935288e-03,3.689078331022522e-05
4.502654437229499e+01,0.000000000000000e+00,4.035246775130613e-03,4.783228438591766e-03,6.348803551786688e-03,3.678476321213600e-05
4.558090651033825e+01,0.000000000000000e+00,3.994054276043872e-03,4.788298836723401e-03,6.312403038809449e-03,3.667638475560102e-05
4.614209389745137e+01,0.000000000000000e+00,3.951675863563063e-03,4.791026669714087e-03,6.275215362607158e-03,3.656555612773667e-05
4.671019056539210e+01,0.000000000000000e+00,3.908101964101025e-03,4.790141395431309e-03,6.237244491722742e-03,3.645246123100554e-05
4.728528158050833e+01,0.000000000000000e+00,3.863484379452233e-03,4.784230216803602e-03,6.198486929150916e-03,3.633688875599156e-05
4.786745305647617e+01,0.000000000000000e+00,3.817708391251682e-03,4.775736904940415e-03,6.158944428773046e-03,3.621881895065878e-05
4.845679216719419e+01,0.000000000000000e+00,3.770833559251552e-03,4.769001780010422e-03,6.118589353563995e-03,3.609809169313267e-05
4.905338715983708e+01,0.000000000000000e+00,3.722880432602805e-03,4.765819032294922e-03,6.077465841671292e-03,3.597480630149649e-05
4.965732736806957e+01,0.000000000000000e+00,3.673882920525555e-03,4.762463909837636e-03,6.035518282112116e-03,3.584884411501307e-05
5.026870322542307e+01,0.000000000000000e+00,3.623887434747441e-03,4.763270056913911e-03,5.992751679330797e-03,3.572012949951158e-05
5.088760627883742e+01,0.000000000000000e+00,3.572944486782605e-03,4.757251299583619e-03,5.949155793025045e-03,3.558871877689011e-05
5.151412920236868e+01,0.000000000000000e+00,3.521073749002433e-03,4.747885172295870e-03,5.904733137156009e-03,3.545444958097209e-05
5.214836581106641e+01,0.000000000000000e+00,3.468289738114600e-03,4.741565345592968e-03,5.859483681339354e-03,3.531730952930987e-05
5.279041107502131e+01,0.000000000000000e+00,3.414610696084045e-03,4.744846154126468e-03,5.813393861264191e-03,3.517725757782233e-05
5.344036113358585e+01,0.000000000000000e+00,3.360084492611641e-03,4.749845625252761e-03,5.766457913458294e-03,3.503419326224744e-05
5.409831330977033e+01,0.000000000000000e+00,3.304777099288072e-03,4.733091103792520e-03,5.718663851168724e-03,3.488811675731717e-05
5.476436612481589e+01,0.000000000000000e+00,3.248673326145357e-03,4.725112424222347e-03,5.670004889770089e-03,3.473893344604538e-05
5.543861931294679e+01,0.000000000000000e+00,3.191847667448974e-03,4.736029145217062e-03,5.620472229169787e-03,3.458661260810623e-05
5.612117383630489e+01,0.000000000000000e+00,3.134305704638050e-03,4.736587504210686e-03,5.570073559249311e-03,3.443113562009566e-05
5.681213190006726e+01,0.000000000000000e+00,3.076087849840530e-03,4.725840506371198e-03,5.518822342764328e-03,3.427226753707688e-05
5.751159696775067e+01,0.000000000000000e+00,3.017231642433341e-03,4.724783007183608e-03,5.466671951294553e-03,3.411012742485137e-05
5.821967377670394e+01,0.000000000000000e+00,2.957783213063858e-03,4.712855855961442e-03,5.413645659534286e-03,3.394453722695161e-05
5.893646835379109e+01,0.000000000000000e+00,2.897826792279739e-03,4.716659140667812e-03,5.359730122145795e-03,3.377561086509194e-05
5.966208803126805e+01,0.000000000000000e+00,2.837334695837085e-03,4.711425490618990e-03,5.304910654677339e-03,3.360127959068461e-05
6.039664146285435e+01,0.000000000000000e+00,2.776328981486290e-03,4.703676649101329e-03,5.249181790575345e-03,3.342708218959674e-05
6.114023864000263e+01,0.000000000000000e+00,2.714885052777552e-03,4.704111627831362e-03,5.192585261930911e-03,3.324737425047680e-05
6.189299090836914e+01,0.000000000000000e+00,2.653017850137415e-03,4.697145083267839e-03,5.135087893486786e-03,3.306421004873009e-05
6.265501098448600e+01,0.000000000000000e+00,2.590768873899829e-03,4.698022186552147e-03,5.076691995057302e-03,3.287674507983796e-05
6.342641297263980e+01,0.000000000000000e+00,2.528219349685546e-03,4.663898414228919e-03,5.017367437113307e-03,3.268593964586370e-05
6.420731238195724e+01,0.000000000000000e+00,2.465382133355804e-03,4.674705006196628e-03,4.957193512959745e-03,3.249111189512739e-05
6.499782614370119e+01,0.000000000000000e+00,2.402222860569748e-03,4.690480693079820e-03,4.896071854496351e-03,3.229230622027332e-05
6.579807262878033e+01,0.000000000000000e+00,2.339023731724821e-03,4.658261834050527e-03,4.834057067622298e-03,3.208939874324598e-05
6.660817166547346e+01,0.000000000000000e+00,2.275641198903532e-03,4.667601726910929e-03,4.772057866060187e-03,3.188260920722196e-05
6.742824455737286e+01,0.000000000000000e+00,2.212134445117738e-03,4.646528164393050e-03,4.710005723155082e-03,3.167160515785706e-05
6.825841410154807e+01,0.000000000000000e+00,2.148577157056023e-03,4.650428671771147e-03,4.647047707899677e-03,3.145632586889740e-05
6.909880460693314e+01,0.000000000000000e+00,2.085019954977973e-03,4.626880868692918e-03,4.583198082536581e-03,3.123677428491608e-05
6.994954191294116e+01,0.000000000000000e+00,2.021519247531165e-03,4.629161295495962e-03,4.518449914619127e-03,3.101292898019203e-05
7.081075340830665e+01,0.000000000000000e+00,1.958117204645872e-03,4.635828897901643e-03,4.452828815446154e-03,3.078468230668312e-05
7.168256805016127e+01,0.000000000000000e+00,1.894903243376086e-03,4.635089932942746e-03,4.386321042854536e-03,3.055194536712539e-05
7.256511638334344e+01,0.000000000000000e+00,1.831909247939945e-03,4.609839220202160e-03,4.318935789327739e-03,3.031466196404886e-05
7.345853055994591e+01,0.000000000000000e+00,1.769198208924678e-03,4.615572597324519e-03,4.250668509457426e-03,3.007312710107446e-05
7.436294435910453e+01,0.000000000000000e+00,1.706842422462606e-03,4.609206636403050e-03,4.181556989933605e-03,2.982614480172212e-05
7.527849320702968e+01,0.000000000000000e+00,1.644852922633953e-03,4.609348475852720e-03,4.111597050391607e-03,2.957481559846029e-05
7.620531419728542e+01,0.000000000000000e+00,1.583440108766670e-03,4.601690004954645e-03,4.040791925373755e-03,2.931865965001312e-05
7.714354611131751e+01,0.000000000000000e+00,1.522529323062094e-03,4.558454042545862e-03,3.969151623748797e-03,2.905759873388784e-05
7.809332943923425e+01,0.000000000000000e+00,1.462246321997076e-03,4.573850286931297e-03,3.897314809423634e-03,2.879164071550351e-05
7.905480640084386e+01,0.000000000000000e+00,1.402639806090177e-03,4.587185394455803e-03,3.827783932850360e-03,2.852066899660103e-05
8.002812096694976e+01,0.000000000000000e+00,1.343794619049687e-03,4.560379761325768e-03,3.757455653129628e-03,2.824460248324424e-05
8.101341888090917e+01,0.000000000000000e+00,1.285749741044923e-03,4.580549298716643e-03,3.686343469789762e-03,2.796330863639778e-05
8.201084768045642e+01,0.000000000000000e+00,1.228579904669344e-03,4.559324940685370e-03,3.614483558214722e-03,2.767691258932545e-05
8.302055671979483e+01,0.000000000000000e+00,1.172372263700264e-03,4.547825083872565e-03,3.541894884872793e-03,2.738533905619576e-05
8.404269719196149e+01,0.000000000000000e+00,1.117191725067000e-03,4.525210130900536e-03,3.468557565476426e-03,2.708832642218044e-05
8.507742215146618e+01,0.000000000000000e+00,1.063112047852882e-03,4.515218346952640e-03,3.394522213903027e-03,2.678590040549334e-05
8.612488653721006e+01,0.000000000000000e+00,1.010236374885261e-03,4.515797843838246e-03,3.319798730621128e-03,2.647808598096057e-05
8.718524719568606e+01,0.000000000000000e+00,9.585724042559343e-04,4.503456467166709e-03,3.244732247831652e-03,2.616473037658587e-05
8.825866290446450e+01,0.000000000000000e+00,9.081832782701131e-04,4.509280768157457e-03,3.172425078312557e-03,2.584581723377564e-05
8.934529439596896e+01,0.000000000000000e+00,8.591263954864874e-04,4.505156280544874e-03,3.099505691830492e-03,2.552127587449960e-05
9.044530438154392e+01,0.000000000000000e+00,8.114640243015098e-04,4.495768968452805e-03,3.025988437380355e-03,2.519103986789270e-05
9.155885757581875e+01,0.000000000000000e+00,7.652634671527286e-04,4.487338783191536e-03,2.951890771375035e-03,2.485510472159496e-05
9.268612072137260e+01,0.000000000000000e+00,7.205480873912827e-04,4.471811305836550e-03,2.877239464864636e-03,2.451339328574375e-05
9.382726261370161e+01,0.000000000000000e+00,6.773245527920147e-04,4.455534507800977e-03,2.802120658727279e-03,2.416563843662891e-05
9.498245412649473e+01,0.000000000000000e+00,6.355988967237144e-04,4.433615673877737e-03,2.726488022030950e-03,2.381239839379032e-05
9.615186823722011e+01,0.000000000000000e+00,5.953882269515912e-04,4.401603057354562e-03,2.653372881814563e-03,2.345299231183598e-05
9.733568005302619e+01,0.000000000000000e+00,5.566783610934767e-04,4.425025529544270e-03,2.580571284346589e-03,2.308778846738997e-05
9.853406683696284e+01,0.000000000000000e+00,5.194550829554617e-04,4.434011661597220e-03,2.507365193866226e-03,2.271651677413415e-05
9.974720803452377e+01,0.000000000000000e+00,4.837151523684316e-04,4.383407330263914e-03,2.433802567653531e-03,2.233909833025015e-05
1.009752853005173e+02,0.000000000000000e+00,4.494591273212944e-04,4.413827803496604e-03,2.359891436983691e-03,2.195582240152118e-05
1.022184825262669e+02,0.000000000000000e+00,4.166808731247753e-04,4.389025092373514e-03,2.285698725608910e-03,2.156635839521653e-05
1.034769858671466e+02,0.000000000000000e+00,3.853491822933096e-04,4.385296673004572e-03,2.213349830614462e-03,2.117081281888468e-05
1.047509837704563e+02,0.000000000000000e+00,3.554786344126956e-04,4.344815497498140e-03,2.142402976564263e-03,2.076909931799105e-05
1.060406670036395e+02,0.000000000000000e+00,3.270264477551079e-04,4.394654524781858e-03,2.071275399698987e-03,2.036128658370651e-05
1.073462286828485e+02,0.000000000000000e+00,2.999931376379883e-04,4.328096995508158e-03,1.999998178005449e-03,1.994730471685508e-05
1.086678643018618e+02,0.000000000000000e+00,2.743608037758150e-04,4.326164725319525e-03,1.928623544811764e-03,1.952715378650388e-05
1.100057717613568e+02,0.000000000000000e+00,2.501183147971628e-04,4.300682706053338e-03,1.857389790758361e-03,1.910086656699897e-05
1.113601513985437e+02,0.000000000000000e+00,2.272308489635992e-04,4.303296451957223e-03,1.789616904077480e-03,1.866838499994524e-05
1.127312060171634e+02,0.000000000000000e+00,2.056825911698599e-04,4.298893186853686e-03,1.721869747823918e-03,1.822986941006076e-05
1.141191409178555e+02,0.000000000000000e+00,1.854493615430149e-04,4.271423303445526e-03,1.654192419084569e-03,1.778518584639015e-05
1.155241639288999e+02,0.000000000000000e+00,1.664999568293155e-04,4.263319447382431e-03,1.586639807878628e-03,1.733440403051262e-05
1.169464854373364e+02,0.000000000000000e+00,1.488250845097917e-04,4.253802164127149e-03,1.519583144507660e-03,1.687756873266164e-05
1.183863184204686e+02,0.000000000000000e+00,1.323795816288416e-04,4.273024528472054e-03,1.456012391088349e-03,1.641468260760468e-05
1.198438784777539e+02,0.000000000000000e+00,1.171288399731378e-04,4.232109993370832e-03,1.392707550668765e-03,1.594591102302113e-05
1.213193838630884e+02,0.000000000000000e+00,1.030515987655058e-04,4.188814462507350e-03,1.329726347090676e-03,1.547120353496687e-05
1.228130555174874e+02,0.000000000000000e+00,9.010408476910209e-05,4.177365840327333e-03,1.267094938875059e-03,1.499062634424069e-05
1.243251171021689e+02,0.000000000000000e+00,7.825743966824210e-05,4.151612984045371e-03,1.206800137769886e-03,1.450429545813238e-05
1.258557950320446e+02,0.000000000000000e+00,6.746452294237174e-05,4.172661091545593e-03,1.148555258541578e-03,1.401229231577887e-05
1.274053185096231e+02,0.000000000000000e+00,5.769413163846315e-05,4.105863658960440e-03,1.090823652947651e-03,1.351471486302561e-05
1.289739195593304e+02,0.000000000000000e+00,4.889329562883658e-05,4.073456996032012e-03,1.033630826180922e-03,1.301153064082702e-05
1.305618330622536e+02,0.000000000000000e+00,4.102978505747389e-05,4.113064027548205e-03,9.781716550233454e-04,1.250341305303198e-05
1.321692967913106e+02,0.000000000000000e+00,3.404372061539876e-05,4.087970380648848e-03,9.255860126863251e-04,1.199856699676672e-05
1.337965514468554e+02,0.000000000000000e+00,2.790439542863752e-05,4.048302773865344e-03,8.736526314583091e-04,1.150203549977243e-05
1.354438406927192e+02,0.000000000000000e+00,2.254087461969829e-05,4.012244379821089e-03,8.223861624927205e-04,1.101395818445337e-05
1.371114111926977e+02,0.000000000000000e+00,1.791391857214459e-05,3.983564263731944e-03,7.731553839434840e-04,1.053447565070053e-05
1.387995126474850e+02,0.000000000000000e+00,1.398424434110277e-05,3.997212071351701e-03,7.265629803110586e-04,1.006372940729634e-05
1.405083978320644e+02,0.000000000000000e+00,1.067524221297018e-05,3.937993842603430e-03,6.806623712027953e-04,9.601861798149406e-06
1.422383226335587e+02,0.000000000000000e+00,7.951758020496416e-06,3.901594809352895e-03,6.354567303243229e-04,9.149015923101277e-06
1.439895460895465e+02,0.000000000000000e+00,5.737155919414754e-06,3.881673949348523e-03,5.932491820699375e-04,8.705335553037117e-06
1.457623304268494e+02,0.000000000000000e+00,3.986711469180507e-06,3.864193712866903e-03,5.526201776835514e-04,8.270965039018554e-06
1.475569411007993e+02,0.000000000000000e+00,2.653759376618804e-06,3.821614088914851e-03,5.126973904240093e-04,7.846049215146038e-06
1.493736468349861e+02,0.000000000000000e+00,1.659995983521461e-06,3.758102453546535e-03,4.742307025710374e-04,7.430733294845393e-06
1.512127196614967e+02,0.000000000000000e+00,9.589773739216549e-07,3.749797688938503e-03,4.387550094357077e-04,7.025162760259189e-06
1.530744349616491e+02,0.000000000000000e+00,5.058624851514632e-07,3.719017355124047e-03,4.039946392358099e-04,6.629483244410673e-06
1.549590715072268e+02,0.000000000000000e+00,2.260054956968742e-07,3.633812375426100e-03,3.699447898116414e-04,6.243840405793563e-06
1.568669115022234e+02,0.000000000000000e+00,7.928098599307156e-08,3.591307119221017e-03,3.393178764784872e-04,5.868379795025293e-06
1.587982406250979e+02,0.000000000000000e+00,1.601480670712754e-08,3.566765206337673e-03,3.095458324125673e-04,5.503246713187713e-06
1.607533480715536e+02,0.000000000000000e+00,3.474954240606813e-09,3.495016490257968e-03,2.804784981231738e-04,5.148586061460398e-06
1.627325265978408e+02,0.000000000000000e+00,0.000000000000000e+00,3.461636499612561e-03,2.542802765042079e-04,4.804542181637997e-06
1.647360725645944e+02,0.000000000000000e+00,0.000000000000000e+00,3.394838301112024e-03,2.292814793159038e-04,4.471258687103329e-06
1.667642859812109e+02,0.000000000000000e+00,0.000000000000000e+00,3.333328241422381e-03,2.049676986493079e-04,4.148878283810817e-06
1.688174705507708e+02,0.000000000000000e+00,0.000000000000000e+00,3.241308770093187e-03,1.833489025760300e-04,3.837542580815781e-06
1.708959337155160e+02,0.000000000000000e+00,0.000000000000000e+00,3.192454553151764e-03,1.628499721596280e-04,3.537391889865606e-06
1.729999867028853e+02,0.000000000000000e+00,0.000000000000000e+00,3.110058535329593e-03,1.430036721061411e-04,3.248565013548347e-06
1.751299445721167e+02,0.000000000000000e+00,0.000000000000000e+00,3.029768185027564e-03,1.259498471209428e-04,2.971199021472961e-06
1.772861262614258e+02,0.000000000000000e+00,0.000000000000000e+00,2.940290301826169e-03,1.096269136126866e-04,2.705429013933217e-06
1.794688546357614e+02,0.000000000000000e+00,0.000000000000000e+00,2.836645727462252e-03,9.432146310939314e-05,2.451387872484898e-06
1.816784565351529e+02,0.000000000000000e+00,0.000000000000000e+00,2.745722758890249e-03,8.123626184978760e-05,2.209205996841472e-06
1.839152628236498e+02,0.000000000000000e+00,0.000000000000000e+00,2.637089478302111e-03,6.872540754256816e-05,1.979011027468558e-06
1.861796084388652e+02,0.000000000000000e+00,0.000000000000000e+00,2.532688869499094e-03,5.775732037073976e-05,1.760927553232295e-06
1.884718324421299e+02,0.000000000000000e+00,0.000000000000000e+00,2.406581180234474e-03,4.810041932685840e-05,1.555076803428909e-06
1.907922780692617e+02,0.000000000000000e+00,0.000000000000000e+00,2.289770280220669e-03,3.896591434621935e-05,1.361576323495769e-06
1.931412927819631e+02,0.000000000000000e+00,0.000000000000000e+00,2.145838253458627e-03,3.181959621571829e-05,1.180539633674461e-06
1.955192283198486e+02,0.000000000000000e+00,0.000000000000000e+00,2.001069622456689e-03,2.512808554480842e-05,1.012075869866700e-06
1.979264407531139e+02,0.000000000000000e+00,0.000000000000000e+00,1.863211576039940e-03,1.955220003012023e-05,8.562894058920179e-07
2.003632905358547e+02,0.000000000000000e+00,0.000000000000000e+00,1.715759488239497e-03,1.494364799578080e-05,7.132794563238778e-07
2.028301425600395e+02,0.000000000000000e+00,0.000000000000000e+00,1.542649712392378e-03,1.086613196942106e-05,5.831396590468237e-07
2.053273662101491e+02,0.000000000000000e+00,0.000000000000000e+00,1.386832046653836e-03,7.949856107777109e-06,4.659576366416440e-07
2.078553354184878e+02,0.000000000000000e+00,0.000000000000000e+00,1.205606491253064e-03,5.334894445725518e-06,3.618145356693429e-07
2.104144287211751e+02,0.000000000000000e+00,0.000000000000000e+00,1.034680264171392e-03,3.594975132379876e-06,2.707845428861563e-07
2.130050293148286e+02,0.000000000000000e+00,0.000000000000000e+00,8.544113005801546e-04,2.186544161107335e-06,1.929343773821440e-07
2.156275251139419e+02,0.000000000000000e+00,0.000000000000000e+00,6.741913782105760e-04,1.256104926127440e-06,1.283227575950462e-07
2.182823088089726e+02,0.000000000000000e+00,0.000000000000000e+00,5.057236550995670e-04,6.568621447669269e-07,7.699984210762358e-08
2.209697779251420e+02,0.000000000000000e+00,0.000000000000000e+00,3.394023242732559e-04,2.828128401731319e-07,3.900664309268317e-08
2.236903348819601e+02,0.000000000000000e+00,0.000000000000000e+00,1.948153146377780e-04,1.176541971551018e-07,1.437441122327251e-08
2.264443870534849e+02,0.000000000000000e+00,0.000000000000000e+00,7.346635587487252e-05,3.837561743287991e-08,3.123990817476665e-09
2.292323468293213e+02,0.000000000000000e+00,0.000000000000000e+00,2.208267613980064e-06,7.964924808020012e-09,0.000000000000000e+00
